官方查询键碰撞ID,来源湖北官方系统逐专业核验包,来源期号,来源PDF_SHA256,数据阶段,主表粒度,最终可用,可进入下一阶段,碰撞键,碰撞键内行数,碰撞键内专业组出现ID数,碰撞键内页码数,专业行ID,专业组出现ID,院校代码,院校名称OCR,院校专业组代码OCR规范化,平台查询院校代码,平台查询专业组代码,平台查询专业代号,来源页码,专业组内专业序号,专业代号OCR,专业名称及备注OCR短摘,OCR再选科目,OCR专业计划数,OCR学费,平台匹配状态,平台字段核验状态,官方系统证据编号,字段差异集合,消歧要求,不得进入原因,下一步
OFFICIALKEYCOLLISION-ad34fe8553a6a2c1,data/working/issue19-hubei-official-plan-major-crosscheck-packets.csv,湖北招生考试2026年19期·本科普通批（下）,ee61fc69389f24a9a7830167113cf0ddc0447f8fa4b2743cd3241be60a9bd86d,issue19_hubei_official_query_key_collision_ledger,逐专业招生明细×官方查询键碰撞,false,false,A073|A07303|19,2,1,1,M-6a6a5295cd392395,G-c710ed5c0bd78ef2,A073,东北大学,A07303,A073,A07303,19,22,13,19,期資高院校专业组及专业代号,,,,pending_hubei_official_platform_query,pending_hubei_official_plan_review,,,官方系统回填必须同时使用专业行ID、专业组出现ID、来源页码、专业组内专业序号和官方返回行证据；不得只按院校代码+专业组代码+专业代号合并。,官方查询键不唯一，未消歧前不得写入最终事实或志愿排序。,回看PDF原页位置，并在湖北官方系统或省招办计划中逐行截图/导出证据后按专业行ID回填。
OFFICIALKEYCOLLISION-3957daa45f559017,data/working/issue19-hubei-official-plan-major-crosscheck-packets.csv,湖北招生考试2026年19期·本科普通批（下）,ee61fc69389f24a9a7830167113cf0ddc0447f8fa4b2743cd3241be60a9bd86d,issue19_hubei_official_query_key_collision_ledger,逐专业招生明细×官方查询键碰撞,false,false,A073|A07303|19,2,1,1,M-77c78664c40e644e,G-c710ed5c0bd78ef2,A073,东北大学,A07303,A073,A07303,19,22,14,19,物联网工程（入学后部分课程采用英文教材和英语授课，外语语种为非英语的考生请慎重报考）,要求,,6240,pending_hubei_official_platform_query,pending_hubei_official_plan_review,,,官方系统回填必须同时使用专业行ID、专业组出现ID、来源页码、专业组内专业序号和官方返回行证据；不得只按院校代码+专业组代码+专业代号合并。,官方查询键不唯一，未消歧前不得写入最终事实或志愿排序。,回看PDF原页位置，并在湖北官方系统或省招办计划中逐行截图/导出证据后按专业行ID回填。
OFFICIALKEYCOLLISION-22f993f342f13e0e,data/working/issue19-hubei-official-plan-major-crosscheck-packets.csv,湖北招生考试2026年19期·本科普通批（下）,ee61fc69389f24a9a7830167113cf0ddc0447f8fa4b2743cd3241be60a9bd86d,issue19_hubei_official_query_key_collision_ledger,逐专业招生明细×官方查询键碰撞,false,false,A109|A10903|06,2,1,1,M-285742a7c861e62a,G-e18d81ab852f3014,A109,东南大学,A10903,A109,A10903,06,29,3,06,工科试验班（智慧能源与电气工程；电气工程及其自动化：电动载运工程；新能源科学与工程：能源与动力工程）,,15,6380,pending_hubei_official_platform_query,pending_hubei_official_plan_review,,,官方系统回填必须同时使用专业行ID、专业组出现ID、来源页码、专业组内专业序号和官方返回行证据；不得只按院校代码+专业组代码+专业代号合并。,官方查询键不唯一，未消歧前不得写入最终事实或志愿排序。,回看PDF原页位置，并在湖北官方系统或省招办计划中逐行截图/导出证据后按专业行ID回填。
OFFICIALKEYCOLLISION-4dea5c0713d91821,data/working/issue19-hubei-official-plan-major-crosscheck-packets.csv,湖北招生考试2026年19期·本科普通批（下）,ee61fc69389f24a9a7830167113cf0ddc0447f8fa4b2743cd3241be60a9bd86d,issue19_hubei_official_query_key_collision_ledger,逐专业招生明细×官方查询键碰撞,false,false,A109|A10903|06,2,1,1,M-1c230477538de5df,G-e18d81ab852f3014,A109,东南大学,A10903,A109,A10903,06,29,9,06,航空航天类（长空创新班）（包含专业：𢜒保障工程、飞行器动办工程、器制造工程、航空航天工程；办学地点：将军路校区）◎A院校专业组及专业代号,,2,6380,pending_hubei_official_platform_query,pending_hubei_official_plan_review,,,官方系统回填必须同时使用专业行ID、专业组出现ID、来源页码、专业组内专业序号和官方返回行证据；不得只按院校代码+专业组代码+专业代号合并。,官方查询键不唯一，未消歧前不得写入最终事实或志愿排序。,回看PDF原页位置，并在湖北官方系统或省招办计划中逐行截图/导出证据后按专业行ID回填。
OFFICIALKEYCOLLISION-20ed8e9971dba0fe,data/working/issue19-hubei-official-plan-major-crosscheck-packets.csv,湖北招生考试2026年19期·本科普通批（下）,ee61fc69389f24a9a7830167113cf0ddc0447f8fa4b2743cd3241be60a9bd86d,issue19_hubei_official_query_key_collision_ledger,逐专业招生明细×官方查询键碰撞,false,false,A109|A10903|07,2,1,2,M-6b9ad306855ef99c,G-e18d81ab852f3014,A109,东南大学,A10903,A109,A10903,07,29,4,07,电子億息类（信息工程；电子科学与技,,15,6380,pending_hubei_official_platform_query,pending_hubei_official_plan_review,,,官方系统回填必须同时使用专业行ID、专业组出现ID、来源页码、专业组内专业序号和官方返回行证据；不得只按院校代码+专业组代码+专业代号合并。,官方查询键不唯一，未消歧前不得写入最终事实或志愿排序。,回看PDF原页位置，并在湖北官方系统或省招办计划中逐行截图/导出证据后按专业行ID回填。
OFFICIALKEYCOLLISION-c824a416fed673c2,data/working/issue19-hubei-official-plan-major-crosscheck-packets.csv,湖北招生考试2026年19期·本科普通批（下）,ee61fc69389f24a9a7830167113cf0ddc0447f8fa4b2743cd3241be60a9bd86d,issue19_hubei_official_query_key_collision_ledger,逐专业招生明细×官方查询键碰撞,false,false,A109|A10903|07,2,1,2,M-71021c6e4945c552,G-e18d81ab852f3014,A109,东南大学,A10903,A109,A10903,07,30,10,07,工程力学（钱伟长拔尖创新班）（办学地点：将军路校区）,,2,6380,pending_hubei_official_platform_query,pending_hubei_official_plan_review,,,官方系统回填必须同时使用专业行ID、专业组出现ID、来源页码、专业组内专业序号和官方返回行证据；不得只按院校代码+专业组代码+专业代号合并。,官方查询键不唯一，未消歧前不得写入最终事实或志愿排序。,回看PDF原页位置，并在湖北官方系统或省招办计划中逐行截图/导出证据后按专业行ID回填。
OFFICIALKEYCOLLISION-218d529e2d6916b4,data/working/issue19-hubei-official-plan-major-crosscheck-packets.csv,湖北招生考试2026年19期·本科普通批（下）,ee61fc69389f24a9a7830167113cf0ddc0447f8fa4b2743cd3241be60a9bd86d,issue19_hubei_official_query_key_collision_ledger,逐专业招生明细×官方查询键碰撞,false,false,A109|A10903|08,2,1,2,M-c8f6bce0e943ceb4,G-e18d81ab852f3014,A109,东南大学,A10903,A109,A10903,08,29,5,08,计算机类（计算机科学与技术；人工智能：软件工程；网络空间安全）,,13,6380,pending_hubei_official_platform_query,pending_hubei_official_plan_review,,,官方系统回填必须同时使用专业行ID、专业组出现ID、来源页码、专业组内专业序号和官方返回行证据；不得只按院校代码+专业组代码+专业代号合并。,官方查询键不唯一，未消歧前不得写入最终事实或志愿排序。,回看PDF原页位置，并在湖北官方系统或省招办计划中逐行截图/导出证据后按专业行ID回填。
OFFICIALKEYCOLLISION-4b30ca9d2736e4e8,data/working/issue19-hubei-official-plan-major-crosscheck-packets.csv,湖北招生考试2026年19期·本科普通批（下）,ee61fc69389f24a9a7830167113cf0ddc0447f8fa4b2743cd3241be60a9bd86d,issue19_hubei_official_query_key_collision_ledger,逐专业招生明细×官方查询键碰撞,false,false,A109|A10903|08,2,1,2,M-5f6290ed3ec7ec4d,G-e18d81ab852f3014,A109,东南大学,A10903,A109,A10903,08,30,11,08,机器人王程（拔尖创新班）（办学地点：将军路校区）,,2,5800,pending_hubei_official_platform_query,pending_hubei_official_plan_review,,,官方系统回填必须同时使用专业行ID、专业组出现ID、来源页码、专业组内专业序号和官方返回行证据；不得只按院校代码+专业组代码+专业代号合并。,官方查询键不唯一，未消歧前不得写入最终事实或志愿排序。,回看PDF原页位置，并在湖北官方系统或省招办计划中逐行截图/导出证据后按专业行ID回填。
OFFICIALKEYCOLLISION-b10721f890714153,data/working/issue19-hubei-official-plan-major-crosscheck-packets.csv,湖北招生考试2026年19期·本科普通批（下）,ee61fc69389f24a9a7830167113cf0ddc0447f8fa4b2743cd3241be60a9bd86d,issue19_hubei_official_query_key_collision_ledger,逐专业招生明细×官方查询键碰撞,false,false,A141|A14115|14,2,1,2,M-cc862aeef9ef262d,G-844baa52dabe95f7,A141,武汉大学,A14115,A141,A14115,14,39,5,14,光电信息科学与工程（光电融合芯片启明实验班）,,84,5850|,pending_hubei_official_platform_query,pending_hubei_official_plan_review,,,官方系统回填必须同时使用专业行ID、专业组出现ID、来源页码、专业组内专业序号和官方返回行证据；不得只按院校代码+专业组代码+专业代号合并。,官方查询键不唯一，未消歧前不得写入最终事实或志愿排序。,回看PDF原页位置，并在湖北官方系统或省招办计划中逐行截图/导出证据后按专业行ID回填。
OFFICIALKEYCOLLISION-7e49ee9c47666892,data/working/issue19-hubei-official-plan-major-crosscheck-packets.csv,湖北招生考试2026年19期·本科普通批（下）,ee61fc69389f24a9a7830167113cf0ddc0447f8fa4b2743cd3241be60a9bd86d,issue19_hubei_official_query_key_collision_ledger,逐专业招生明细×官方查询键碰撞,false,false,A141|A14115|14,2,1,2,M-f24599c0de17eeb6,G-844baa52dabe95f7,A141,武汉大学,A14115,A141,A14115,14,40,34,14,软件工程（AI 大模型试验班：面向人工智能大模型原理与应用前沿，校企,,30,5850,pending_hubei_official_platform_query,pending_hubei_official_plan_review,,,官方系统回填必须同时使用专业行ID、专业组出现ID、来源页码、专业组内专业序号和官方返回行证据；不得只按院校代码+专业组代码+专业代号合并。,官方查询键不唯一，未消歧前不得写入最终事实或志愿排序。,回看PDF原页位置，并在湖北官方系统或省招办计划中逐行截图/导出证据后按专业行ID回填。
OFFICIALKEYCOLLISION-813b3c6a366f8281,data/working/issue19-hubei-official-plan-major-crosscheck-packets.csv,湖北招生考试2026年19期·本科普通批（下）,ee61fc69389f24a9a7830167113cf0ddc0447f8fa4b2743cd3241be60a9bd86d,issue19_hubei_official_query_key_collision_ledger,逐专业招生明细×官方查询键碰撞,false,false,A169|A16907|1,2,1,1,M-7733fe508aa880d6,G-1045c0ec4b1fad21,A169,重庆大学,A16907,A169,A16907,1,48,2,1,年），国内学习阶段学费标准为75000元/年_国外学习阶段按美国辛辛那提大学标准缴纳学费：办学地点：科学城校区虎溪校园；学制：五年）,,,,pending_hubei_official_platform_query,pending_hubei_official_plan_review,,,官方系统回填必须同时使用专业行ID、专业组出现ID、来源页码、专业组内专业序号和官方返回行证据；不得只按院校代码+专业组代码+专业代号合并。,官方查询键不唯一，未消歧前不得写入最终事实或志愿排序。,回看PDF原页位置，并在湖北官方系统或省招办计划中逐行截图/导出证据后按专业行ID回填。
OFFICIALKEYCOLLISION-11831c2048df5a5a,data/working/issue19-hubei-official-plan-major-crosscheck-packets.csv,湖北招生考试2026年19期·本科普通批（下）,ee61fc69389f24a9a7830167113cf0ddc0447f8fa4b2743cd3241be60a9bd86d,issue19_hubei_official_query_key_collision_ledger,逐专业招生明细×官方查询键碰撞,false,false,A169|A16907|1,2,1,1,M-686f28f61698e784,G-1045c0ec4b1fad21,A169,重庆大学,A16907,A169,A16907,1,48,4,1,年），国内学习助段学费标準为75000元/年，国外学习阶段按美国辛辛那提大学标准缴纳学费：办学地点：科学城校区虎溪校园；学制：五年）,,,,pending_hubei_official_platform_query,pending_hubei_official_plan_review,,,官方系统回填必须同时使用专业行ID、专业组出现ID、来源页码、专业组内专业序号和官方返回行证据；不得只按院校代码+专业组代码+专业代号合并。,官方查询键不唯一，未消歧前不得写入最终事实或志愿排序。,回看PDF原页位置，并在湖北官方系统或省招办计划中逐行截图/导出证据后按专业行ID回填。
OFFICIALKEYCOLLISION-0462573ad64dd29d,data/working/issue19-hubei-official-plan-major-crosscheck-packets.csv,湖北招生考试2026年19期·本科普通批（下）,ee61fc69389f24a9a7830167113cf0ddc0447f8fa4b2743cd3241be60a9bd86d,issue19_hubei_official_query_key_collision_ledger,逐专业招生明细×官方查询键碰撞,false,false,A181|A18109|50,2,1,1,M-2a07c351f59af272,G-925de249f7903dd9,A181,西南民族大学,A18109,A181,A18109,50,52,9,50,人工智能（办学地点：航空港校区）,,,6240,pending_hubei_official_platform_query,pending_hubei_official_plan_review,,,官方系统回填必须同时使用专业行ID、专业组出现ID、来源页码、专业组内专业序号和官方返回行证据；不得只按院校代码+专业组代码+专业代号合并。,官方查询键不唯一，未消歧前不得写入最终事实或志愿排序。,回看PDF原页位置，并在湖北官方系统或省招办计划中逐行截图/导出证据后按专业行ID回填。
OFFICIALKEYCOLLISION-c533f7eca378d6a5,data/working/issue19-hubei-official-plan-major-crosscheck-packets.csv,湖北招生考试2026年19期·本科普通批（下）,ee61fc69389f24a9a7830167113cf0ddc0447f8fa4b2743cd3241be60a9bd86d,issue19_hubei_official_query_key_collision_ledger,逐专业招生明细×官方查询键碰撞,false,false,A181|A18109|50,2,1,1,M-be75b8a7c674206a,G-925de249f7903dd9,A181,西南民族大学,A18109,A181,A18109,50,52,15,50,裂物科学（衣林类：办华地点：武候校,,,5760,pending_hubei_official_platform_query,pending_hubei_official_plan_review,,,官方系统回填必须同时使用专业行ID、专业组出现ID、来源页码、专业组内专业序号和官方返回行证据；不得只按院校代码+专业组代码+专业代号合并。,官方查询键不唯一，未消歧前不得写入最终事实或志愿排序。,回看PDF原页位置，并在湖北官方系统或省招办计划中逐行截图/导出证据后按专业行ID回填。
OFFICIALKEYCOLLISION-35b97be86c427d2f,data/working/issue19-hubei-official-plan-major-crosscheck-packets.csv,湖北招生考试2026年19期·本科普通批（下）,ee61fc69389f24a9a7830167113cf0ddc0447f8fa4b2743cd3241be60a9bd86d,issue19_hubei_official_query_key_collision_ledger,逐专业招生明细×官方查询键碰撞,false,false,A349|A34904|05,2,1,2,M-f10b7b338a520238,G-e5c7e2d4fc7b5269,A349,合肥工业大学（宜城校区）,A34904,A349,A34904,05,62,10,05,俄语（石油与天然气工程）院校专业組及专业代号,,,4900,pending_hubei_official_platform_query,pending_hubei_official_plan_review,,,官方系统回填必须同时使用专业行ID、专业组出现ID、来源页码、专业组内专业序号和官方返回行证据；不得只按院校代码+专业组代码+专业代号合并。,官方查询键不唯一，未消歧前不得写入最终事实或志愿排序。,回看PDF原页位置，并在湖北官方系统或省招办计划中逐行截图/导出证据后按专业行ID回填。
OFFICIALKEYCOLLISION-54e742b57330d106,data/working/issue19-hubei-official-plan-major-crosscheck-packets.csv,湖北招生考试2026年19期·本科普通批（下）,ee61fc69389f24a9a7830167113cf0ddc0447f8fa4b2743cd3241be60a9bd86d,issue19_hubei_official_query_key_collision_ledger,逐专业招生明细×官方查询键碰撞,false,false,A349|A34904|05,2,1,2,M-c85613f5a51d6f64,G-e5c7e2d4fc7b5269,A349,合肥工业大学（宜城校区）,A34904,A349,A34904,05,63,27,05,组,,3,5100,pending_hubei_official_platform_query,pending_hubei_official_plan_review,,,官方系统回填必须同时使用专业行ID、专业组出现ID、来源页码、专业组内专业序号和官方返回行证据；不得只按院校代码+专业组代码+专业代号合并。,官方查询键不唯一，未消歧前不得写入最终事实或志愿排序。,回看PDF原页位置，并在湖北官方系统或省招办计划中逐行截图/导出证据后按专业行ID回填。
OFFICIALKEYCOLLISION-324b989b97760023,data/working/issue19-hubei-official-plan-major-crosscheck-packets.csv,湖北招生考试2026年19期·本科普通批（下）,ee61fc69389f24a9a7830167113cf0ddc0447f8fa4b2743cd3241be60a9bd86d,issue19_hubei_official_query_key_collision_ledger,逐专业招生明细×官方查询键碰撞,false,false,A349|A34904|06,2,1,2,M-41c62fa65bf7956f,G-e5c7e2d4fc7b5269,A349,合肥工业大学（宜城校区）,A34904,A349,A34904,06,62,1,06,过程装备与控制工程（有体检要求，具体参见学校章程）,,,5500,pending_hubei_official_platform_query,pending_hubei_official_plan_review,,,官方系统回填必须同时使用专业行ID、专业组出现ID、来源页码、专业组内专业序号和官方返回行证据；不得只按院校代码+专业组代码+专业代号合并。,官方查询键不唯一，未消歧前不得写入最终事实或志愿排序。,回看PDF原页位置，并在湖北官方系统或省招办计划中逐行截图/导出证据后按专业行ID回填。
OFFICIALKEYCOLLISION-b5aff026d8edb513,data/working/issue19-hubei-official-plan-major-crosscheck-packets.csv,湖北招生考试2026年19期·本科普通批（下）,ee61fc69389f24a9a7830167113cf0ddc0447f8fa4b2743cd3241be60a9bd86d,issue19_hubei_official_query_key_collision_ledger,逐专业招生明细×官方查询键碰撞,false,false,A349|A34904|06,2,1,2,M-91d3d62c50cde5ea,G-e5c7e2d4fc7b5269,A349,合肥工业大学（宜城校区）,A34904,A349,A34904,06,63,11,06,会计学,耍求,2,4000,pending_hubei_official_platform_query,pending_hubei_official_plan_review,,,官方系统回填必须同时使用专业行ID、专业组出现ID、来源页码、专业组内专业序号和官方返回行证据；不得只按院校代码+专业组代码+专业代号合并。,官方查询键不唯一，未消歧前不得写入最终事实或志愿排序。,回看PDF原页位置，并在湖北官方系统或省招办计划中逐行截图/导出证据后按专业行ID回填。
OFFICIALKEYCOLLISION-ace4af5755cffda9,data/working/issue19-hubei-official-plan-major-crosscheck-packets.csv,湖北招生考试2026年19期·本科普通批（下）,ee61fc69389f24a9a7830167113cf0ddc0447f8fa4b2743cd3241be60a9bd86d,issue19_hubei_official_query_key_collision_ledger,逐专业招生明细×官方查询键碰撞,false,false,A349|A34904|07,2,1,2,M-51ce2639c5b192f7,G-e5c7e2d4fc7b5269,A349,合肥工业大学（宜城校区）,A34904,A349,A34904,07,62,2,07,新能源材料与器件,,,6050,pending_hubei_official_platform_query,pending_hubei_official_plan_review,,,官方系统回填必须同时使用专业行ID、专业组出现ID、来源页码、专业组内专业序号和官方返回行证据；不得只按院校代码+专业组代码+专业代号合并。,官方查询键不唯一，未消歧前不得写入最终事实或志愿排序。,回看PDF原页位置，并在湖北官方系统或省招办计划中逐行截图/导出证据后按专业行ID回填。
OFFICIALKEYCOLLISION-b006ccf918673bb0,data/working/issue19-hubei-official-plan-major-crosscheck-packets.csv,湖北招生考试2026年19期·本科普通批（下）,ee61fc69389f24a9a7830167113cf0ddc0447f8fa4b2743cd3241be60a9bd86d,issue19_hubei_official_query_key_collision_ledger,逐专业招生明细×官方查询键碰撞,false,false,A349|A34904|07,2,1,2,M-544589a5558dcfe6,G-e5c7e2d4fc7b5269,A349,合肥工业大学（宜城校区）,A34904,A349,A34904,07,63,12,07,大数据管理与应用A35303 中国石油大学（北京）克拉玛依校区第化学,,3,4000,pending_hubei_official_platform_query,pending_hubei_official_plan_review,,,官方系统回填必须同时使用专业行ID、专业组出现ID、来源页码、专业组内专业序号和官方返回行证据；不得只按院校代码+专业组代码+专业代号合并。,官方查询键不唯一，未消歧前不得写入最终事实或志愿排序。,回看PDF原页位置，并在湖北官方系统或省招办计划中逐行截图/导出证据后按专业行ID回填。
OFFICIALKEYCOLLISION-02375965da71cc4e,data/working/issue19-hubei-official-plan-major-crosscheck-packets.csv,湖北招生考试2026年19期·本科普通批（下）,ee61fc69389f24a9a7830167113cf0ddc0447f8fa4b2743cd3241be60a9bd86d,issue19_hubei_official_query_key_collision_ledger,逐专业招生明细×官方查询键碰撞,false,false,A349|A34904|08,2,1,2,M-be4a165b5e26d666,G-e5c7e2d4fc7b5269,A349,合肥工业大学（宜城校区）,A34904,A349,A34904,08,62,3,08,电气工程与智能控制,,,6050,pending_hubei_official_platform_query,pending_hubei_official_plan_review,,,官方系统回填必须同时使用专业行ID、专业组出现ID、来源页码、专业组内专业序号和官方返回行证据；不得只按院校代码+专业组代码+专业代号合并。,官方查询键不唯一，未消歧前不得写入最终事实或志愿排序。,回看PDF原页位置，并在湖北官方系统或省招办计划中逐行截图/导出证据后按专业行ID回填。
OFFICIALKEYCOLLISION-f6ce430cfe55ca59,data/working/issue19-hubei-official-plan-major-crosscheck-packets.csv,湖北招生考试2026年19期·本科普通批（下）,ee61fc69389f24a9a7830167113cf0ddc0447f8fa4b2743cd3241be60a9bd86d,issue19_hubei_official_query_key_collision_ledger,逐专业招生明细×官方查询键碰撞,false,false,A349|A34904|08,2,1,2,M-88ac5423ac513f15,G-e5c7e2d4fc7b5269,A349,合肥工业大学（宜城校区）,A34904,A349,A34904,08,63,14,08,资源勘查工程,,6,5100,pending_hubei_official_platform_query,pending_hubei_official_plan_review,,,官方系统回填必须同时使用专业行ID、专业组出现ID、来源页码、专业组内专业序号和官方返回行证据；不得只按院校代码+专业组代码+专业代号合并。,官方查询键不唯一，未消歧前不得写入最终事实或志愿排序。,回看PDF原页位置，并在湖北官方系统或省招办计划中逐行截图/导出证据后按专业行ID回填。
OFFICIALKEYCOLLISION-f959956d148fa087,data/working/issue19-hubei-official-plan-major-crosscheck-packets.csv,湖北招生考试2026年19期·本科普通批（下）,ee61fc69389f24a9a7830167113cf0ddc0447f8fa4b2743cd3241be60a9bd86d,issue19_hubei_official_query_key_collision_ledger,逐专业招生明细×官方查询键碰撞,false,false,A349|A34904|09,2,1,2,M-c57eba54c511b0c1,G-e5c7e2d4fc7b5269,A349,合肥工业大学（宜城校区）,A34904,A349,A34904,09,62,4,09,智能科学与技术（有体检要求，具体参,,,6050,pending_hubei_official_platform_query,pending_hubei_official_plan_review,,,官方系统回填必须同时使用专业行ID、专业组出现ID、来源页码、专业组内专业序号和官方返回行证据；不得只按院校代码+专业组代码+专业代号合并。,官方查询键不唯一，未消歧前不得写入最终事实或志愿排序。,回看PDF原页位置，并在湖北官方系统或省招办计划中逐行截图/导出证据后按专业行ID回填。
OFFICIALKEYCOLLISION-4c09082f5aa57c1e,data/working/issue19-hubei-official-plan-major-crosscheck-packets.csv,湖北招生考试2026年19期·本科普通批（下）,ee61fc69389f24a9a7830167113cf0ddc0447f8fa4b2743cd3241be60a9bd86d,issue19_hubei_official_query_key_collision_ledger,逐专业招生明细×官方查询键碰撞,false,false,A349|A34904|09,2,1,2,M-b2f217fe075f6e06,G-e5c7e2d4fc7b5269,A349,合肥工业大学（宜城校区）,A34904,A349,A34904,09,63,15,09,勘查技术与工程,,6,5100,pending_hubei_official_platform_query,pending_hubei_official_plan_review,,,官方系统回填必须同时使用专业行ID、专业组出现ID、来源页码、专业组内专业序号和官方返回行证据；不得只按院校代码+专业组代码+专业代号合并。,官方查询键不唯一，未消歧前不得写入最终事实或志愿排序。,回看PDF原页位置，并在湖北官方系统或省招办计划中逐行截图/导出证据后按专业行ID回填。
OFFICIALKEYCOLLISION-61d9a9ca466e9546,data/working/issue19-hubei-official-plan-major-crosscheck-packets.csv,湖北招生考试2026年19期·本科普通批（下）,ee61fc69389f24a9a7830167113cf0ddc0447f8fa4b2743cd3241be60a9bd86d,issue19_hubei_official_query_key_collision_ledger,逐专业招生明细×官方查询键碰撞,false,false,A349|A34904|10,2,1,2,M-629bd14f3f1bf693,G-e5c7e2d4fc7b5269,A349,合肥工业大学（宜城校区）,A34904,A349,A34904,10,62,5,10,软件工程,,,12500,pending_hubei_official_platform_query,pending_hubei_official_plan_review,,,官方系统回填必须同时使用专业行ID、专业组出现ID、来源页码、专业组内专业序号和官方返回行证据；不得只按院校代码+专业组代码+专业代号合并。,官方查询键不唯一，未消歧前不得写入最终事实或志愿排序。,回看PDF原页位置，并在湖北官方系统或省招办计划中逐行截图/导出证据后按专业行ID回填。
OFFICIALKEYCOLLISION-dba3bdc9a796d9e6,data/working/issue19-hubei-official-plan-major-crosscheck-packets.csv,湖北招生考试2026年19期·本科普通批（下）,ee61fc69389f24a9a7830167113cf0ddc0447f8fa4b2743cd3241be60a9bd86d,issue19_hubei_official_query_key_collision_ledger,逐专业招生明细×官方查询键碰撞,false,false,A349|A34904|10,2,1,2,M-4e32a9ff59813782,G-e5c7e2d4fc7b5269,A349,合肥工业大学（宜城校区）,A34904,A349,A34904,10,63,16,10,智能地球探测,,4,4500,pending_hubei_official_platform_query,pending_hubei_official_plan_review,,,官方系统回填必须同时使用专业行ID、专业组出现ID、来源页码、专业组内专业序号和官方返回行证据；不得只按院校代码+专业组代码+专业代号合并。,官方查询键不唯一，未消歧前不得写入最终事实或志愿排序。,回看PDF原页位置，并在湖北官方系统或省招办计划中逐行截图/导出证据后按专业行ID回填。
OFFICIALKEYCOLLISION-feafa74db5d7085f,data/working/issue19-hubei-official-plan-major-crosscheck-packets.csv,湖北招生考试2026年19期·本科普通批（下）,ee61fc69389f24a9a7830167113cf0ddc0447f8fa4b2743cd3241be60a9bd86d,issue19_hubei_official_query_key_collision_ledger,逐专业招生明细×官方查询键碰撞,false,false,A349|A34904|11,2,1,2,M-2c183f85c1d35970,G-e5c7e2d4fc7b5269,A349,合肥工业大学（宜城校区）,A34904,A349,A34904,11,62,6,11,环境工程（有体检要求，具体参见学校,,,6050,pending_hubei_official_platform_query,pending_hubei_official_plan_review,,,官方系统回填必须同时使用专业行ID、专业组出现ID、来源页码、专业组内专业序号和官方返回行证据；不得只按院校代码+专业组代码+专业代号合并。,官方查询键不唯一，未消歧前不得写入最终事实或志愿排序。,回看PDF原页位置，并在湖北官方系统或省招办计划中逐行截图/导出证据后按专业行ID回填。
OFFICIALKEYCOLLISION-a8961e6a5762f24f,data/working/issue19-hubei-official-plan-major-crosscheck-packets.csv,湖北招生考试2026年19期·本科普通批（下）,ee61fc69389f24a9a7830167113cf0ddc0447f8fa4b2743cd3241be60a9bd86d,issue19_hubei_official_query_key_collision_ledger,逐专业招生明细×官方查询键碰撞,false,false,A349|A34904|11,2,1,2,M-7ce83865eec145ea,G-e5c7e2d4fc7b5269,A349,合肥工业大学（宜城校区）,A34904,A349,A34904,11,63,17,11,石油工程,,4,5100,pending_hubei_official_platform_query,pending_hubei_official_plan_review,,,官方系统回填必须同时使用专业行ID、专业组出现ID、来源页码、专业组内专业序号和官方返回行证据；不得只按院校代码+专业组代码+专业代号合并。,官方查询键不唯一，未消歧前不得写入最终事实或志愿排序。,回看PDF原页位置，并在湖北官方系统或省招办计划中逐行截图/导出证据后按专业行ID回填。
OFFICIALKEYCOLLISION-3ac9a037dc57336a,data/working/issue19-hubei-official-plan-major-crosscheck-packets.csv,湖北招生考试2026年19期·本科普通批（下）,ee61fc69389f24a9a7830167113cf0ddc0447f8fa4b2743cd3241be60a9bd86d,issue19_hubei_official_query_key_collision_ledger,逐专业招生明细×官方查询键碰撞,false,false,A349|A34904|12,2,1,2,M-53ec010b59261ea9,G-e5c7e2d4fc7b5269,A349,合肥工业大学（宜城校区）,A34904,A349,A34904,12,62,7,12,食品营养与健康（有体检要求，具体参见学校章程）,,,5500,pending_hubei_official_platform_query,pending_hubei_official_plan_review,,,官方系统回填必须同时使用专业行ID、专业组出现ID、来源页码、专业组内专业序号和官方返回行证据；不得只按院校代码+专业组代码+专业代号合并。,官方查询键不唯一，未消歧前不得写入最终事实或志愿排序。,回看PDF原页位置，并在湖北官方系统或省招办计划中逐行截图/导出证据后按专业行ID回填。
OFFICIALKEYCOLLISION-3d21d0daff462eea,data/working/issue19-hubei-official-plan-major-crosscheck-packets.csv,湖北招生考试2026年19期·本科普通批（下）,ee61fc69389f24a9a7830167113cf0ddc0447f8fa4b2743cd3241be60a9bd86d,issue19_hubei_official_query_key_collision_ledger,逐专业招生明细×官方查询键碰撞,false,false,A349|A34904|12,2,1,2,M-1bfae181b5223efb,G-e5c7e2d4fc7b5269,A349,合肥工业大学（宜城校区）,A34904,A349,A34904,12,63,18,12,石油工程（数智复合人才实验班）,,9,5100,pending_hubei_official_platform_query,pending_hubei_official_plan_review,,,官方系统回填必须同时使用专业行ID、专业组出现ID、来源页码、专业组内专业序号和官方返回行证据；不得只按院校代码+专业组代码+专业代号合并。,官方查询键不唯一，未消歧前不得写入最终事实或志愿排序。,回看PDF原页位置，并在湖北官方系统或省招办计划中逐行截图/导出证据后按专业行ID回填。
OFFICIALKEYCOLLISION-8eb742f5f2358038,data/working/issue19-hubei-official-plan-major-crosscheck-packets.csv,湖北招生考试2026年19期·本科普通批（下）,ee61fc69389f24a9a7830167113cf0ddc0447f8fa4b2743cd3241be60a9bd86d,issue19_hubei_official_query_key_collision_ledger,逐专业招生明细×官方查询键碰撞,false,false,A349|A34904|13,2,1,2,M-b491fdd1466fae7a,G-e5c7e2d4fc7b5269,A349,合肥工业大学（宜城校区）,A34904,A349,A34904,13,62,8,13,生物技术（有体检要求，具体参见学校章程）A353 中国石油大学（北京）克拉玛依校区（公办）（新疆）A35302|中国石油大学（北京）克拉玛依校区第|不限,,,6050,pending_hubei_official_platform_query,pending_hubei_official_plan_review,,,官方系统回填必须同时使用专业行ID、专业组出现ID、来源页码、专业组内专业序号和官方返回行证据；不得只按院校代码+专业组代码+专业代号合并。,官方查询键不唯一，未消歧前不得写入最终事实或志愿排序。,回看PDF原页位置，并在湖北官方系统或省招办计划中逐行截图/导出证据后按专业行ID回填。
OFFICIALKEYCOLLISION-ca5133bf2c42282c,data/working/issue19-hubei-official-plan-major-crosscheck-packets.csv,湖北招生考试2026年19期·本科普通批（下）,ee61fc69389f24a9a7830167113cf0ddc0447f8fa4b2743cd3241be60a9bd86d,issue19_hubei_official_query_key_collision_ledger,逐专业招生明细×官方查询键碰撞,false,false,A349|A34904|13,2,1,2,M-417022b1691df2d0,G-e5c7e2d4fc7b5269,A349,合肥工业大学（宜城校区）,A34904,A349,A34904,13,63,19,13,计算机类（软件工程；数据科学与大数据技术）,,9,4500,pending_hubei_official_platform_query,pending_hubei_official_plan_review,,,官方系统回填必须同时使用专业行ID、专业组出现ID、来源页码、专业组内专业序号和官方返回行证据；不得只按院校代码+专业组代码+专业代号合并。,官方查询键不唯一，未消歧前不得写入最终事实或志愿排序。,回看PDF原页位置，并在湖北官方系统或省招办计划中逐行截图/导出证据后按专业行ID回填。
OFFICIALKEYCOLLISION-0133cbd172ed562f,data/working/issue19-hubei-official-plan-major-crosscheck-packets.csv,湖北招生考试2026年19期·本科普通批（下）,ee61fc69389f24a9a7830167113cf0ddc0447f8fa4b2743cd3241be60a9bd86d,issue19_hubei_official_query_key_collision_ledger,逐专业招生明细×官方查询键碰撞,false,false,C223|C22307|48,2,1,2,M-ff5fb6388af00ea1,G-a0069f2cb09789bf,C223,武汉文理学院,C22307,C223,C22307,48,88,1,48,护理学C225武汉工程大学邮电与信息工程学院（独 1304立）（湖北）C22502 武汉工程大学邮电与信息工程学院第 不限185,生物,119,20400,pending_hubei_official_platform_query,pending_hubei_official_plan_review,,,官方系统回填必须同时使用专业行ID、专业组出现ID、来源页码、专业组内专业序号和官方返回行证据；不得只按院校代码+专业组代码+专业代号合并。,官方查询键不唯一，未消歧前不得写入最终事实或志愿排序。,回看PDF原页位置，并在湖北官方系统或省招办计划中逐行截图/导出证据后按专业行ID回填。
OFFICIALKEYCOLLISION-1ce8b40b1bd0ba3f,data/working/issue19-hubei-official-plan-major-crosscheck-packets.csv,湖北招生考试2026年19期·本科普通批（下）,ee61fc69389f24a9a7830167113cf0ddc0447f8fa4b2743cd3241be60a9bd86d,issue19_hubei_official_query_key_collision_ledger,逐专业招生明细×官方查询键碰撞,false,false,C223|C22307|48,2,1,2,M-b3dd0a26f1a9d404,G-a0069f2cb09789bf,C223,武汉文理学院,C22307,C223,C22307,48,89,40,48,制药工程,,17,,pending_hubei_official_platform_query,pending_hubei_official_plan_review,,,官方系统回填必须同时使用专业行ID、专业组出现ID、来源页码、专业组内专业序号和官方返回行证据；不得只按院校代码+专业组代码+专业代号合并。,官方查询键不唯一，未消歧前不得写入最终事实或志愿排序。,回看PDF原页位置，并在湖北官方系统或省招办计划中逐行截图/导出证据后按专业行ID回填。
OFFICIALKEYCOLLISION-8c0f335eac1fd233,data/working/issue19-hubei-official-plan-major-crosscheck-packets.csv,湖北招生考试2026年19期·本科普通批（下）,ee61fc69389f24a9a7830167113cf0ddc0447f8fa4b2743cd3241be60a9bd86d,issue19_hubei_official_query_key_collision_ledger,逐专业招生明细×官方查询键碰撞,false,false,F014|F01403|07,2,2,2,M-2c809f67da0b1b1b,G-c1ec57a66d65ea3a,F014,首都经济贸易大学,F01403,F014,F01403,07,94,1,07,统计学（中外合作办学）（与加拿大阿“4+0”双学位培尔伯塔大学合作办学，养模式，学费120000元/年，英文授F017 北京电影学院（公办）（北京）,,3,12万,pending_hubei_official_platform_query,pending_hubei_official_plan_review,,,官方系统回填必须同时使用专业行ID、专业组出现ID、来源页码、专业组内专业序号和官方返回行证据；不得只按院校代码+专业组代码+专业代号合并。,官方查询键不唯一，未消歧前不得写入最终事实或志愿排序。,回看PDF原页位置，并在湖北官方系统或省招办计划中逐行截图/导出证据后按专业行ID回填。
OFFICIALKEYCOLLISION-4cf48fd7a86604f8,data/working/issue19-hubei-official-plan-major-crosscheck-packets.csv,湖北招生考试2026年19期·本科普通批（下）,ee61fc69389f24a9a7830167113cf0ddc0447f8fa4b2743cd3241be60a9bd86d,issue19_hubei_official_query_key_collision_ledger,逐专业招生明细×官方查询键碰撞,false,false,F014|F01403|07,2,2,2,M-5c7adf647279698a,G-d867021be355fa70,F014,首都经济贸易大学,F01403,F014,F01403,07,139,4,07,机械设计制造及其自动化（办学地点：莲都校区）,,3,5500,pending_hubei_official_platform_query,pending_hubei_official_plan_review,,,官方系统回填必须同时使用专业行ID、专业组出现ID、来源页码、专业组内专业序号和官方返回行证据；不得只按院校代码+专业组代码+专业代号合并。,官方查询键不唯一，未消歧前不得写入最终事实或志愿排序。,回看PDF原页位置，并在湖北官方系统或省招办计划中逐行截图/导出证据后按专业行ID回填。
OFFICIALKEYCOLLISION-50d02b268c04219a,data/working/issue19-hubei-official-plan-major-crosscheck-packets.csv,湖北招生考试2026年19期·本科普通批（下）,ee61fc69389f24a9a7830167113cf0ddc0447f8fa4b2743cd3241be60a9bd86d,issue19_hubei_official_query_key_collision_ledger,逐专业招生明细×官方查询键碰撞,false,false,F393|F39303|03,2,1,1,M-880ee909f746a9ed,G-a3411ede04ce3abf,F393,呼伦贝尔学院,F39303,F393,F39303,03,112,1,03,国际经济与贸易（入学后外语只开设英语教学，非英语语种考生谨慎报考）,不限,3,4400,pending_hubei_official_platform_query,pending_hubei_official_plan_review,,,官方系统回填必须同时使用专业行ID、专业组出现ID、来源页码、专业组内专业序号和官方返回行证据；不得只按院校代码+专业组代码+专业代号合并。,官方查询键不唯一，未消歧前不得写入最终事实或志愿排序。,回看PDF原页位置，并在湖北官方系统或省招办计划中逐行截图/导出证据后按专业行ID回填。
OFFICIALKEYCOLLISION-12bd43c252f55049,data/working/issue19-hubei-official-plan-major-crosscheck-packets.csv,湖北招生考试2026年19期·本科普通批（下）,ee61fc69389f24a9a7830167113cf0ddc0447f8fa4b2743cd3241be60a9bd86d,issue19_hubei_official_query_key_collision_ledger,逐专业招生明细×官方查询键碰撞,false,false,F393|F39303|03,2,1,1,M-4657ab54bafb58b1,G-a3411ede04ce3abf,F393,呼伦贝尔学院,F39303,F393,F39303,03,112,3,03,小学教育（师范类；办学地点：青山校,,2,4200,pending_hubei_official_platform_query,pending_hubei_official_plan_review,,,官方系统回填必须同时使用专业行ID、专业组出现ID、来源页码、专业组内专业序号和官方返回行证据；不得只按院校代码+专业组代码+专业代号合并。,官方查询键不唯一，未消歧前不得写入最终事实或志愿排序。,回看PDF原页位置，并在湖北官方系统或省招办计划中逐行截图/导出证据后按专业行ID回填。
OFFICIALKEYCOLLISION-749d328194f94f98,data/working/issue19-hubei-official-plan-major-crosscheck-packets.csv,湖北招生考试2026年19期·本科普通批（下）,ee61fc69389f24a9a7830167113cf0ddc0447f8fa4b2743cd3241be60a9bd86d,issue19_hubei_official_query_key_collision_ledger,逐专业招生明细×官方查询键碰撞,false,false,F393|F39303|04,2,1,1,M-91b38310689be178,G-a3411ede04ce3abf,F393,呼伦贝尔学院,F39303,F393,F39303,04,112,2,04,工程管理F399 内蒙古科技大学包头师范学院（公办）（内蒙）F39902内蒙古科技大学包头师范学院第02|不限,,2,4600,pending_hubei_official_platform_query,pending_hubei_official_plan_review,,,官方系统回填必须同时使用专业行ID、专业组出现ID、来源页码、专业组内专业序号和官方返回行证据；不得只按院校代码+专业组代码+专业代号合并。,官方查询键不唯一，未消歧前不得写入最终事实或志愿排序。,回看PDF原页位置，并在湖北官方系统或省招办计划中逐行截图/导出证据后按专业行ID回填。
OFFICIALKEYCOLLISION-7b231dff5b9203d9,data/working/issue19-hubei-official-plan-major-crosscheck-packets.csv,湖北招生考试2026年19期·本科普通批（下）,ee61fc69389f24a9a7830167113cf0ddc0447f8fa4b2743cd3241be60a9bd86d,issue19_hubei_official_query_key_collision_ledger,逐专业招生明细×官方查询键碰撞,false,false,F393|F39303|04,2,1,1,M-4c945f71271258f8,G-a3411ede04ce3abf,F393,呼伦贝尔学院,F39303,F393,F39303,04,112,4,04,社会工作（办学地点：九原校区）F39903 内蒙古科技大学包头师范学院第 03化学,,2,4200,pending_hubei_official_platform_query,pending_hubei_official_plan_review,,,官方系统回填必须同时使用专业行ID、专业组出现ID、来源页码、专业组内专业序号和官方返回行证据；不得只按院校代码+专业组代码+专业代号合并。,官方查询键不唯一，未消歧前不得写入最终事实或志愿排序。,回看PDF原页位置，并在湖北官方系统或省招办计划中逐行截图/导出证据后按专业行ID回填。
OFFICIALKEYCOLLISION-4076a0806ce66c6e,data/working/issue19-hubei-official-plan-major-crosscheck-packets.csv,湖北招生考试2026年19期·本科普通批（下）,ee61fc69389f24a9a7830167113cf0ddc0447f8fa4b2743cd3241be60a9bd86d,issue19_hubei_official_query_key_collision_ledger,逐专业招生明细×官方查询键碰撞,false,false,F526|F52602|01,2,1,1,M-9cd36c4227397911,G-6fb47d61ca815d3c,F526,辽宁对外经贸学院,F52602,F526,F52602,01,117,4,01,组,,2,27500,pending_hubei_official_platform_query,pending_hubei_official_plan_review,,,官方系统回填必须同时使用专业行ID、专业组出现ID、来源页码、专业组内专业序号和官方返回行证据；不得只按院校代码+专业组代码+专业代号合并。,官方查询键不唯一，未消歧前不得写入最终事实或志愿排序。,回看PDF原页位置，并在湖北官方系统或省招办计划中逐行截图/导出证据后按专业行ID回填。
OFFICIALKEYCOLLISION-771b283290c24456,data/working/issue19-hubei-official-plan-major-crosscheck-packets.csv,湖北招生考试2026年19期·本科普通批（下）,ee61fc69389f24a9a7830167113cf0ddc0447f8fa4b2743cd3241be60a9bd86d,issue19_hubei_official_query_key_collision_ledger,逐专业招生明细×官方查询键碰撞,false,false,F526|F52602|01,2,1,1,M-305dc8b8904d6f75,G-6fb47d61ca815d3c,F526,辽宁对外经贸学院,F52602,F526,F52602,01,117,5,01,网络与新媒体,,2,27500,pending_hubei_official_platform_query,pending_hubei_official_plan_review,,,官方系统回填必须同时使用专业行ID、专业组出现ID、来源页码、专业组内专业序号和官方返回行证据；不得只按院校代码+专业组代码+专业代号合并。,官方查询键不唯一，未消歧前不得写入最终事实或志愿排序。,回看PDF原页位置，并在湖北官方系统或省招办计划中逐行截图/导出证据后按专业行ID回填。
OFFICIALKEYCOLLISION-6e2b7c43de09e36b,data/working/issue19-hubei-official-plan-major-crosscheck-packets.csv,湖北招生考试2026年19期·本科普通批（下）,ee61fc69389f24a9a7830167113cf0ddc0447f8fa4b2743cd3241be60a9bd86d,issue19_hubei_official_query_key_collision_ledger,逐专业招生明细×官方查询键碰撞,false,false,F526|F52602|02,2,1,1,M-e8d78ae1df441ef1,G-6fb47d61ca815d3c,F526,辽宁对外经贸学院,F52602,F526,F52602,02,117,6,02,汉语言文学F53102/大连工业大学艺术与信息工程学院第 化学,,2,27500,pending_hubei_official_platform_query,pending_hubei_official_plan_review,,,官方系统回填必须同时使用专业行ID、专业组出现ID、来源页码、专业组内专业序号和官方返回行证据；不得只按院校代码+专业组代码+专业代号合并。,官方查询键不唯一，未消歧前不得写入最终事实或志愿排序。,回看PDF原页位置，并在湖北官方系统或省招办计划中逐行截图/导出证据后按专业行ID回填。
OFFICIALKEYCOLLISION-c00e46beb7d9a8cc,data/working/issue19-hubei-official-plan-major-crosscheck-packets.csv,湖北招生考试2026年19期·本科普通批（下）,ee61fc69389f24a9a7830167113cf0ddc0447f8fa4b2743cd3241be60a9bd86d,issue19_hubei_official_query_key_collision_ledger,逐专业招生明细×官方查询键碰撞,false,false,F526|F52602|02,2,1,1,M-2dbdd6744cd848cd,G-6fb47d61ca815d3c,F526,辽宁对外经贸学院,F52602,F526,F52602,02,117,7,02,组,,2,28000,pending_hubei_official_platform_query,pending_hubei_official_plan_review,,,官方系统回填必须同时使用专业行ID、专业组出现ID、来源页码、专业组内专业序号和官方返回行证据；不得只按院校代码+专业组代码+专业代号合并。,官方查询键不唯一，未消歧前不得写入最终事实或志愿排序。,回看PDF原页位置，并在湖北官方系统或省招办计划中逐行截图/导出证据后按专业行ID回填。
OFFICIALKEYCOLLISION-3721739df8c929ec,data/working/issue19-hubei-official-plan-major-crosscheck-packets.csv,湖北招生考试2026年19期·本科普通批（下）,ee61fc69389f24a9a7830167113cf0ddc0447f8fa4b2743cd3241be60a9bd86d,issue19_hubei_official_query_key_collision_ledger,逐专业招生明细×官方查询键碰撞,false,false,F526|F52602|03,2,1,1,M-4d0f4058bb21af41,G-6fb47d61ca815d3c,F526,辽宁对外经贸学院,F52602,F526,F52602,03,117,1,03,物流管理,不限,,30000.,pending_hubei_official_platform_query,pending_hubei_official_plan_review,,,官方系统回填必须同时使用专业行ID、专业组出现ID、来源页码、专业组内专业序号和官方返回行证据；不得只按院校代码+专业组代码+专业代号合并。,官方查询键不唯一，未消歧前不得写入最终事实或志愿排序。,回看PDF原页位置，并在湖北官方系统或省招办计划中逐行截图/导出证据后按专业行ID回填。
OFFICIALKEYCOLLISION-c5eb05266d2245a4,data/working/issue19-hubei-official-plan-major-crosscheck-packets.csv,湖北招生考试2026年19期·本科普通批（下）,ee61fc69389f24a9a7830167113cf0ddc0447f8fa4b2743cd3241be60a9bd86d,issue19_hubei_official_query_key_collision_ledger,逐专业招生明细×官方查询键碰撞,false,false,F526|F52602|03,2,1,1,M-60e8091845ddb715,G-6fb47d61ca815d3c,F526,辽宁对外经贸学院,F52602,F526,F52602,03,117,8,03,电气工程及其自动化,,2,28000,pending_hubei_official_platform_query,pending_hubei_official_plan_review,,,官方系统回填必须同时使用专业行ID、专业组出现ID、来源页码、专业组内专业序号和官方返回行证据；不得只按院校代码+专业组代码+专业代号合并。,官方查询键不唯一，未消歧前不得写入最终事实或志愿排序。,回看PDF原页位置，并在湖北官方系统或省招办计划中逐行截图/导出证据后按专业行ID回填。
OFFICIALKEYCOLLISION-f76c2dd324365f57,data/working/issue19-hubei-official-plan-major-crosscheck-packets.csv,湖北招生考试2026年19期·本科普通批（下）,ee61fc69389f24a9a7830167113cf0ddc0447f8fa4b2743cd3241be60a9bd86d,issue19_hubei_official_query_key_collision_ledger,逐专业招生明细×官方查询键碰撞,false,false,F526|F52602|04,2,1,1,M-87368cebb0e21c33,G-6fb47d61ca815d3c,F526,辽宁对外经贸学院,F52602,F526,F52602,04,117,2,04,英语（外语语种：英语）,,,30000,pending_hubei_official_platform_query,pending_hubei_official_plan_review,,,官方系统回填必须同时使用专业行ID、专业组出现ID、来源页码、专业组内专业序号和官方返回行证据；不得只按院校代码+专业组代码+专业代号合并。,官方查询键不唯一，未消歧前不得写入最终事实或志愿排序。,回看PDF原页位置，并在湖北官方系统或省招办计划中逐行截图/导出证据后按专业行ID回填。
OFFICIALKEYCOLLISION-7caf7f6675eb1c54,data/working/issue19-hubei-official-plan-major-crosscheck-packets.csv,湖北招生考试2026年19期·本科普通批（下）,ee61fc69389f24a9a7830167113cf0ddc0447f8fa4b2743cd3241be60a9bd86d,issue19_hubei_official_query_key_collision_ledger,逐专业招生明细×官方查询键碰撞,false,false,F526|F52602|04,2,1,1,M-439942ba913da82b,G-6fb47d61ca815d3c,F526,辽宁对外经贸学院,F52602,F526,F52602,04,117,9,04,计算机科学与技术,,2,28000,pending_hubei_official_platform_query,pending_hubei_official_plan_review,,,官方系统回填必须同时使用专业行ID、专业组出现ID、来源页码、专业组内专业序号和官方返回行证据；不得只按院校代码+专业组代码+专业代号合并。,官方查询键不唯一，未消歧前不得写入最终事实或志愿排序。,回看PDF原页位置，并在湖北官方系统或省招办计划中逐行截图/导出证据后按专业行ID回填。
OFFICIALKEYCOLLISION-86b649b637c3e369,data/working/issue19-hubei-official-plan-major-crosscheck-packets.csv,湖北招生考试2026年19期·本科普通批（下）,ee61fc69389f24a9a7830167113cf0ddc0447f8fa4b2743cd3241be60a9bd86d,issue19_hubei_official_query_key_collision_ledger,逐专业招生明细×官方查询键碰撞,false,false,F526|F52602|05,2,1,1,M-18a7d5919ead6503,G-6fb47d61ca815d3c,F526,辽宁对外经贸学院,F52602,F526,F52602,05,117,3,05,会展经济与管理F531大连工业大学艺术与信息工程学院（独立）（辽宁）「F53101大连工业大学艺术与信息工程学院第 不限,,10,30000,pending_hubei_official_platform_query,pending_hubei_official_plan_review,,,官方系统回填必须同时使用专业行ID、专业组出现ID、来源页码、专业组内专业序号和官方返回行证据；不得只按院校代码+专业组代码+专业代号合并。,官方查询键不唯一，未消歧前不得写入最终事实或志愿排序。,回看PDF原页位置，并在湖北官方系统或省招办计划中逐行截图/导出证据后按专业行ID回填。
OFFICIALKEYCOLLISION-3f5b6a0ec8d4c914,data/working/issue19-hubei-official-plan-major-crosscheck-packets.csv,湖北招生考试2026年19期·本科普通批（下）,ee61fc69389f24a9a7830167113cf0ddc0447f8fa4b2743cd3241be60a9bd86d,issue19_hubei_official_query_key_collision_ledger,逐专业招生明细×官方查询键碰撞,false,false,F526|F52602|05,2,1,1,M-5f3338d5a9e7f57b,G-6fb47d61ca815d3c,F526,辽宁对外经贸学院,F52602,F526,F52602,05,117,10,05,数据科学与大数据技术,,2,28000,pending_hubei_official_platform_query,pending_hubei_official_plan_review,,,官方系统回填必须同时使用专业行ID、专业组出现ID、来源页码、专业组内专业序号和官方返回行证据；不得只按院校代码+专业组代码+专业代号合并。,官方查询键不唯一，未消歧前不得写入最终事实或志愿排序。,回看PDF原页位置，并在湖北官方系统或省招办计划中逐行截图/导出证据后按专业行ID回填。
OFFICIALKEYCOLLISION-c78248f2a9b8b707,data/working/issue19-hubei-official-plan-major-crosscheck-packets.csv,湖北招生考试2026年19期·本科普通批（下）,ee61fc69389f24a9a7830167113cf0ddc0447f8fa4b2743cd3241be60a9bd86d,issue19_hubei_official_query_key_collision_ledger,逐专业招生明细×官方查询键碰撞,false,false,F584|F58402|24,2,1,1,M-5c10afe515b0d7b4,G-f0c78c9f5e3ad64c,F584,吉林化工大学,F58402,F584,F58402,24,120,13,24,袋装/不招色有色弱：办学地点：沈椰,,,5000,pending_hubei_official_platform_query,pending_hubei_official_plan_review,,,官方系统回填必须同时使用专业行ID、专业组出现ID、来源页码、专业组内专业序号和官方返回行证据；不得只按院校代码+专业组代码+专业代号合并。,官方查询键不唯一，未消歧前不得写入最终事实或志愿排序。,回看PDF原页位置，并在湖北官方系统或省招办计划中逐行截图/导出证据后按专业行ID回填。
OFFICIALKEYCOLLISION-fc57799b091db0a9,data/working/issue19-hubei-official-plan-major-crosscheck-packets.csv,湖北招生考试2026年19期·本科普通批（下）,ee61fc69389f24a9a7830167113cf0ddc0447f8fa4b2743cd3241be60a9bd86d,issue19_hubei_official_query_key_collision_ledger,逐专业招生明细×官方查询键碰撞,false,false,F584|F58402|24,2,1,1,M-6d5931082bc03cbf,G-f0c78c9f5e3ad64c,F584,吉林化工大学,F58402,F584,F58402,24,120,15,24,制药工程（不招色盲色弱；办学地点：龙潭校区）,,,5940,pending_hubei_official_platform_query,pending_hubei_official_plan_review,,,官方系统回填必须同时使用专业行ID、专业组出现ID、来源页码、专业组内专业序号和官方返回行证据；不得只按院校代码+专业组代码+专业代号合并。,官方查询键不唯一，未消歧前不得写入最终事实或志愿排序。,回看PDF原页位置，并在湖北官方系统或省招办计划中逐行截图/导出证据后按专业行ID回填。
OFFICIALKEYCOLLISION-17dcd5cb734baec6,data/working/issue19-hubei-official-plan-major-crosscheck-packets.csv,湖北招生考试2026年19期·本科普通批（下）,ee61fc69389f24a9a7830167113cf0ddc0447f8fa4b2743cd3241be60a9bd86d,issue19_hubei_official_query_key_collision_ledger,逐专业招生明细×官方查询键碰撞,false,false,F743|F74302|03,2,1,2,M-e8836fb5ebfe472f,G-94e796ec3dad5d5f,F743,哈尔滨远东理工学院,F74302,F743,F74302,03,127,2,03,软件工程F745 黑龙江工程学院昆仑旅游学院（独立）（黑龙江）◎KG皖校专业组及专业代号,,2,|25800,pending_hubei_official_platform_query,pending_hubei_official_plan_review,,,官方系统回填必须同时使用专业行ID、专业组出现ID、来源页码、专业组内专业序号和官方返回行证据；不得只按院校代码+专业组代码+专业代号合并。,官方查询键不唯一，未消歧前不得写入最终事实或志愿排序。,回看PDF原页位置，并在湖北官方系统或省招办计划中逐行截图/导出证据后按专业行ID回填。
OFFICIALKEYCOLLISION-3bba137cd0baa4bd,data/working/issue19-hubei-official-plan-major-crosscheck-packets.csv,湖北招生考试2026年19期·本科普通批（下）,ee61fc69389f24a9a7830167113cf0ddc0447f8fa4b2743cd3241be60a9bd86d,issue19_hubei_official_query_key_collision_ledger,逐专业招生明细×官方查询键碰撞,false,false,F743|F74302|03,2,1,2,M-e68b7917097268a0,G-94e796ec3dad5d5f,F743,哈尔滨远东理工学院,F74302,F743,F74302,03,128,3,03,网络与新媒体,,2,21500,pending_hubei_official_platform_query,pending_hubei_official_plan_review,,,官方系统回填必须同时使用专业行ID、专业组出现ID、来源页码、专业组内专业序号和官方返回行证据；不得只按院校代码+专业组代码+专业代号合并。,官方查询键不唯一，未消歧前不得写入最终事实或志愿排序。,回看PDF原页位置，并在湖北官方系统或省招办计划中逐行截图/导出证据后按专业行ID回填。
OFFICIALKEYCOLLISION-7c4bc7107cbf62b0,data/working/issue19-hubei-official-plan-major-crosscheck-packets.csv,湖北招生考试2026年19期·本科普通批（下）,ee61fc69389f24a9a7830167113cf0ddc0447f8fa4b2743cd3241be60a9bd86d,issue19_hubei_official_query_key_collision_ledger,逐专业招生明细×官方查询键碰撞,false,false,F831|F83104|18,2,1,1,M-fec6c13e8421ca0c,G-c85b2ec089082fc5,F831,上海建桥学院,F83104,F831,F83104,18,130,1,18,计算机科学与技术（双语班：外语与国际教育学院.入学后专业教学外语语种为日语.中日学分互认）,,,2,pending_hubei_official_platform_query,pending_hubei_official_plan_review,,,官方系统回填必须同时使用专业行ID、专业组出现ID、来源页码、专业组内专业序号和官方返回行证据；不得只按院校代码+专业组代码+专业代号合并。,官方查询键不唯一，未消歧前不得写入最终事实或志愿排序。,回看PDF原页位置，并在湖北官方系统或省招办计划中逐行截图/导出证据后按专业行ID回填。
OFFICIALKEYCOLLISION-48f63570d78218d1,data/working/issue19-hubei-official-plan-major-crosscheck-packets.csv,湖北招生考试2026年19期·本科普通批（下）,ee61fc69389f24a9a7830167113cf0ddc0447f8fa4b2743cd3241be60a9bd86d,issue19_hubei_official_query_key_collision_ledger,逐专业招生明细×官方查询键碰撞,false,false,F831|F83104|18,2,1,1,M-9294964336101ccf,G-c85b2ec089082fc5,F831,上海建桥学院,F83104,F831,F83104,18,130,10,18,金融科技（办学地点：崇明校区）,,,56000,pending_hubei_official_platform_query,pending_hubei_official_plan_review,,,官方系统回填必须同时使用专业行ID、专业组出现ID、来源页码、专业组内专业序号和官方返回行证据；不得只按院校代码+专业组代码+专业代号合并。,官方查询键不唯一，未消歧前不得写入最终事实或志愿排序。,回看PDF原页位置，并在湖北官方系统或省招办计划中逐行截图/导出证据后按专业行ID回填。
OFFICIALKEYCOLLISION-9402725d063404cd,data/working/issue19-hubei-official-plan-major-crosscheck-packets.csv,湖北招生考试2026年19期·本科普通批（下）,ee61fc69389f24a9a7830167113cf0ddc0447f8fa4b2743cd3241be60a9bd86d,issue19_hubei_official_query_key_collision_ledger,逐专业招生明细×官方查询键碰撞,false,false,F831|F83104|19,2,1,1,M-68652ea58c5a508f,G-c85b2ec089082fc5,F831,上海建桥学院,F83104,F831,F83104,19,130,2,19,网络工程（双语班：外语与国际教育学院.入学后专业教学外语语种为日语中日学分互认）F835上海外国语大学贤达经济人文学院（独立）（上海）F83502 上海外国语大...,,,45000,pending_hubei_official_platform_query,pending_hubei_official_plan_review,,,官方系统回填必须同时使用专业行ID、专业组出现ID、来源页码、专业组内专业序号和官方返回行证据；不得只按院校代码+专业组代码+专业代号合并。,官方查询键不唯一，未消歧前不得写入最终事实或志愿排序。,回看PDF原页位置，并在湖北官方系统或省招办计划中逐行截图/导出证据后按专业行ID回填。
OFFICIALKEYCOLLISION-88889193d7ae4b62,data/working/issue19-hubei-official-plan-major-crosscheck-packets.csv,湖北招生考试2026年19期·本科普通批（下）,ee61fc69389f24a9a7830167113cf0ddc0447f8fa4b2743cd3241be60a9bd86d,issue19_hubei_official_query_key_collision_ledger,逐专业招生明细×官方查询键碰撞,false,false,F831|F83104|19,2,1,1,M-b509d8c40b957b7e,G-c85b2ec089082fc5,F831,上海建桥学院,F83104,F831,F83104,19,130,11,19,法学（双语班：办学地点： 明校区）,,,56000,pending_hubei_official_platform_query,pending_hubei_official_plan_review,,,官方系统回填必须同时使用专业行ID、专业组出现ID、来源页码、专业组内专业序号和官方返回行证据；不得只按院校代码+专业组代码+专业代号合并。,官方查询键不唯一，未消歧前不得写入最终事实或志愿排序。,回看PDF原页位置，并在湖北官方系统或省招办计划中逐行截图/导出证据后按专业行ID回填。
OFFICIALKEYCOLLISION-7734df0f7c2a9c4f,data/working/issue19-hubei-official-plan-major-crosscheck-packets.csv,湖北招生考试2026年19期·本科普通批（下）,ee61fc69389f24a9a7830167113cf0ddc0447f8fa4b2743cd3241be60a9bd86d,issue19_hubei_official_query_key_collision_ledger,逐专业招生明细×官方查询键碰撞,false,false,H065|H06502|01,2,1,1,M-440b8f49f2cb5ad7,G-07c0835c3f8af7df,H065,浙江工业大学之江学院,H06502,H065,H06502,01,142,3,01,组,,10,27750,pending_hubei_official_platform_query,pending_hubei_official_plan_review,,,官方系统回填必须同时使用专业行ID、专业组出现ID、来源页码、专业组内专业序号和官方返回行证据；不得只按院校代码+专业组代码+专业代号合并。,官方查询键不唯一，未消歧前不得写入最终事实或志愿排序。,回看PDF原页位置，并在湖北官方系统或省招办计划中逐行截图/导出证据后按专业行ID回填。
OFFICIALKEYCOLLISION-e286e00a148c41c1,data/working/issue19-hubei-official-plan-major-crosscheck-packets.csv,湖北招生考试2026年19期·本科普通批（下）,ee61fc69389f24a9a7830167113cf0ddc0447f8fa4b2743cd3241be60a9bd86d,issue19_hubei_official_query_key_collision_ledger,逐专业招生明细×官方查询键碰撞,false,false,H065|H06502|01,2,1,1,M-5ca1e3dadde8abeb,G-07c0835c3f8af7df,H065,浙江工业大学之江学院,H06502,H065,H06502,01,142,4,01,计算机类（计算机科学与技术、软件工程、网络工程、物联网工程）,,2,27750,pending_hubei_official_platform_query,pending_hubei_official_plan_review,,,官方系统回填必须同时使用专业行ID、专业组出现ID、来源页码、专业组内专业序号和官方返回行证据；不得只按院校代码+专业组代码+专业代号合并。,官方查询键不唯一，未消歧前不得写入最终事实或志愿排序。,回看PDF原页位置，并在湖北官方系统或省招办计划中逐行截图/导出证据后按专业行ID回填。
OFFICIALKEYCOLLISION-2ef4eed0a87dcc5f,data/working/issue19-hubei-official-plan-major-crosscheck-packets.csv,湖北招生考试2026年19期·本科普通批（下）,ee61fc69389f24a9a7830167113cf0ddc0447f8fa4b2743cd3241be60a9bd86d,issue19_hubei_official_query_key_collision_ledger,逐专业招生明细×官方查询键碰撞,false,false,H065|H06502|02,2,1,1,M-c85fe35981d80c89,G-07c0835c3f8af7df,H065,浙江工业大学之江学院,H06502,H065,H06502,02,142,1,02,电子信息工程（含智能电子方向、集成电路方向）H068 杭州电子科技大学信息工程学院（独立）（浙江）,「化学,3,27750,pending_hubei_official_platform_query,pending_hubei_official_plan_review,,,官方系统回填必须同时使用专业行ID、专业组出现ID、来源页码、专业组内专业序号和官方返回行证据；不得只按院校代码+专业组代码+专业代号合并。,官方查询键不唯一，未消歧前不得写入最终事实或志愿排序。,回看PDF原页位置，并在湖北官方系统或省招办计划中逐行截图/导出证据后按专业行ID回填。
OFFICIALKEYCOLLISION-0fd6a123d0aa9b96,data/working/issue19-hubei-official-plan-major-crosscheck-packets.csv,湖北招生考试2026年19期·本科普通批（下）,ee61fc69389f24a9a7830167113cf0ddc0447f8fa4b2743cd3241be60a9bd86d,issue19_hubei_official_query_key_collision_ledger,逐专业招生明细×官方查询键碰撞,false,false,H065|H06502|02,2,1,1,M-bc8b3449346a50ac,G-07c0835c3f8af7df,H065,浙江工业大学之江学院,H06502,H065,H06502,02,142,5,02,曳子停息类（电子信息科学与技术、电子信息工程）,,2,27750,pending_hubei_official_platform_query,pending_hubei_official_plan_review,,,官方系统回填必须同时使用专业行ID、专业组出现ID、来源页码、专业组内专业序号和官方返回行证据；不得只按院校代码+专业组代码+专业代号合并。,官方查询键不唯一，未消歧前不得写入最终事实或志愿排序。,回看PDF原页位置，并在湖北官方系统或省招办计划中逐行截图/导出证据后按专业行ID回填。
OFFICIALKEYCOLLISION-9cf70b2969ed1b9b,data/working/issue19-hubei-official-plan-major-crosscheck-packets.csv,湖北招生考试2026年19期·本科普通批（下）,ee61fc69389f24a9a7830167113cf0ddc0447f8fa4b2743cd3241be60a9bd86d,issue19_hubei_official_query_key_collision_ledger,逐专业招生明细×官方查询键碰撞,false,false,H173|H17302|02,2,1,1,M-41a53fbfa9c26017,G-f2ed487b4055a017,H173,安徽新华学院,H17302,H173,H17302,02,147,1,02,计算机科学与技术,,3,26000,pending_hubei_official_platform_query,pending_hubei_official_plan_review,,,官方系统回填必须同时使用专业行ID、专业组出现ID、来源页码、专业组内专业序号和官方返回行证据；不得只按院校代码+专业组代码+专业代号合并。,官方查询键不唯一，未消歧前不得写入最终事实或志愿排序。,回看PDF原页位置，并在湖北官方系统或省招办计划中逐行截图/导出证据后按专业行ID回填。
OFFICIALKEYCOLLISION-8408f8b3159c80cf,data/working/issue19-hubei-official-plan-major-crosscheck-packets.csv,湖北招生考试2026年19期·本科普通批（下）,ee61fc69389f24a9a7830167113cf0ddc0447f8fa4b2743cd3241be60a9bd86d,issue19_hubei_official_query_key_collision_ledger,逐专业招生明细×官方查询键碰撞,false,false,H173|H17302|02,2,1,1,M-ed309a08d758dfe7,G-f2ed487b4055a017,H173,安徽新华学院,H17302,H173,H17302,02,147,4,02,人工智能,,3,4900,pending_hubei_official_platform_query,pending_hubei_official_plan_review,,,官方系统回填必须同时使用专业行ID、专业组出现ID、来源页码、专业组内专业序号和官方返回行证据；不得只按院校代码+专业组代码+专业代号合并。,官方查询键不唯一，未消歧前不得写入最终事实或志愿排序。,回看PDF原页位置，并在湖北官方系统或省招办计划中逐行截图/导出证据后按专业行ID回填。
OFFICIALKEYCOLLISION-7292ab0b4a570eda,data/working/issue19-hubei-official-plan-major-crosscheck-packets.csv,湖北招生考试2026年19期·本科普通批（下）,ee61fc69389f24a9a7830167113cf0ddc0447f8fa4b2743cd3241be60a9bd86d,issue19_hubei_official_query_key_collision_ledger,逐专业招生明细×官方查询键碰撞,false,false,H173|H17302|03,2,1,1,M-ac58e0c2da141343,G-f2ed487b4055a017,H173,安徽新华学院,H17302,H173,H17302,03,147,2,03,电气工程及其自动化H177合肥理工学院（公办）（安徹）［17701 合肥理工学院第01组,,4,26000,pending_hubei_official_platform_query,pending_hubei_official_plan_review,,,官方系统回填必须同时使用专业行ID、专业组出现ID、来源页码、专业组内专业序号和官方返回行证据；不得只按院校代码+专业组代码+专业代号合并。,官方查询键不唯一，未消歧前不得写入最终事实或志愿排序。,回看PDF原页位置，并在湖北官方系统或省招办计划中逐行截图/导出证据后按专业行ID回填。
OFFICIALKEYCOLLISION-9beddba2abc19e9c,data/working/issue19-hubei-official-plan-major-crosscheck-packets.csv,湖北招生考试2026年19期·本科普通批（下）,ee61fc69389f24a9a7830167113cf0ddc0447f8fa4b2743cd3241be60a9bd86d,issue19_hubei_official_query_key_collision_ledger,逐专业招生明细×官方查询键碰撞,false,false,H173|H17302|03,2,1,1,M-501c4cf934fd5d5d,G-f2ed487b4055a017,H173,安徽新华学院,H17302,H173,H17302,03,147,5,03,机器人工程,,3,4900,pending_hubei_official_platform_query,pending_hubei_official_plan_review,,,官方系统回填必须同时使用专业行ID、专业组出现ID、来源页码、专业组内专业序号和官方返回行证据；不得只按院校代码+专业组代码+专业代号合并。,官方查询键不唯一，未消歧前不得写入最终事实或志愿排序。,回看PDF原页位置，并在湖北官方系统或省招办计划中逐行截图/导出证据后按专业行ID回填。
OFFICIALKEYCOLLISION-39810f1e3cd12680,data/working/issue19-hubei-official-plan-major-crosscheck-packets.csv,湖北招生考试2026年19期·本科普通批（下）,ee61fc69389f24a9a7830167113cf0ddc0447f8fa4b2743cd3241be60a9bd86d,issue19_hubei_official_query_key_collision_ledger,逐专业招生明细×官方查询键碰撞,false,false,H660|H66003|4,2,1,1,M-4514cc4ad75593df,G-2aca5bdc5beeec87,H660,长沙理工大学,H66003,H660,H66003,4,179,27,4,电气工程与智能控制,,,5900,pending_hubei_official_platform_query,pending_hubei_official_plan_review,,,官方系统回填必须同时使用专业行ID、专业组出现ID、来源页码、专业组内专业序号和官方返回行证据；不得只按院校代码+专业组代码+专业代号合并。,官方查询键不唯一，未消歧前不得写入最终事实或志愿排序。,回看PDF原页位置，并在湖北官方系统或省招办计划中逐行截图/导出证据后按专业行ID回填。
OFFICIALKEYCOLLISION-21f519fa8c8309f9,data/working/issue19-hubei-official-plan-major-crosscheck-packets.csv,湖北招生考试2026年19期·本科普通批（下）,ee61fc69389f24a9a7830167113cf0ddc0447f8fa4b2743cd3241be60a9bd86d,issue19_hubei_official_query_key_collision_ledger,逐专业招生明细×官方查询键碰撞,false,false,H660|H66003|4,2,1,1,M-e1f1bcec2c9a110f,G-2aca5bdc5beeec87,H660,长沙理工大学,H66003,H660,H66003,4,179,30,4,智能电网信息工程,,,5900,pending_hubei_official_platform_query,pending_hubei_official_plan_review,,,官方系统回填必须同时使用专业行ID、专业组出现ID、来源页码、专业组内专业序号和官方返回行证据；不得只按院校代码+专业组代码+专业代号合并。,官方查询键不唯一，未消歧前不得写入最终事实或志愿排序。,回看PDF原页位置，并在湖北官方系统或省招办计划中逐行截图/导出证据后按专业行ID回填。
OFFICIALKEYCOLLISION-95f88095f0ce662d,data/working/issue19-hubei-official-plan-major-crosscheck-packets.csv,湖北招生考试2026年19期·本科普通批（下）,ee61fc69389f24a9a7830167113cf0ddc0447f8fa4b2743cd3241be60a9bd86d,issue19_hubei_official_query_key_collision_ledger,逐专业招生明细×官方查询键碰撞,false,false,H663|H66306|17,2,1,1,M-0cb46a42e0ab2ccc,G-2803751e9064829c,H663,湖南中医药大学,H66306,H663,H66306,17,180,3,17,生物制药（不招色盲色弱且不招单色识别不全者）,,2,'5900,pending_hubei_official_platform_query,pending_hubei_official_plan_review,,,官方系统回填必须同时使用专业行ID、专业组出现ID、来源页码、专业组内专业序号和官方返回行证据；不得只按院校代码+专业组代码+专业代号合并。,官方查询键不唯一，未消歧前不得写入最终事实或志愿排序。,回看PDF原页位置，并在湖北官方系统或省招办计划中逐行截图/导出证据后按专业行ID回填。
OFFICIALKEYCOLLISION-f2a4fc12790ae67e,data/working/issue19-hubei-official-plan-major-crosscheck-packets.csv,湖北招生考试2026年19期·本科普通批（下）,ee61fc69389f24a9a7830167113cf0ddc0447f8fa4b2743cd3241be60a9bd86d,issue19_hubei_official_query_key_collision_ledger,逐专业招生明细×官方查询键碰撞,false,false,H663|H66306|17,2,1,1,M-19d3499ffa6809de,G-2803751e9064829c,H663,湖南中医药大学,H66306,H663,H66306,17,180,6,17,文物与博物馆学（办学地点：湖南长,不限,2,5300,pending_hubei_official_platform_query,pending_hubei_official_plan_review,,,官方系统回填必须同时使用专业行ID、专业组出现ID、来源页码、专业组内专业序号和官方返回行证据；不得只按院校代码+专业组代码+专业代号合并。,官方查询键不唯一，未消歧前不得写入最终事实或志愿排序。,回看PDF原页位置，并在湖北官方系统或省招办计划中逐行截图/导出证据后按专业行ID回填。
OFFICIALKEYCOLLISION-12d44a85fe4ccfc5,data/working/issue19-hubei-official-plan-major-crosscheck-packets.csv,湖北招生考试2026年19期·本科普通批（下）,ee61fc69389f24a9a7830167113cf0ddc0447f8fa4b2743cd3241be60a9bd86d,issue19_hubei_official_query_key_collision_ledger,逐专业招生明细×官方查询键碰撞,false,false,H663|H66306|18,2,1,1,M-6d0238067b8c9981,G-2803751e9064829c,H663,湖南中医药大学,H66306,H663,H66306,18,180,4,18,护理学（不招色盲色弱且不招单色识别不全者）H667 湖南师范大学（公办）（湖南）,,3,7500,pending_hubei_official_platform_query,pending_hubei_official_plan_review,,,官方系统回填必须同时使用专业行ID、专业组出现ID、来源页码、专业组内专业序号和官方返回行证据；不得只按院校代码+专业组代码+专业代号合并。,官方查询键不唯一，未消歧前不得写入最终事实或志愿排序。,回看PDF原页位置，并在湖北官方系统或省招办计划中逐行截图/导出证据后按专业行ID回填。
OFFICIALKEYCOLLISION-e60c79b7c6cc781e,data/working/issue19-hubei-official-plan-major-crosscheck-packets.csv,湖北招生考试2026年19期·本科普通批（下）,ee61fc69389f24a9a7830167113cf0ddc0447f8fa4b2743cd3241be60a9bd86d,issue19_hubei_official_query_key_collision_ledger,逐专业招生明细×官方查询键碰撞,false,false,H663|H66306|18,2,1,1,M-3cbf78da62ca0b10,G-2803751e9064829c,H663,湖南中医药大学,H66306,H663,H66306,18,180,7,18,法学（办学地点：湖南长沙）,,2,5500,pending_hubei_official_platform_query,pending_hubei_official_plan_review,,,官方系统回填必须同时使用专业行ID、专业组出现ID、来源页码、专业组内专业序号和官方返回行证据；不得只按院校代码+专业组代码+专业代号合并。,官方查询键不唯一，未消歧前不得写入最终事实或志愿排序。,回看PDF原页位置，并在湖北官方系统或省招办计划中逐行截图/导出证据后按专业行ID回填。
OFFICIALKEYCOLLISION-f6dfb0d535d8e488,data/working/issue19-hubei-official-plan-major-crosscheck-packets.csv,湖北招生考试2026年19期·本科普通批（下）,ee61fc69389f24a9a7830167113cf0ddc0447f8fa4b2743cd3241be60a9bd86d,issue19_hubei_official_query_key_collision_ledger,逐专业招生明细×官方查询键碰撞,false,false,H674|H67404|04,2,1,1,M-9022c8864a78821c,G-0b666158ddf76a38,H674,湖南科技学院,H67404,H674,H67404,04,182,1,04,信息与计算科学,,2,4500,pending_hubei_official_platform_query,pending_hubei_official_plan_review,,,官方系统回填必须同时使用专业行ID、专业组出现ID、来源页码、专业组内专业序号和官方返回行证据；不得只按院校代码+专业组代码+专业代号合并。,官方查询键不唯一，未消歧前不得写入最终事实或志愿排序。,回看PDF原页位置，并在湖北官方系统或省招办计划中逐行截图/导出证据后按专业行ID回填。
OFFICIALKEYCOLLISION-1e9c4b897676043a,data/working/issue19-hubei-official-plan-major-crosscheck-packets.csv,湖北招生考试2026年19期·本科普通批（下）,ee61fc69389f24a9a7830167113cf0ddc0447f8fa4b2743cd3241be60a9bd86d,issue19_hubei_official_query_key_collision_ledger,逐专业招生明细×官方查询键碰撞,false,false,H674|H67404|04,2,1,1,M-9e8ec23626d3114e,G-0b666158ddf76a38,H674,湖南科技学院,H67404,H674,H67404,04,182,7,04,机械设计制造及其自动化,,5,5900,pending_hubei_official_platform_query,pending_hubei_official_plan_review,,,官方系统回填必须同时使用专业行ID、专业组出现ID、来源页码、专业组内专业序号和官方返回行证据；不得只按院校代码+专业组代码+专业代号合并。,官方查询键不唯一，未消歧前不得写入最终事实或志愿排序。,回看PDF原页位置，并在湖北官方系统或省招办计划中逐行截图/导出证据后按专业行ID回填。
OFFICIALKEYCOLLISION-b0831136f995434d,data/working/issue19-hubei-official-plan-major-crosscheck-packets.csv,湖北招生考试2026年19期·本科普通批（下）,ee61fc69389f24a9a7830167113cf0ddc0447f8fa4b2743cd3241be60a9bd86d,issue19_hubei_official_query_key_collision_ledger,逐专业招生明细×官方查询键碰撞,false,false,H674|H67404|05,2,1,1,M-9a2f9e79228ae46e,G-0b666158ddf76a38,H674,湖南科技学院,H67404,H674,H67404,05,182,2,05,食品质量与安全,,2,5900,pending_hubei_official_platform_query,pending_hubei_official_plan_review,,,官方系统回填必须同时使用专业行ID、专业组出现ID、来源页码、专业组内专业序号和官方返回行证据；不得只按院校代码+专业组代码+专业代号合并。,官方查询键不唯一，未消歧前不得写入最终事实或志愿排序。,回看PDF原页位置，并在湖北官方系统或省招办计划中逐行截图/导出证据后按专业行ID回填。
OFFICIALKEYCOLLISION-48dcf4ba313dd103,data/working/issue19-hubei-official-plan-major-crosscheck-packets.csv,湖北招生考试2026年19期·本科普通批（下）,ee61fc69389f24a9a7830167113cf0ddc0447f8fa4b2743cd3241be60a9bd86d,issue19_hubei_official_query_key_collision_ledger,逐专业招生明细×官方查询键碰撞,false,false,H674|H67404|05,2,1,1,M-7d4d7f1ab8d19c9a,G-0b666158ddf76a38,H674,湖南科技学院,H67404,H674,H67404,05,182,8,05,能源与动力工程H676 湖南工商大学（公办）（湖南）,,5,5900,pending_hubei_official_platform_query,pending_hubei_official_plan_review,,,官方系统回填必须同时使用专业行ID、专业组出现ID、来源页码、专业组内专业序号和官方返回行证据；不得只按院校代码+专业组代码+专业代号合并。,官方查询键不唯一，未消歧前不得写入最终事实或志愿排序。,回看PDF原页位置，并在湖北官方系统或省招办计划中逐行截图/导出证据后按专业行ID回填。
OFFICIALKEYCOLLISION-7f873b185ca202cc,data/working/issue19-hubei-official-plan-major-crosscheck-packets.csv,湖北招生考试2026年19期·本科普通批（下）,ee61fc69389f24a9a7830167113cf0ddc0447f8fa4b2743cd3241be60a9bd86d,issue19_hubei_official_query_key_collision_ledger,逐专业招生明细×官方查询键碰撞,false,false,H838|H83803|04,2,1,1,M-4a78427dbec05471,G-10735d8a412e2e98,H838,广州南方学院,H83803,H838,H83803,04,192,1,04,电气工程及其自动化,「化学,,36000,pending_hubei_official_platform_query,pending_hubei_official_plan_review,,,官方系统回填必须同时使用专业行ID、专业组出现ID、来源页码、专业组内专业序号和官方返回行证据；不得只按院校代码+专业组代码+专业代号合并。,官方查询键不唯一，未消歧前不得写入最终事实或志愿排序。,回看PDF原页位置，并在湖北官方系统或省招办计划中逐行截图/导出证据后按专业行ID回填。
OFFICIALKEYCOLLISION-ae3ece63110ea408,data/working/issue19-hubei-official-plan-major-crosscheck-packets.csv,湖北招生考试2026年19期·本科普通批（下）,ee61fc69389f24a9a7830167113cf0ddc0447f8fa4b2743cd3241be60a9bd86d,issue19_hubei_official_query_key_collision_ledger,逐专业招生明细×官方查询键碰撞,false,false,H838|H83803|04,2,1,1,M-59e059d12cc383d8,G-10735d8a412e2e98,H838,广州南方学院,H83803,H838,H83803,04,192,3,04,会计学「H83903 广东外语外贸大学南国商学院第 03/化学,,,2,pending_hubei_official_platform_query,pending_hubei_official_plan_review,,,官方系统回填必须同时使用专业行ID、专业组出现ID、来源页码、专业组内专业序号和官方返回行证据；不得只按院校代码+专业组代码+专业代号合并。,官方查询键不唯一，未消歧前不得写入最终事实或志愿排序。,回看PDF原页位置，并在湖北官方系统或省招办计划中逐行截图/导出证据后按专业行ID回填。
OFFICIALKEYCOLLISION-dda65171663bab8d,data/working/issue19-hubei-official-plan-major-crosscheck-packets.csv,湖北招生考试2026年19期·本科普通批（下）,ee61fc69389f24a9a7830167113cf0ddc0447f8fa4b2743cd3241be60a9bd86d,issue19_hubei_official_query_key_collision_ledger,逐专业招生明细×官方查询键碰撞,false,false,H838|H83803|05,2,1,1,M-7a3425369713a2a4,G-10735d8a412e2e98,H838,广州南方学院,H83803,H838,H83803,05,192,2,05,计算机科学与技术H839广东外语外贸大学南国商学院（独立）（广东）H83902广东外语外贸大学南国商学院第02|不限,,,36000,pending_hubei_official_platform_query,pending_hubei_official_plan_review,,,官方系统回填必须同时使用专业行ID、专业组出现ID、来源页码、专业组内专业序号和官方返回行证据；不得只按院校代码+专业组代码+专业代号合并。,官方查询键不唯一，未消歧前不得写入最终事实或志愿排序。,回看PDF原页位置，并在湖北官方系统或省招办计划中逐行截图/导出证据后按专业行ID回填。
OFFICIALKEYCOLLISION-0747ead8a69ccb67,data/working/issue19-hubei-official-plan-major-crosscheck-packets.csv,湖北招生考试2026年19期·本科普通批（下）,ee61fc69389f24a9a7830167113cf0ddc0447f8fa4b2743cd3241be60a9bd86d,issue19_hubei_official_query_key_collision_ledger,逐专业招生明细×官方查询键碰撞,false,false,H838|H83803|05,2,1,1,M-3ecdaa097e93ee9e,G-10735d8a412e2e98,H838,广州南方学院,H83803,H838,H83803,05,192,4,05,计算机科学与技术H843广州理工学院（民办）（广东）,,,2,pending_hubei_official_platform_query,pending_hubei_official_plan_review,,,官方系统回填必须同时使用专业行ID、专业组出现ID、来源页码、专业组内专业序号和官方返回行证据；不得只按院校代码+专业组代码+专业代号合并。,官方查询键不唯一，未消歧前不得写入最终事实或志愿排序。,回看PDF原页位置，并在湖北官方系统或省招办计划中逐行截图/导出证据后按专业行ID回填。
OFFICIALKEYCOLLISION-0a094c35caf6f1fc,data/working/issue19-hubei-official-plan-major-crosscheck-packets.csv,湖北招生考试2026年19期·本科普通批（下）,ee61fc69389f24a9a7830167113cf0ddc0447f8fa4b2743cd3241be60a9bd86d,issue19_hubei_official_query_key_collision_ledger,逐专业招生明细×官方查询键碰撞,false,false,H859|H85905|19,2,1,1,M-4033e04b7ebc0785,G-a850de0b696ed2c6,H859,深圳北理莫斯科大学,H85905,H859,H85905,19,194,1,19,电子与计算机工程（中外合作办袭淫胁豢島涩鮤奀鑫翥奠專獎蘿译仅注册深圳北理莫斯科大学学籍业达到要求，颁发深圳北理莫斯科本学学历学位证书；3. 数学单科成绩不低于9...,「化学,,50000,pending_hubei_official_platform_query,pending_hubei_official_plan_review,,,官方系统回填必须同时使用专业行ID、专业组出现ID、来源页码、专业组内专业序号和官方返回行证据；不得只按院校代码+专业组代码+专业代号合并。,官方查询键不唯一，未消歧前不得写入最终事实或志愿排序。,回看PDF原页位置，并在湖北官方系统或省招办计划中逐行截图/导出证据后按专业行ID回填。
OFFICIALKEYCOLLISION-f2c47a9210c8f4e7,data/working/issue19-hubei-official-plan-major-crosscheck-packets.csv,湖北招生考试2026年19期·本科普通批（下）,ee61fc69389f24a9a7830167113cf0ddc0447f8fa4b2743cd3241be60a9bd86d,issue19_hubei_official_query_key_collision_ledger,逐专业招生明细×官方查询键碰撞,false,false,H859|H85905|19,2,1,1,M-ca19311c694754e2,G-a850de0b696ed2c6,H859,深圳北理莫斯科大学,H85905,H859,H85905,19,194,2,19,期資亮訴亭院校专业组及专业代号H860广东以色列理工学院（中外）（广东）,,,,pending_hubei_official_platform_query,pending_hubei_official_plan_review,,,官方系统回填必须同时使用专业行ID、专业组出现ID、来源页码、专业组内专业序号和官方返回行证据；不得只按院校代码+专业组代码+专业代号合并。,官方查询键不唯一，未消歧前不得写入最终事实或志愿排序。,回看PDF原页位置，并在湖北官方系统或省招办计划中逐行截图/导出证据后按专业行ID回填。
OFFICIALKEYCOLLISION-e735ad73706b0675,data/working/issue19-hubei-official-plan-major-crosscheck-packets.csv,湖北招生考试2026年19期·本科普通批（下）,ee61fc69389f24a9a7830167113cf0ddc0447f8fa4b2743cd3241be60a9bd86d,issue19_hubei_official_query_key_collision_ledger,逐专业招生明细×官方查询键碰撞,false,false,H881|H88103|04,2,1,1,M-bff956d59f6c7308,G-a6b08868684cdc31,H881,江西师范大学科学技术学院,H88103,H881,H88103,04,163,1,04,数据科学与大数据技术（办学地点：共青城）,,14500,,pending_hubei_official_platform_query,pending_hubei_official_plan_review,,,官方系统回填必须同时使用专业行ID、专业组出现ID、来源页码、专业组内专业序号和官方返回行证据；不得只按院校代码+专业组代码+专业代号合并。,官方查询键不唯一，未消歧前不得写入最终事实或志愿排序。,回看PDF原页位置，并在湖北官方系统或省招办计划中逐行截图/导出证据后按专业行ID回填。
OFFICIALKEYCOLLISION-0f0506a41b72f989,data/working/issue19-hubei-official-plan-major-crosscheck-packets.csv,湖北招生考试2026年19期·本科普通批（下）,ee61fc69389f24a9a7830167113cf0ddc0447f8fa4b2743cd3241be60a9bd86d,issue19_hubei_official_query_key_collision_ledger,逐专业招生明细×官方查询键碰撞,false,false,H881|H88103|04,2,1,1,M-f752a0d75fd82e28,G-a6b08868684cdc31,H881,江西师范大学科学技术学院,H88103,H881,H88103,04,163,11,04,组二年在,,3,,pending_hubei_official_platform_query,pending_hubei_official_plan_review,,,官方系统回填必须同时使用专业行ID、专业组出现ID、来源页码、专业组内专业序号和官方返回行证据；不得只按院校代码+专业组代码+专业代号合并。,官方查询键不唯一，未消歧前不得写入最终事实或志愿排序。,回看PDF原页位置，并在湖北官方系统或省招办计划中逐行截图/导出证据后按专业行ID回填。
OFFICIALKEYCOLLISION-4bdb18375d887e60,data/working/issue19-hubei-official-plan-major-crosscheck-packets.csv,湖北招生考试2026年19期·本科普通批（下）,ee61fc69389f24a9a7830167113cf0ddc0447f8fa4b2743cd3241be60a9bd86d,issue19_hubei_official_query_key_collision_ledger,逐专业招生明细×官方查询键碰撞,false,false,H950|H95003|01,2,1,1,M-485a285727a54758,G-cd5bf76599bd60a2,H950,桂林学院,H95003,H950,H95003,01,199,8,01,组,,16,15000,pending_hubei_official_platform_query,pending_hubei_official_plan_review,,,官方系统回填必须同时使用专业行ID、专业组出现ID、来源页码、专业组内专业序号和官方返回行证据；不得只按院校代码+专业组代码+专业代号合并。,官方查询键不唯一，未消歧前不得写入最终事实或志愿排序。,回看PDF原页位置，并在湖北官方系统或省招办计划中逐行截图/导出证据后按专业行ID回填。
OFFICIALKEYCOLLISION-1fd25d1fae4defed,data/working/issue19-hubei-official-plan-major-crosscheck-packets.csv,湖北招生考试2026年19期·本科普通批（下）,ee61fc69389f24a9a7830167113cf0ddc0447f8fa4b2743cd3241be60a9bd86d,issue19_hubei_official_query_key_collision_ledger,逐专业招生明细×官方查询键碰撞,false,false,H950|H95003|01,2,1,1,M-123a1e221547c741,G-cd5bf76599bd60a2,H950,桂林学院,H95003,H950,H95003,01,199,9,01,中医学（不招色盲、色弱考生；学制：五年）,,16,15000,pending_hubei_official_platform_query,pending_hubei_official_plan_review,,,官方系统回填必须同时使用专业行ID、专业组出现ID、来源页码、专业组内专业序号和官方返回行证据；不得只按院校代码+专业组代码+专业代号合并。,官方查询键不唯一，未消歧前不得写入最终事实或志愿排序。,回看PDF原页位置，并在湖北官方系统或省招办计划中逐行截图/导出证据后按专业行ID回填。
OFFICIALKEYCOLLISION-3fd9116fceb82ea6,data/working/issue19-hubei-official-plan-major-crosscheck-packets.csv,湖北招生考试2026年19期·本科普通批（下）,ee61fc69389f24a9a7830167113cf0ddc0447f8fa4b2743cd3241be60a9bd86d,issue19_hubei_official_query_key_collision_ledger,逐专业招生明细×官方查询键碰撞,false,false,H950|H95003|02,2,1,1,M-983f22d5bc29a6df,G-cd5bf76599bd60a2,H950,桂林学院,H95003,H950,H95003,02,199,10,02,针灸推奪学（不招色盲、色弱考生；学制：五年）,,10,15000,pending_hubei_official_platform_query,pending_hubei_official_plan_review,,,官方系统回填必须同时使用专业行ID、专业组出现ID、来源页码、专业组内专业序号和官方返回行证据；不得只按院校代码+专业组代码+专业代号合并。,官方查询键不唯一，未消歧前不得写入最终事实或志愿排序。,回看PDF原页位置，并在湖北官方系统或省招办计划中逐行截图/导出证据后按专业行ID回填。
OFFICIALKEYCOLLISION-c2413f5cfcd766bb,data/working/issue19-hubei-official-plan-major-crosscheck-packets.csv,湖北招生考试2026年19期·本科普通批（下）,ee61fc69389f24a9a7830167113cf0ddc0447f8fa4b2743cd3241be60a9bd86d,issue19_hubei_official_query_key_collision_ledger,逐专业招生明细×官方查询键碰撞,false,false,H950|H95003|02,2,1,1,M-5db93a3f4207c643,G-cd5bf76599bd60a2,H950,桂林学院,H95003,H950,H95003,02,199,11,02,组,,11,15000,pending_hubei_official_platform_query,pending_hubei_official_plan_review,,,官方系统回填必须同时使用专业行ID、专业组出现ID、来源页码、专业组内专业序号和官方返回行证据；不得只按院校代码+专业组代码+专业代号合并。,官方查询键不唯一，未消歧前不得写入最终事实或志愿排序。,回看PDF原页位置，并在湖北官方系统或省招办计划中逐行截图/导出证据后按专业行ID回填。
OFFICIALKEYCOLLISION-4495853a47054ce1,data/working/issue19-hubei-official-plan-major-crosscheck-packets.csv,湖北招生考试2026年19期·本科普通批（下）,ee61fc69389f24a9a7830167113cf0ddc0447f8fa4b2743cd3241be60a9bd86d,issue19_hubei_official_query_key_collision_ledger,逐专业招生明细×官方查询键碰撞,false,false,H950|H95003|03,2,1,1,M-156755135dc6d73c,G-cd5bf76599bd60a2,H950,桂林学院,H95003,H950,H95003,03,199,12,03,药学（不招色盲、色弱考生）,,2,15000,pending_hubei_official_platform_query,pending_hubei_official_plan_review,,,官方系统回填必须同时使用专业行ID、专业组出现ID、来源页码、专业组内专业序号和官方返回行证据；不得只按院校代码+专业组代码+专业代号合并。,官方查询键不唯一，未消歧前不得写入最终事实或志愿排序。,回看PDF原页位置，并在湖北官方系统或省招办计划中逐行截图/导出证据后按专业行ID回填。
OFFICIALKEYCOLLISION-6662e658f45b668e,data/working/issue19-hubei-official-plan-major-crosscheck-packets.csv,湖北招生考试2026年19期·本科普通批（下）,ee61fc69389f24a9a7830167113cf0ddc0447f8fa4b2743cd3241be60a9bd86d,issue19_hubei_official_query_key_collision_ledger,逐专业招生明细×官方查询键碰撞,false,false,H950|H95003|03,2,1,1,M-f3955e229ab494bc,G-cd5bf76599bd60a2,H950,桂林学院,H95003,H950,H95003,03,199,16,03,组,,8,15000,pending_hubei_official_platform_query,pending_hubei_official_plan_review,,,官方系统回填必须同时使用专业行ID、专业组出现ID、来源页码、专业组内专业序号和官方返回行证据；不得只按院校代码+专业组代码+专业代号合并。,官方查询键不唯一，未消歧前不得写入最终事实或志愿排序。,回看PDF原页位置，并在湖北官方系统或省招办计划中逐行截图/导出证据后按专业行ID回填。
OFFICIALKEYCOLLISION-5be1ef7915649dc7,data/working/issue19-hubei-official-plan-major-crosscheck-packets.csv,湖北招生考试2026年19期·本科普通批（下）,ee61fc69389f24a9a7830167113cf0ddc0447f8fa4b2743cd3241be60a9bd86d,issue19_hubei_official_query_key_collision_ledger,逐专业招生明细×官方查询键碰撞,false,false,K005|K00505|06,2,1,1,M-68b6096c537fec1d,G-d2c32a2887ae3b29,K005,琼台师范学院,K00505,K005,K00505,06,202,1,06,软件工程（办学地点：桂林洋校区）,化学,,4620,pending_hubei_official_platform_query,pending_hubei_official_plan_review,,,官方系统回填必须同时使用专业行ID、专业组出现ID、来源页码、专业组内专业序号和官方返回行证据；不得只按院校代码+专业组代码+专业代号合并。,官方查询键不唯一，未消歧前不得写入最终事实或志愿排序。,回看PDF原页位置，并在湖北官方系统或省招办计划中逐行截图/导出证据后按专业行ID回填。
OFFICIALKEYCOLLISION-e52a81b8efb290f1,data/working/issue19-hubei-official-plan-major-crosscheck-packets.csv,湖北招生考试2026年19期·本科普通批（下）,ee61fc69389f24a9a7830167113cf0ddc0447f8fa4b2743cd3241be60a9bd86d,issue19_hubei_official_query_key_collision_ledger,逐专业招生明细×官方查询键碰撞,false,false,K005|K00505|06,2,1,1,M-1d948bdb8e0f5e65,G-d2c32a2887ae3b29,K005,琼台师范学院,K00505,K005,K00505,06,202,8,06,电气工程与智能控制（英语教学为主，非英语语种考生慎重报名）K035 海口经济学院（民办）（海南）,,,10万,pending_hubei_official_platform_query,pending_hubei_official_plan_review,,,官方系统回填必须同时使用专业行ID、专业组出现ID、来源页码、专业组内专业序号和官方返回行证据；不得只按院校代码+专业组代码+专业代号合并。,官方查询键不唯一，未消歧前不得写入最终事实或志愿排序。,回看PDF原页位置，并在湖北官方系统或省招办计划中逐行截图/导出证据后按专业行ID回填。
OFFICIALKEYCOLLISION-0ab7991ac6e87ea8,data/working/issue19-hubei-official-plan-major-crosscheck-packets.csv,湖北招生考试2026年19期·本科普通批（下）,ee61fc69389f24a9a7830167113cf0ddc0447f8fa4b2743cd3241be60a9bd86d,issue19_hubei_official_query_key_collision_ledger,逐专业招生明细×官方查询键碰撞,false,false,K270|K27005|05,2,1,1,M-f6ee06f85b13d08e,G-cebdde10f4e25ac6,K270,贵州民族大学,K27005,K270,K27005,05,216,1,05,人工智能（中外合作办学）K271 贵阳学院（公办）（贵州）,化学,12,,pending_hubei_official_platform_query,pending_hubei_official_plan_review,,,官方系统回填必须同时使用专业行ID、专业组出现ID、来源页码、专业组内专业序号和官方返回行证据；不得只按院校代码+专业组代码+专业代号合并。,官方查询键不唯一，未消歧前不得写入最终事实或志愿排序。,回看PDF原页位置，并在湖北官方系统或省招办计划中逐行截图/导出证据后按专业行ID回填。
OFFICIALKEYCOLLISION-561c900eee19d896,data/working/issue19-hubei-official-plan-major-crosscheck-packets.csv,湖北招生考试2026年19期·本科普通批（下）,ee61fc69389f24a9a7830167113cf0ddc0447f8fa4b2743cd3241be60a9bd86d,issue19_hubei_official_query_key_collision_ledger,逐专业招生明细×官方查询键碰撞,false,false,K270|K27005|05,2,1,1,M-986dca49ef915961,G-cebdde10f4e25ac6,K270,贵州民族大学,K27005,K270,K27005,05,216,3,05,小学教育（师范类）,,,4100,pending_hubei_official_platform_query,pending_hubei_official_plan_review,,,官方系统回填必须同时使用专业行ID、专业组出现ID、来源页码、专业组内专业序号和官方返回行证据；不得只按院校代码+专业组代码+专业代号合并。,官方查询键不唯一，未消歧前不得写入最终事实或志愿排序。,回看PDF原页位置，并在湖北官方系统或省招办计划中逐行截图/导出证据后按专业行ID回填。
OFFICIALKEYCOLLISION-4a46610f981812a0,data/working/issue19-hubei-official-plan-major-crosscheck-packets.csv,湖北招生考试2026年19期·本科普通批（下）,ee61fc69389f24a9a7830167113cf0ddc0447f8fa4b2743cd3241be60a9bd86d,issue19_hubei_official_query_key_collision_ledger,逐专业招生明细×官方查询键碰撞,false,false,K275|K27502|02,2,1,1,M-ce7df9e99e3807dd,G-d94504b7630e62c6,K275,贵州师范学院,K27502,K275,K27502,02,216,1,02,生物科学（师范类；不招色弱、色盲、单色不识别考生）K276 贵州理工学院（公办）（贵州）27601 贵州理工学院第01组,,,4200,pending_hubei_official_platform_query,pending_hubei_official_plan_review,,,官方系统回填必须同时使用专业行ID、专业组出现ID、来源页码、专业组内专业序号和官方返回行证据；不得只按院校代码+专业组代码+专业代号合并。,官方查询键不唯一，未消歧前不得写入最终事实或志愿排序。,回看PDF原页位置，并在湖北官方系统或省招办计划中逐行截图/导出证据后按专业行ID回填。
OFFICIALKEYCOLLISION-48bbfaecfac63f2d,data/working/issue19-hubei-official-plan-major-crosscheck-packets.csv,湖北招生考试2026年19期·本科普通批（下）,ee61fc69389f24a9a7830167113cf0ddc0447f8fa4b2743cd3241be60a9bd86d,issue19_hubei_official_query_key_collision_ledger,逐专业招生明细×官方查询键碰撞,false,false,K275|K27502|02,2,1,1,M-f0b857c68971f5f1,G-d94504b7630e62c6,K275,贵州师范学院,K27502,K275,K27502,02,216,2,02,智能科学与技术,,,4200,pending_hubei_official_platform_query,pending_hubei_official_plan_review,,,官方系统回填必须同时使用专业行ID、专业组出现ID、来源页码、专业组内专业序号和官方返回行证据；不得只按院校代码+专业组代码+专业代号合并。,官方查询键不唯一，未消歧前不得写入最终事实或志愿排序。,回看PDF原页位置，并在湖北官方系统或省招办计划中逐行截图/导出证据后按专业行ID回填。
OFFICIALKEYCOLLISION-f29d3ae736e0c3af,data/working/issue19-hubei-official-plan-major-crosscheck-packets.csv,湖北招生考试2026年19期·本科普通批（下）,ee61fc69389f24a9a7830167113cf0ddc0447f8fa4b2743cd3241be60a9bd86d,issue19_hubei_official_query_key_collision_ledger,逐专业招生明细×官方查询键碰撞,false,false,K310|K31003|02,2,1,1,M-ea74776b86cff1d0,G-49e643a8075e66a8,K310,贵阳人文科技学院,K31003,K310,K31003,02,217,5,02,组,,,12000,pending_hubei_official_platform_query,pending_hubei_official_plan_review,,,官方系统回填必须同时使用专业行ID、专业组出现ID、来源页码、专业组内专业序号和官方返回行证据；不得只按院校代码+专业组代码+专业代号合并。,官方查询键不唯一，未消歧前不得写入最终事实或志愿排序。,回看PDF原页位置，并在湖北官方系统或省招办计划中逐行截图/导出证据后按专业行ID回填。
OFFICIALKEYCOLLISION-5bdd89c7cc5bd439,data/working/issue19-hubei-official-plan-major-crosscheck-packets.csv,湖北招生考试2026年19期·本科普通批（下）,ee61fc69389f24a9a7830167113cf0ddc0447f8fa4b2743cd3241be60a9bd86d,issue19_hubei_official_query_key_collision_ledger,逐专业招生明细×官方查询键碰撞,false,false,K310|K31003|02,2,1,1,M-0b48c43c67578511,G-49e643a8075e66a8,K310,贵阳人文科技学院,K31003,K310,K31003,02,217,6,02,中药学（办学地点：神奇学院）K31303 贵州医科大学神奇民族医药学院第 生物,,,12000,pending_hubei_official_platform_query,pending_hubei_official_plan_review,,,官方系统回填必须同时使用专业行ID、专业组出现ID、来源页码、专业组内专业序号和官方返回行证据；不得只按院校代码+专业组代码+专业代号合并。,官方查询键不唯一，未消歧前不得写入最终事实或志愿排序。,回看PDF原页位置，并在湖北官方系统或省招办计划中逐行截图/导出证据后按专业行ID回填。
OFFICIALKEYCOLLISION-7375a31f78d3e793,data/working/issue19-hubei-official-plan-major-crosscheck-packets.csv,湖北招生考试2026年19期·本科普通批（下）,ee61fc69389f24a9a7830167113cf0ddc0447f8fa4b2743cd3241be60a9bd86d,issue19_hubei_official_query_key_collision_ledger,逐专业招生明细×官方查询键碰撞,false,false,K310|K31003|03,2,1,1,M-9f06e2b624082bd7,G-49e643a8075e66a8,K310,贵阳人文科技学院,K31003,K310,K31003,03,217,7,03,组,,,12000,pending_hubei_official_platform_query,pending_hubei_official_plan_review,,,官方系统回填必须同时使用专业行ID、专业组出现ID、来源页码、专业组内专业序号和官方返回行证据；不得只按院校代码+专业组代码+专业代号合并。,官方查询键不唯一，未消歧前不得写入最终事实或志愿排序。,回看PDF原页位置，并在湖北官方系统或省招办计划中逐行截图/导出证据后按专业行ID回填。
OFFICIALKEYCOLLISION-d9c30a075f4dfbc9,data/working/issue19-hubei-official-plan-major-crosscheck-packets.csv,湖北招生考试2026年19期·本科普通批（下）,ee61fc69389f24a9a7830167113cf0ddc0447f8fa4b2743cd3241be60a9bd86d,issue19_hubei_official_query_key_collision_ledger,逐专业招生明细×官方查询键碰撞,false,false,K310|K31003|03,2,1,1,M-71139a2cc510da52,G-49e643a8075e66a8,K310,贵阳人文科技学院,K31003,K310,K31003,03,217,8,03,护理学（办学地点：神奇学院）K314 茅台学院（民办）（贵州）,,12,12000,pending_hubei_official_platform_query,pending_hubei_official_plan_review,,,官方系统回填必须同时使用专业行ID、专业组出现ID、来源页码、专业组内专业序号和官方返回行证据；不得只按院校代码+专业组代码+专业代号合并。,官方查询键不唯一，未消歧前不得写入最终事实或志愿排序。,回看PDF原页位置，并在湖北官方系统或省招办计划中逐行截图/导出证据后按专业行ID回填。
OFFICIALKEYCOLLISION-0a12cc1a653b4f92,data/working/issue19-hubei-official-plan-major-crosscheck-packets.csv,湖北招生考试2026年19期·本科普通批（下）,ee61fc69389f24a9a7830167113cf0ddc0447f8fa4b2743cd3241be60a9bd86d,issue19_hubei_official_query_key_collision_ledger,逐专业招生明细×官方查询键碰撞,false,false,K405|K40503|09,2,1,1,M-2b9c952732070eef,G-b27a0dffc5f01414,K405,昆明文理学院,K40503,K405,K40503,09,221,1,09,数学与应用数学（办学地点：杨林校,,2,21000,pending_hubei_official_platform_query,pending_hubei_official_plan_review,,,官方系统回填必须同时使用专业行ID、专业组出现ID、来源页码、专业组内专业序号和官方返回行证据；不得只按院校代码+专业组代码+专业代号合并。,官方查询键不唯一，未消歧前不得写入最终事实或志愿排序。,回看PDF原页位置，并在湖北官方系统或省招办计划中逐行截图/导出证据后按专业行ID回填。
OFFICIALKEYCOLLISION-5c0ac23bfb9c377d,data/working/issue19-hubei-official-plan-major-crosscheck-packets.csv,湖北招生考试2026年19期·本科普通批（下）,ee61fc69389f24a9a7830167113cf0ddc0447f8fa4b2743cd3241be60a9bd86d,issue19_hubei_official_query_key_collision_ledger,逐专业招生明细×官方查询键碰撞,false,false,K405|K40503|09,2,1,1,M-5edb86a30e5cab73,G-b27a0dffc5f01414,K405,昆明文理学院,K40503,K405,K40503,09,221,5,09,文化产业管理（办学地点：空港校区）,,2,22000,pending_hubei_official_platform_query,pending_hubei_official_plan_review,,,官方系统回填必须同时使用专业行ID、专业组出现ID、来源页码、专业组内专业序号和官方返回行证据；不得只按院校代码+专业组代码+专业代号合并。,官方查询键不唯一，未消歧前不得写入最终事实或志愿排序。,回看PDF原页位置，并在湖北官方系统或省招办计划中逐行截图/导出证据后按专业行ID回填。
OFFICIALKEYCOLLISION-9b257a0ef4d48e63,data/working/issue19-hubei-official-plan-major-crosscheck-packets.csv,湖北招生考试2026年19期·本科普通批（下）,ee61fc69389f24a9a7830167113cf0ddc0447f8fa4b2743cd3241be60a9bd86d,issue19_hubei_official_query_key_collision_ledger,逐专业招生明细×官方查询键碰撞,false,false,K405|K40503|10,2,1,1,M-7d264acde44f4ac3,G-b27a0dffc5f01414,K405,昆明文理学院,K40503,K405,K40503,10,221,2,10,数据科学与大数据技术（办学地点：杨林校区）【406 昆明理工大学津桥学院（独立）（云南）,,2,21000,pending_hubei_official_platform_query,pending_hubei_official_plan_review,,,官方系统回填必须同时使用专业行ID、专业组出现ID、来源页码、专业组内专业序号和官方返回行证据；不得只按院校代码+专业组代码+专业代号合并。,官方查询键不唯一，未消歧前不得写入最终事实或志愿排序。,回看PDF原页位置，并在湖北官方系统或省招办计划中逐行截图/导出证据后按专业行ID回填。
OFFICIALKEYCOLLISION-940659f7eb0e6f56,data/working/issue19-hubei-official-plan-major-crosscheck-packets.csv,湖北招生考试2026年19期·本科普通批（下）,ee61fc69389f24a9a7830167113cf0ddc0447f8fa4b2743cd3241be60a9bd86d,issue19_hubei_official_query_key_collision_ledger,逐专业招生明细×官方查询键碰撞,false,false,K405|K40503|10,2,1,1,M-afd7943175ab3409,G-b27a0dffc5f01414,K405,昆明文理学院,K40503,K405,K40503,10,221,6,10,法学（办学地点：空港校区）卫监狱学（办学地点：空港校区）,,2,22000,pending_hubei_official_platform_query,pending_hubei_official_plan_review,,,官方系统回填必须同时使用专业行ID、专业组出现ID、来源页码、专业组内专业序号和官方返回行证据；不得只按院校代码+专业组代码+专业代号合并。,官方查询键不唯一，未消歧前不得写入最终事实或志愿排序。,回看PDF原页位置，并在湖北官方系统或省招办计划中逐行截图/导出证据后按专业行ID回填。
OFFICIALKEYCOLLISION-793ae19af8326dca,data/working/issue19-hubei-official-plan-major-crosscheck-packets.csv,湖北招生考试2026年19期·本科普通批（下）,ee61fc69389f24a9a7830167113cf0ddc0447f8fa4b2743cd3241be60a9bd86d,issue19_hubei_official_query_key_collision_ledger,逐专业招生明细×官方查询键碰撞,false,false,K439|K43909|10,2,1,1,M-25763a7c85172035,G-dc846d32012c9239,K439,西藏民族大学,K43909,K439,K43909,10,222,1,10,临床医学（办学地点：渭城校区：学制：資亮院校专业组及专业代号五年）K461西北大学（公办）（陕西）【46105西北大学第 05组,生,5,3360,pending_hubei_official_platform_query,pending_hubei_official_plan_review,,,官方系统回填必须同时使用专业行ID、专业组出现ID、来源页码、专业组内专业序号和官方返回行证据；不得只按院校代码+专业组代码+专业代号合并。,官方查询键不唯一，未消歧前不得写入最终事实或志愿排序。,回看PDF原页位置，并在湖北官方系统或省招办计划中逐行截图/导出证据后按专业行ID回填。
OFFICIALKEYCOLLISION-aea8cbf456528ef6,data/working/issue19-hubei-official-plan-major-crosscheck-packets.csv,湖北招生考试2026年19期·本科普通批（下）,ee61fc69389f24a9a7830167113cf0ddc0447f8fa4b2743cd3241be60a9bd86d,issue19_hubei_official_query_key_collision_ledger,逐专业招生明细×官方查询键碰撞,false,false,K439|K43909|10,2,1,1,M-3796f9a71840c0d6,G-dc846d32012c9239,K439,西藏民族大学,K43909,K439,K43909,10,222,3,10,金融学（开源证卷智能金融实验班；办学地点：太白校区）【46106 西北大学第 06组二1 床医学（办学地点：太白校区：学制：,,,5500,pending_hubei_official_platform_query,pending_hubei_official_plan_review,,,官方系统回填必须同时使用专业行ID、专业组出现ID、来源页码、专业组内专业序号和官方返回行证据；不得只按院校代码+专业组代码+专业代号合并。,官方查询键不唯一，未消歧前不得写入最终事实或志愿排序。,回看PDF原页位置，并在湖北官方系统或省招办计划中逐行截图/导出证据后按专业行ID回填。
OFFICIALKEYCOLLISION-577b039219055e20,data/working/issue19-hubei-official-plan-major-crosscheck-packets.csv,湖北招生考试2026年19期·本科普通批（下）,ee61fc69389f24a9a7830167113cf0ddc0447f8fa4b2743cd3241be60a9bd86d,issue19_hubei_official_query_key_collision_ledger,逐专业招生明细×官方查询键碰撞,false,false,K461|K46109|21,2,1,1,M-3081b93a65d3e3ef,G-ee5d1e06ed846436,K461,西北大学,K46109,K461,K46109,21,222,1,21,电子信息科学与技术（中外合作办学）（办学地点：长安校区）K462 西安理工大学（公办）（陕西）46202/西安理工大学第 02组,化学,,5,pending_hubei_official_platform_query,pending_hubei_official_plan_review,,,官方系统回填必须同时使用专业行ID、专业组出现ID、来源页码、专业组内专业序号和官方返回行证据；不得只按院校代码+专业组代码+专业代号合并。,官方查询键不唯一，未消歧前不得写入最终事实或志愿排序。,回看PDF原页位置，并在湖北官方系统或省招办计划中逐行截图/导出证据后按专业行ID回填。
OFFICIALKEYCOLLISION-c9975f2c0e99a6e9,data/working/issue19-hubei-official-plan-major-crosscheck-packets.csv,湖北招生考试2026年19期·本科普通批（下）,ee61fc69389f24a9a7830167113cf0ddc0447f8fa4b2743cd3241be60a9bd86d,issue19_hubei_official_query_key_collision_ledger,逐专业招生明细×官方查询键碰撞,false,false,K461|K46109|21,2,1,1,M-e818d195c90007ce,G-ee5d1e06ed846436,K461,西北大学,K46109,K461,K46109,21,222,17,21,农业水利工程（办学地点：曲江校区）22（制药工程（办学地点：曲江校区）,,,6480,pending_hubei_official_platform_query,pending_hubei_official_plan_review,,,官方系统回填必须同时使用专业行ID、专业组出现ID、来源页码、专业组内专业序号和官方返回行证据；不得只按院校代码+专业组代码+专业代号合并。,官方查询键不唯一，未消歧前不得写入最终事实或志愿排序。,回看PDF原页位置，并在湖北官方系统或省招办计划中逐行截图/导出证据后按专业行ID回填。
OFFICIALKEYCOLLISION-cf3f139fd142657d,data/working/issue19-hubei-official-plan-major-crosscheck-packets.csv,湖北招生考试2026年19期·本科普通批（下）,ee61fc69389f24a9a7830167113cf0ddc0447f8fa4b2743cd3241be60a9bd86d,issue19_hubei_official_query_key_collision_ledger,逐专业招生明细×官方查询键碰撞,false,false,M558|M55802|02,2,1,2,M-3c6acfe3173da8e2,G-bc92d2c75481909e,M558,哈尔滨建筑科技职业大学,M55802,M558,M55802,02,237,1,02,智能建造工程◎◎ZX,不限,3,6000,pending_hubei_official_platform_query,pending_hubei_official_plan_review,,,官方系统回填必须同时使用专业行ID、专业组出现ID、来源页码、专业组内专业序号和官方返回行证据；不得只按院校代码+专业组代码+专业代号合并。,官方查询键不唯一，未消歧前不得写入最终事实或志愿排序。,回看PDF原页位置，并在湖北官方系统或省招办计划中逐行截图/导出证据后按专业行ID回填。
OFFICIALKEYCOLLISION-e5f8c99895c05c1a,data/working/issue19-hubei-official-plan-major-crosscheck-packets.csv,湖北招生考试2026年19期·本科普通批（下）,ee61fc69389f24a9a7830167113cf0ddc0447f8fa4b2743cd3241be60a9bd86d,issue19_hubei_official_query_key_collision_ledger,逐专业招生明细×官方查询键碰撞,false,false,M558|M55802|02,2,1,2,M-8e8d4e26285b58d7,G-bc92d2c75481909e,M558,哈尔滨建筑科技职业大学,M55802,M558,M55802,02,238,6,02,智能控制技术（办学地点：南岗校区）,,3,6000,pending_hubei_official_platform_query,pending_hubei_official_plan_review,,,官方系统回填必须同时使用专业行ID、专业组出现ID、来源页码、专业组内专业序号和官方返回行证据；不得只按院校代码+专业组代码+专业代号合并。,官方查询键不唯一，未消歧前不得写入最终事实或志愿排序。,回看PDF原页位置，并在湖北官方系统或省招办计划中逐行截图/导出证据后按专业行ID回填。
OFFICIALKEYCOLLISION-b99d4891c196dbc7,data/working/issue19-hubei-official-plan-major-crosscheck-packets.csv,湖北招生考试2026年19期·本科普通批（下）,ee61fc69389f24a9a7830167113cf0ddc0447f8fa4b2743cd3241be60a9bd86d,issue19_hubei_official_query_key_collision_ledger,逐专业招生明细×官方查询键碰撞,false,false,M558|M55802|03,2,1,1,M-0cc6dbe718f03015,G-bc92d2c75481909e,M558,哈尔滨建筑科技职业大学,M55802,M558,M55802,03,238,3,03,道路与桥梁工程,,2,6000,pending_hubei_official_platform_query,pending_hubei_official_plan_review,,,官方系统回填必须同时使用专业行ID、专业组出现ID、来源页码、专业组内专业序号和官方返回行证据；不得只按院校代码+专业组代码+专业代号合并。,官方查询键不唯一，未消歧前不得写入最终事实或志愿排序。,回看PDF原页位置，并在湖北官方系统或省招办计划中逐行截图/导出证据后按专业行ID回填。
OFFICIALKEYCOLLISION-5c37647163e8a03d,data/working/issue19-hubei-official-plan-major-crosscheck-packets.csv,湖北招生考试2026年19期·本科普通批（下）,ee61fc69389f24a9a7830167113cf0ddc0447f8fa4b2743cd3241be60a9bd86d,issue19_hubei_official_query_key_collision_ledger,逐专业招生明细×官方查询键碰撞,false,false,M558|M55802|03,2,1,1,M-137eea6a2906d5e4,G-bc92d2c75481909e,M558,哈尔滨建筑科技职业大学,M55802,M558,M55802,03,238,7,03,生物制药技术（办学地点：松北校区）M571 哈尔 职业技术大学（公办）（黑龙江）,,5,6000,pending_hubei_official_platform_query,pending_hubei_official_plan_review,,,官方系统回填必须同时使用专业行ID、专业组出现ID、来源页码、专业组内专业序号和官方返回行证据；不得只按院校代码+专业组代码+专业代号合并。,官方查询键不唯一，未消歧前不得写入最终事实或志愿排序。,回看PDF原页位置，并在湖北官方系统或省招办计划中逐行截图/导出证据后按专业行ID回填。
OFFICIALKEYCOLLISION-aefe669e37c6fdb8,data/working/issue19-hubei-official-plan-major-crosscheck-packets.csv,湖北招生考试2026年19期·本科普通批（下）,ee61fc69389f24a9a7830167113cf0ddc0447f8fa4b2743cd3241be60a9bd86d,issue19_hubei_official_query_key_collision_ledger,逐专业招生明细×官方查询键碰撞,false,false,T733|T73302|04,2,1,1,M-a513ee71633e5287,G-75d1c98ed4457e7f,T733,柳州职业技术大学,T73302,T733,T73302,04,239,2,04,自动化技术与应用（办学地点：官塘校,,5,7494,pending_hubei_official_platform_query,pending_hubei_official_plan_review,,,官方系统回填必须同时使用专业行ID、专业组出现ID、来源页码、专业组内专业序号和官方返回行证据；不得只按院校代码+专业组代码+专业代号合并。,官方查询键不唯一，未消歧前不得写入最终事实或志愿排序。,回看PDF原页位置，并在湖北官方系统或省招办计划中逐行截图/导出证据后按专业行ID回填。
OFFICIALKEYCOLLISION-8283e86ba16724f3,data/working/issue19-hubei-official-plan-major-crosscheck-packets.csv,湖北招生考试2026年19期·本科普通批（下）,ee61fc69389f24a9a7830167113cf0ddc0447f8fa4b2743cd3241be60a9bd86d,issue19_hubei_official_query_key_collision_ledger,逐专业招生明细×官方查询键碰撞,false,false,T733|T73302|04,2,1,1,M-e1e3ee3fa3e9c6c2,G-75d1c98ed4457e7f,T733,柳州职业技术大学,T73302,T733,T73302,04,239,10,04,数字经济（办学地点：相思湖校区）,,,4600,pending_hubei_official_platform_query,pending_hubei_official_plan_review,,,官方系统回填必须同时使用专业行ID、专业组出现ID、来源页码、专业组内专业序号和官方返回行证据；不得只按院校代码+专业组代码+专业代号合并。,官方查询键不唯一，未消歧前不得写入最终事实或志愿排序。,回看PDF原页位置，并在湖北官方系统或省招办计划中逐行截图/导出证据后按专业行ID回填。
OFFICIALKEYCOLLISION-d8b7e001fcbb909d,data/working/issue19-hubei-official-plan-major-crosscheck-packets.csv,湖北招生考试2026年19期·本科普通批（下）,ee61fc69389f24a9a7830167113cf0ddc0447f8fa4b2743cd3241be60a9bd86d,issue19_hubei_official_query_key_collision_ledger,逐专业招生明细×官方查询键碰撞,false,false,X463|X46302|03,2,1,1,M-06bf31a8b1abb638,G-1ef6f67723f91ab9,X463,新疆交通职业技术大学,X46302,X463,X46302,03,240,1,03,道路与桥粱工程,不限,,3500,pending_hubei_official_platform_query,pending_hubei_official_plan_review,,,官方系统回填必须同时使用专业行ID、专业组出现ID、来源页码、专业组内专业序号和官方返回行证据；不得只按院校代码+专业组代码+专业代号合并。,官方查询键不唯一，未消歧前不得写入最终事实或志愿排序。,回看PDF原页位置，并在湖北官方系统或省招办计划中逐行截图/导出证据后按专业行ID回填。
OFFICIALKEYCOLLISION-7b30fe17ff0da901,data/working/issue19-hubei-official-plan-major-crosscheck-packets.csv,湖北招生考试2026年19期·本科普通批（下）,ee61fc69389f24a9a7830167113cf0ddc0447f8fa4b2743cd3241be60a9bd86d,issue19_hubei_official_query_key_collision_ledger,逐专业招生明细×官方查询键碰撞,false,false,X463|X46302|03,2,1,1,M-34d857b1f3522427,G-1ef6f67723f91ab9,X463,新疆交通职业技术大学,X46302,X463,X46302,03,240,7,03,高速铁路工程（办学地点：哈密校区）,,,3500,pending_hubei_official_platform_query,pending_hubei_official_plan_review,,,官方系统回填必须同时使用专业行ID、专业组出现ID、来源页码、专业组内专业序号和官方返回行证据；不得只按院校代码+专业组代码+专业代号合并。,官方查询键不唯一，未消歧前不得写入最终事实或志愿排序。,回看PDF原页位置，并在湖北官方系统或省招办计划中逐行截图/导出证据后按专业行ID回填。
OFFICIALKEYCOLLISION-780606a964c56212,data/working/issue19-hubei-official-plan-major-crosscheck-packets.csv,湖北招生考试2026年19期·本科普通批（下）,ee61fc69389f24a9a7830167113cf0ddc0447f8fa4b2743cd3241be60a9bd86d,issue19_hubei_official_query_key_collision_ledger,逐专业招生明细×官方查询键碰撞,false,false,X463|X46302|04,2,1,1,M-886fb5f63ae9948f,G-1ef6f67723f91ab9,X463,新疆交通职业技术大学,X46302,X463,X46302,04,240,2,04,汽车服务工程技术,,,3,pending_hubei_official_platform_query,pending_hubei_official_plan_review,,,官方系统回填必须同时使用专业行ID、专业组出现ID、来源页码、专业组内专业序号和官方返回行证据；不得只按院校代码+专业组代码+专业代号合并。,官方查询键不唯一，未消歧前不得写入最终事实或志愿排序。,回看PDF原页位置，并在湖北官方系统或省招办计划中逐行截图/导出证据后按专业行ID回填。
OFFICIALKEYCOLLISION-621a946cd83ba795,data/working/issue19-hubei-official-plan-major-crosscheck-packets.csv,湖北招生考试2026年19期·本科普通批（下）,ee61fc69389f24a9a7830167113cf0ddc0447f8fa4b2743cd3241be60a9bd86d,issue19_hubei_official_query_key_collision_ledger,逐专业招生明细×官方查询键碰撞,false,false,X463|X46302|04,2,1,1,M-3cb3b9b65f1724e2,G-1ef6f67723f91ab9,X463,新疆交通职业技术大学,X46302,X463,X46302,04,240,8,04,铁道机车智能运用技术（办学地点：哈密校区）X502新疆天山职业技术大学（民办）（新疆）,,,3500,pending_hubei_official_platform_query,pending_hubei_official_plan_review,,,官方系统回填必须同时使用专业行ID、专业组出现ID、来源页码、专业组内专业序号和官方返回行证据；不得只按院校代码+专业组代码+专业代号合并。,官方查询键不唯一，未消歧前不得写入最终事实或志愿排序。,回看PDF原页位置，并在湖北官方系统或省招办计划中逐行截图/导出证据后按专业行ID回填。
