来源期号,来源PDF_SHA256,数据阶段,最终可用,关联类型,关联原候选,2026院校专业组代码,组内序号,证据来源,院校代码,院校名称OCR,来源页码,页图文件名,专业组名称,专业代号,专业名称及备注,再选科目候选,专业计划数候选,学费候选,学费数字候选,偏好方向,风险类型,字段完整性标记,结构异常规则ID,结构异常类型,专业接受度机器初判,机器初判原因,专业接受度人工确认,专业闸门状态,专业字段复核状态,专业代号核验状态,专业名称核验状态,计划数核验状态,学费核验状态,选科核验状态,备注核验状态,原PDF页字段核验状态,湖北官方系统字段核验状态,高校章程字段核验状态,是否可能导致不能服从调剂,是否允许进入最终专业列表,阻断原因,风险说明,升级缺口,下一步
湖北招生考试2026年19期·本科普通批（下）,ee61fc69389f24a9a7830167113cf0ddc0447f8fa4b2743cd3241be60a9bd86d,candidate_v2_verification_workbench,false,历史候选,北京语言大学 A03208 第08组,A03208,1,full_ocr_draft,A032,北京语言大学,17,page-017.png,A03208/ 北京语言大学第08组,29,信息管理与信息系统（中外合作办学）（办学地点：海南国际学院）,不限,4,10万,10,,中外合作或高收费,tuition_not_plain_number,tuition_not_plain_number;tuition_number_le_500,学费字段非纯数字；学费数字疑似吞入计划数或截断,默认不进主方案,命中中外合作/高收费或超过当前家庭费用上限,pending_family_acceptance_review,pending_verification,pending_ocr_anomaly_field_review,pending,pending,pending,pending,pending,pending,pending_original_pdf_page_review,pending_hubei_official_plan_review,pending_school_charter_review,是,false,命中中外合作/高收费或超过当前家庭费用上限,中外合作或高收费,原PDF页字段核验；湖北官方计划字段核验；高校章程字段核验；家庭专业接受度确认；OCR异常修正；学费原页/章程核验,逐字段回看原页；核湖北官方计划和高校章程；由家庭确认专业接受度
湖北招生考试2026年19期·本科普通批（下）,ee61fc69389f24a9a7830167113cf0ddc0447f8fa4b2743cd3241be60a9bd86d,candidate_v2_verification_workbench,false,历史候选,武汉体育学院 C10703 第03组,C10703,1,page_visual_review_seed,C107,武汉体育学院,69,page-069.png,武汉体育学院第03组,05,运动康复,不限,10,5200,5200,,医学/护理等排除方向,,,,默认不能接受,命中医学/护理等当前明确排除方向,pending_family_acceptance_review,pending_verification,pending_page_visual_field_review,pending,pending,pending,pending,pending,pending,pending_original_pdf_page_review,pending_hubei_official_plan_review,pending_school_charter_review,是,false,命中医学/护理等当前明确排除方向,医学/护理等排除方向,原PDF页字段核验；湖北官方计划字段核验；高校章程字段核验；家庭专业接受度确认,逐字段回看原页；核湖北官方计划和高校章程；由家庭确认专业接受度
湖北招生考试2026年19期·本科普通批（下）,ee61fc69389f24a9a7830167113cf0ddc0447f8fa4b2743cd3241be60a9bd86d,candidate_v2_verification_workbench,false,历史候选,武汉体育学院 C10703 第03组,C10703,2,page_visual_review_seed,C107,武汉体育学院,69,page-069.png,武汉体育学院第03组,06,应用心理学,不限,6,4000,4000,,,,,,待了解,尚未命中明确偏好或硬排除，需要家庭继续判断,pending_family_acceptance_review,pending_verification,pending_page_visual_field_review,pending,pending,pending,pending,pending,pending,pending_original_pdf_page_review,pending_hubei_official_plan_review,pending_school_charter_review,待判断,false,,,原PDF页字段核验；湖北官方计划字段核验；高校章程字段核验；家庭专业接受度确认,逐字段回看原页；核湖北官方计划和高校章程；由家庭确认专业接受度
湖北招生考试2026年19期·本科普通批（下）,ee61fc69389f24a9a7830167113cf0ddc0447f8fa4b2743cd3241be60a9bd86d,candidate_v2_verification_workbench,false,历史候选,武汉体育学院 C10703 第03组,C10703,3,page_visual_review_seed,C107,武汉体育学院,69,page-069.png,武汉体育学院第03组,07,智能体育工程,不限,8,4000,4000,,,,,,待了解,尚未命中明确偏好或硬排除，需要家庭继续判断,pending_family_acceptance_review,pending_verification,pending_page_visual_field_review,pending,pending,pending,pending,pending,pending,pending_original_pdf_page_review,pending_hubei_official_plan_review,pending_school_charter_review,待判断,false,,,原PDF页字段核验；湖北官方计划字段核验；高校章程字段核验；家庭专业接受度确认,逐字段回看原页；核湖北官方计划和高校章程；由家庭确认专业接受度
湖北招生考试2026年19期·本科普通批（下）,ee61fc69389f24a9a7830167113cf0ddc0447f8fa4b2743cd3241be60a9bd86d,candidate_v2_verification_workbench,false,历史候选,武汉体育学院 C10703 第03组,C10703,4,page_visual_review_seed,C107,武汉体育学院,69,page-069.png,武汉体育学院第03组,08,教育技术学,不限,2,4000,4000,师范类相关,,,,,重点了解,师范类相关,pending_family_acceptance_review,pending_verification,pending_page_visual_field_review,pending,pending,pending,pending,pending,pending,pending_original_pdf_page_review,pending_hubei_official_plan_review,pending_school_charter_review,待判断,false,,,原PDF页字段核验；湖北官方计划字段核验；高校章程字段核验；家庭专业接受度确认,逐字段回看原页；核湖北官方计划和高校章程；由家庭确认专业接受度
湖北招生考试2026年19期·本科普通批（下）,ee61fc69389f24a9a7830167113cf0ddc0447f8fa4b2743cd3241be60a9bd86d,candidate_v2_verification_workbench,false,历史候选,武汉体育学院 C10703 第03组,C10703,5,page_visual_review_seed,C107,武汉体育学院,69,page-069.png,武汉体育学院第03组,09,信息管理与信息系统,不限,12,4000,4000,,,,,,待了解,尚未命中明确偏好或硬排除，需要家庭继续判断,pending_family_acceptance_review,pending_verification,pending_page_visual_field_review,pending,pending,pending,pending,pending,pending,pending_original_pdf_page_review,pending_hubei_official_plan_review,pending_school_charter_review,待判断,false,,,原PDF页字段核验；湖北官方计划字段核验；高校章程字段核验；家庭专业接受度确认,逐字段回看原页；核湖北官方计划和高校章程；由家庭确认专业接受度
湖北招生考试2026年19期·本科普通批（下）,ee61fc69389f24a9a7830167113cf0ddc0447f8fa4b2743cd3241be60a9bd86d,candidate_v2_verification_workbench,false,历史候选,武汉体育学院 C10703 第03组,C10703,6,page_visual_review_seed,C107,武汉体育学院,69,page-069.png,武汉体育学院第03组,10,体育经济与管理,不限,9,4000,4000,,,,,,待了解,尚未命中明确偏好或硬排除，需要家庭继续判断,pending_family_acceptance_review,pending_verification,pending_page_visual_field_review,pending,pending,pending,pending,pending,pending,pending_original_pdf_page_review,pending_hubei_official_plan_review,pending_school_charter_review,待判断,false,,,原PDF页字段核验；湖北官方计划字段核验；高校章程字段核验；家庭专业接受度确认,逐字段回看原页；核湖北官方计划和高校章程；由家庭确认专业接受度
湖北招生考试2026年19期·本科普通批（下）,ee61fc69389f24a9a7830167113cf0ddc0447f8fa4b2743cd3241be60a9bd86d,candidate_v2_verification_workbench,false,历史候选,武汉体育学院 C10703 第03组,C10703,7,page_visual_review_seed,C107,武汉体育学院,69,page-069.png,武汉体育学院第03组,11,新闻学,不限,6,5200,5200,,,,,,待了解,尚未命中明确偏好或硬排除，需要家庭继续判断,pending_family_acceptance_review,pending_verification,pending_page_visual_field_review,pending,pending,pending,pending,pending,pending,pending_original_pdf_page_review,pending_hubei_official_plan_review,pending_school_charter_review,待判断,false,,,原PDF页字段核验；湖北官方计划字段核验；高校章程字段核验；家庭专业接受度确认,逐字段回看原页；核湖北官方计划和高校章程；由家庭确认专业接受度
湖北招生考试2026年19期·本科普通批（下）,ee61fc69389f24a9a7830167113cf0ddc0447f8fa4b2743cd3241be60a9bd86d,candidate_v2_verification_workbench,false,历史候选,武汉体育学院 C10704 第04组,C10704,1,page_visual_review_seed,C107,武汉体育学院,69,page-069.png,武汉体育学院第04组,12,中医骨伤科学（学制：五年）,化学,6,5200,5200,,医学/护理等排除方向,,,,默认不能接受,命中医学/护理等当前明确排除方向,pending_family_acceptance_review,pending_verification,pending_page_visual_field_review,pending,pending,pending,pending,pending,pending,pending_original_pdf_page_review,pending_hubei_official_plan_review,pending_school_charter_review,是,false,命中医学/护理等当前明确排除方向,医学/护理等排除方向,原PDF页字段核验；湖北官方计划字段核验；高校章程字段核验；家庭专业接受度确认,逐字段回看原页；核湖北官方计划和高校章程；由家庭确认专业接受度
湖北招生考试2026年19期·本科普通批（下）,ee61fc69389f24a9a7830167113cf0ddc0447f8fa4b2743cd3241be60a9bd86d,candidate_v2_verification_workbench,false,历史候选,武汉体育学院 C10704 第04组,C10704,2,page_visual_review_seed,C107,武汉体育学院,69,page-069.png,武汉体育学院第04组,13,康复治疗学,化学,7,5200,5200,,医学/护理等排除方向,,,,默认不能接受,命中医学/护理等当前明确排除方向,pending_family_acceptance_review,pending_verification,pending_page_visual_field_review,pending,pending,pending,pending,pending,pending,pending_original_pdf_page_review,pending_hubei_official_plan_review,pending_school_charter_review,是,false,命中医学/护理等当前明确排除方向,医学/护理等排除方向,原PDF页字段核验；湖北官方计划字段核验；高校章程字段核验；家庭专业接受度确认,逐字段回看原页；核湖北官方计划和高校章程；由家庭确认专业接受度
湖北招生考试2026年19期·本科普通批（下）,ee61fc69389f24a9a7830167113cf0ddc0447f8fa4b2743cd3241be60a9bd86d,candidate_v2_verification_workbench,false,历史候选,武汉体育学院 C10704 第04组,C10704,3,page_visual_review_seed,C107,武汉体育学院,69,page-069.png,武汉体育学院第04组,14,数据科学与大数据技术,化学,7,4000,4000,计算机类相关,,,,,重点了解,计算机类相关,pending_family_acceptance_review,pending_verification,pending_page_visual_field_review,pending,pending,pending,pending,pending,pending,pending_original_pdf_page_review,pending_hubei_official_plan_review,pending_school_charter_review,待判断,false,,,原PDF页字段核验；湖北官方计划字段核验；高校章程字段核验；家庭专业接受度确认,逐字段回看原页；核湖北官方计划和高校章程；由家庭确认专业接受度
湖北招生考试2026年19期·本科普通批（下）,ee61fc69389f24a9a7830167113cf0ddc0447f8fa4b2743cd3241be60a9bd86d,candidate_v2_verification_workbench,false,同页相邻风险组,武汉体育学院 C10703/C10704 同页边界复核,C10705,1,page_visual_review_seed,C107,武汉体育学院,69,page-069.png,武汉体育学院第05组,15,康复治疗学（中外合作办学）,化学,7,48000,48000,,中外合作或高收费；医学/护理等排除方向；学费超过当前上限,,,,默认不能接受,命中医学/护理等当前明确排除方向,pending_family_acceptance_review,pending_verification,pending_page_visual_field_review,pending,pending,pending,pending,pending,pending,pending_original_pdf_page_review,pending_hubei_official_plan_review,pending_school_charter_review,是,false,命中医学/护理等当前明确排除方向,中外合作或高收费；医学/护理等排除方向；学费超过当前上限,原PDF页字段核验；湖北官方计划字段核验；高校章程字段核验；家庭专业接受度确认,逐字段回看原页；核湖北官方计划和高校章程；由家庭确认专业接受度
湖北招生考试2026年19期·本科普通批（下）,ee61fc69389f24a9a7830167113cf0ddc0447f8fa4b2743cd3241be60a9bd86d,candidate_v2_verification_workbench,false,历史候选,武汉轻工大学 C12508 第08组,C12508,1,full_ocr_draft,C125,武汉轻工大学,74,page-074.png,C12508/武汉轻工大学第 08 组,46,化学工程与工艺,,77,4000,4000,,,missing_subject_candidate,,,待了解,尚未命中明确偏好或硬排除，需要家庭继续判断,pending_family_acceptance_review,pending_verification,pending_ocr_anomaly_field_review,pending,pending,pending,pending,pending,pending,pending_original_pdf_page_review,pending_hubei_official_plan_review,pending_school_charter_review,待判断,false,,,原PDF页字段核验；湖北官方计划字段核验；高校章程字段核验；家庭专业接受度确认；OCR异常修正,逐字段回看原页；核湖北官方计划和高校章程；由家庭确认专业接受度
湖北招生考试2026年19期·本科普通批（下）,ee61fc69389f24a9a7830167113cf0ddc0447f8fa4b2743cd3241be60a9bd86d,candidate_v2_verification_workbench,false,历史候选,武汉轻工大学 C12508 第08组,C12508,2,full_ocr_draft,C125,武汉轻工大学,74,page-074.png,C12508/武汉轻工大学第 08 组,47,功能材料,,43,4000,4000,,,missing_subject_candidate,,,待了解,尚未命中明确偏好或硬排除，需要家庭继续判断,pending_family_acceptance_review,pending_verification,pending_ocr_anomaly_field_review,pending,pending,pending,pending,pending,pending,pending_original_pdf_page_review,pending_hubei_official_plan_review,pending_school_charter_review,待判断,false,,,原PDF页字段核验；湖北官方计划字段核验；高校章程字段核验；家庭专业接受度确认；OCR异常修正,逐字段回看原页；核湖北官方计划和高校章程；由家庭确认专业接受度
湖北招生考试2026年19期·本科普通批（下）,ee61fc69389f24a9a7830167113cf0ddc0447f8fa4b2743cd3241be60a9bd86d,candidate_v2_verification_workbench,false,历史候选,武汉轻工大学 C12508 第08组,C12508,3,full_ocr_draft,C125,武汉轻工大学,74,page-074.png,C12508/武汉轻工大学第 08 组,48,机械类（含机械设计制造及其自动化、智能制造工程专业）,,312,5200,5200,,,missing_subject_candidate,,,待了解,尚未命中明确偏好或硬排除，需要家庭继续判断,pending_family_acceptance_review,pending_verification,pending_ocr_anomaly_field_review,pending,pending,pending,pending,pending,pending,pending_original_pdf_page_review,pending_hubei_official_plan_review,pending_school_charter_review,待判断,false,,,原PDF页字段核验；湖北官方计划字段核验；高校章程字段核验；家庭专业接受度确认；OCR异常修正,逐字段回看原页；核湖北官方计划和高校章程；由家庭确认专业接受度
湖北招生考试2026年19期·本科普通批（下）,ee61fc69389f24a9a7830167113cf0ddc0447f8fa4b2743cd3241be60a9bd86d,candidate_v2_verification_workbench,false,历史候选,武汉轻工大学 C12508 第08组,C12508,4,full_ocr_draft,C125,武汉轻工大学,74,page-074.png,C12508/武汉轻工大学第 08 组,49,食品科学与工程类（含食品科学与工得、食品质量与安全、粮食工程、食品营养与健康专业）,,343,5200,5200,,,missing_subject_candidate,,,待了解,尚未命中明确偏好或硬排除，需要家庭继续判断,pending_family_acceptance_review,pending_verification,pending_ocr_anomaly_field_review,pending,pending,pending,pending,pending,pending,pending_original_pdf_page_review,pending_hubei_official_plan_review,pending_school_charter_review,待判断,false,,,原PDF页字段核验；湖北官方计划字段核验；高校章程字段核验；家庭专业接受度确认；OCR异常修正,逐字段回看原页；核湖北官方计划和高校章程；由家庭确认专业接受度
湖北招生考试2026年19期·本科普通批（下）,ee61fc69389f24a9a7830167113cf0ddc0447f8fa4b2743cd3241be60a9bd86d,candidate_v2_verification_workbench,false,历史候选,武汉轻工大学 C12508 第08组,C12508,5,full_ocr_draft,C125,武汉轻工大学,74,page-074.png,C12508/武汉轻工大学第 08 组,50,康复治疗学,,37,4000,4000,,医学/护理等排除方向,missing_subject_candidate;low_ocr_confidence,low_ocr_confidence,OCR置信度低,默认不能接受,命中医学/护理等当前明确排除方向,pending_family_acceptance_review,pending_verification,pending_ocr_anomaly_field_review,pending,pending,pending,pending,pending,pending,pending_original_pdf_page_review,pending_hubei_official_plan_review,pending_school_charter_review,是,false,命中医学/护理等当前明确排除方向,医学/护理等排除方向,原PDF页字段核验；湖北官方计划字段核验；高校章程字段核验；家庭专业接受度确认；OCR异常修正,逐字段回看原页；核湖北官方计划和高校章程；由家庭确认专业接受度
湖北招生考试2026年19期·本科普通批（下）,ee61fc69389f24a9a7830167113cf0ddc0447f8fa4b2743cd3241be60a9bd86d,candidate_v2_verification_workbench,false,历史候选,武汉轻工大学 C12508 第08组,C12508,6,full_ocr_draft,C125,武汉轻工大学,74,page-074.png,C12508/武汉轻工大学第 08 组,51,药学,,70,4000,4000,,医学/护理等排除方向,missing_subject_candidate;low_ocr_confidence,low_ocr_confidence,OCR置信度低,默认不能接受,命中医学/护理等当前明确排除方向,pending_family_acceptance_review,pending_verification,pending_ocr_anomaly_field_review,pending,pending,pending,pending,pending,pending,pending_original_pdf_page_review,pending_hubei_official_plan_review,pending_school_charter_review,是,false,命中医学/护理等当前明确排除方向,医学/护理等排除方向,原PDF页字段核验；湖北官方计划字段核验；高校章程字段核验；家庭专业接受度确认；OCR异常修正,逐字段回看原页；核湖北官方计划和高校章程；由家庭确认专业接受度
湖北招生考试2026年19期·本科普通批（下）,ee61fc69389f24a9a7830167113cf0ddc0447f8fa4b2743cd3241be60a9bd86d,candidate_v2_verification_workbench,false,历史候选,武汉轻工大学 C12508 第08组,C12508,7,full_ocr_draft,C125,武汉轻工大学,74,page-074.png,C12508/武汉轻工大学第 08 组,52,生物技术,,75,4000,4000,,,missing_subject_candidate,,,待了解,尚未命中明确偏好或硬排除，需要家庭继续判断,pending_family_acceptance_review,pending_verification,pending_ocr_anomaly_field_review,pending,pending,pending,pending,pending,pending,pending_original_pdf_page_review,pending_hubei_official_plan_review,pending_school_charter_review,待判断,false,,,原PDF页字段核验；湖北官方计划字段核验；高校章程字段核验；家庭专业接受度确认；OCR异常修正,逐字段回看原页；核湖北官方计划和高校章程；由家庭确认专业接受度
湖北招生考试2026年19期·本科普通批（下）,ee61fc69389f24a9a7830167113cf0ddc0447f8fa4b2743cd3241be60a9bd86d,candidate_v2_verification_workbench,false,历史候选,武汉轻工大学 C12508 第08组,C12508,8,full_ocr_draft,C125,武汉轻工大学,74,page-074.png,C12508/武汉轻工大学第 08 组,53,生物工程类（含生物工程、合成生物学专业）,,74,4000,4000,,,missing_subject_candidate,,,待了解,尚未命中明确偏好或硬排除，需要家庭继续判断,pending_family_acceptance_review,pending_verification,pending_ocr_anomaly_field_review,pending,pending,pending,pending,pending,pending,pending_original_pdf_page_review,pending_hubei_official_plan_review,pending_school_charter_review,待判断,false,,,原PDF页字段核验；湖北官方计划字段核验；高校章程字段核验；家庭专业接受度确认；OCR异常修正,逐字段回看原页；核湖北官方计划和高校章程；由家庭确认专业接受度
湖北招生考试2026年19期·本科普通批（下）,ee61fc69389f24a9a7830167113cf0ddc0447f8fa4b2743cd3241be60a9bd86d,candidate_v2_verification_workbench,false,历史候选,武汉轻工大学 C12508 第08组,C12508,9,full_ocr_draft,C125,武汉轻工大学,74,page-074.png,C12508/武汉轻工大学第 08 组,54,制药工程,,80,4000,4000,,医学/护理等排除方向,missing_subject_candidate,,,默认不能接受,命中医学/护理等当前明确排除方向,pending_family_acceptance_review,pending_verification,pending_ocr_anomaly_field_review,pending,pending,pending,pending,pending,pending,pending_original_pdf_page_review,pending_hubei_official_plan_review,pending_school_charter_review,是,false,命中医学/护理等当前明确排除方向,医学/护理等排除方向,原PDF页字段核验；湖北官方计划字段核验；高校章程字段核验；家庭专业接受度确认；OCR异常修正,逐字段回看原页；核湖北官方计划和高校章程；由家庭确认专业接受度
湖北招生考试2026年19期·本科普通批（下）,ee61fc69389f24a9a7830167113cf0ddc0447f8fa4b2743cd3241be60a9bd86d,candidate_v2_verification_workbench,false,历史候选,武汉轻工大学 C12508 第08组,C12508,10,full_ocr_draft,C125,武汉轻工大学,74,page-074.png,C12508/武汉轻工大学第 08 组,55,生物信息学,,80,4000,4000,,,missing_subject_candidate,,,待了解,尚未命中明确偏好或硬排除，需要家庭继续判断,pending_family_acceptance_review,pending_verification,pending_ocr_anomaly_field_review,pending,pending,pending,pending,pending,pending,pending_original_pdf_page_review,pending_hubei_official_plan_review,pending_school_charter_review,待判断,false,,,原PDF页字段核验；湖北官方计划字段核验；高校章程字段核验；家庭专业接受度确认；OCR异常修正,逐字段回看原页；核湖北官方计划和高校章程；由家庭确认专业接受度
湖北招生考试2026年19期·本科普通批（下）,ee61fc69389f24a9a7830167113cf0ddc0447f8fa4b2743cd3241be60a9bd86d,candidate_v2_verification_workbench,false,历史候选,武汉轻工大学 C12508 第08组,C12508,11,full_ocr_draft,C125,武汉轻工大学,74,page-074.png,C12508/武汉轻工大学第 08 组,56,动物科学,,51,3000,3000,,,missing_subject_candidate,,,待了解,尚未命中明确偏好或硬排除，需要家庭继续判断,pending_family_acceptance_review,pending_verification,pending_ocr_anomaly_field_review,pending,pending,pending,pending,pending,pending,pending_original_pdf_page_review,pending_hubei_official_plan_review,pending_school_charter_review,待判断,false,,,原PDF页字段核验；湖北官方计划字段核验；高校章程字段核验；家庭专业接受度确认；OCR异常修正,逐字段回看原页；核湖北官方计划和高校章程；由家庭确认专业接受度
湖北招生考试2026年19期·本科普通批（下）,ee61fc69389f24a9a7830167113cf0ddc0447f8fa4b2743cd3241be60a9bd86d,candidate_v2_verification_workbench,false,历史候选,武汉轻工大学 C12508 第08组,C12508,12,full_ocr_draft,C125,武汉轻工大学,74,page-074.png,C12508/武汉轻工大学第 08 组,57,动物药学,,24,3000,3000,,医学/护理等排除方向,missing_subject_candidate;low_ocr_confidence,low_ocr_confidence,OCR置信度低,默认不能接受,命中医学/护理等当前明确排除方向,pending_family_acceptance_review,pending_verification,pending_ocr_anomaly_field_review,pending,pending,pending,pending,pending,pending,pending_original_pdf_page_review,pending_hubei_official_plan_review,pending_school_charter_review,是,false,命中医学/护理等当前明确排除方向,医学/护理等排除方向,原PDF页字段核验；湖北官方计划字段核验；高校章程字段核验；家庭专业接受度确认；OCR异常修正,逐字段回看原页；核湖北官方计划和高校章程；由家庭确认专业接受度
湖北招生考试2026年19期·本科普通批（下）,ee61fc69389f24a9a7830167113cf0ddc0447f8fa4b2743cd3241be60a9bd86d,candidate_v2_verification_workbench,false,历史候选,武汉轻工大学 C12508 第08组,C12508,13,full_ocr_draft,C125,武汉轻工大学,74,page-074.png,C12508/武汉轻工大学第 08 组,58,水产养殖学,,31,3000,3000,,,missing_subject_candidate;low_ocr_confidence,low_ocr_confidence,OCR置信度低,字段异常待核验,命中 OCR 结构异常，需回看原页,pending_family_acceptance_review,pending_verification,pending_ocr_anomaly_field_review,pending,pending,pending,pending,pending,pending,pending_original_pdf_page_review,pending_hubei_official_plan_review,pending_school_charter_review,待判断,false,,,原PDF页字段核验；湖北官方计划字段核验；高校章程字段核验；家庭专业接受度确认；OCR异常修正,逐字段回看原页；核湖北官方计划和高校章程；由家庭确认专业接受度
湖北招生考试2026年19期·本科普通批（下）,ee61fc69389f24a9a7830167113cf0ddc0447f8fa4b2743cd3241be60a9bd86d,candidate_v2_verification_workbench,false,历史候选,武汉轻工大学 C12508 第08组,C12508,14,full_ocr_draft,C125,武汉轻工大学,74,page-074.png,C12508/武汉轻工大学第 08 组,59,应用生物科学,,35,4000,4000,,,missing_subject_candidate,,,待了解,尚未命中明确偏好或硬排除，需要家庭继续判断,pending_family_acceptance_review,pending_verification,pending_ocr_anomaly_field_review,pending,pending,pending,pending,pending,pending,pending_original_pdf_page_review,pending_hubei_official_plan_review,pending_school_charter_review,待判断,false,,,原PDF页字段核验；湖北官方计划字段核验；高校章程字段核验；家庭专业接受度确认；OCR异常修正,逐字段回看原页；核湖北官方计划和高校章程；由家庭确认专业接受度
湖北招生考试2026年19期·本科普通批（下）,ee61fc69389f24a9a7830167113cf0ddc0447f8fa4b2743cd3241be60a9bd86d,candidate_v2_verification_workbench,false,历史候选,武汉轻工大学 C12508 第08组,C12508,15,full_ocr_draft,C125,武汉轻工大学,74,page-074.png,C12508/武汉轻工大学第 08 组,60,护理学,,50,4000,4000,,医学/护理等排除方向,missing_subject_candidate,,,默认不能接受,命中医学/护理等当前明确排除方向,pending_family_acceptance_review,pending_verification,pending_ocr_anomaly_field_review,pending,pending,pending,pending,pending,pending,pending_original_pdf_page_review,pending_hubei_official_plan_review,pending_school_charter_review,是,false,命中医学/护理等当前明确排除方向,医学/护理等排除方向,原PDF页字段核验；湖北官方计划字段核验；高校章程字段核验；家庭专业接受度确认；OCR异常修正,逐字段回看原页；核湖北官方计划和高校章程；由家庭确认专业接受度
湖北招生考试2026年19期·本科普通批（下）,ee61fc69389f24a9a7830167113cf0ddc0447f8fa4b2743cd3241be60a9bd86d,candidate_v2_verification_workbench,false,历史候选,武汉轻工大学 C12508 第08组,C12508,16,full_ocr_draft,C125,武汉轻工大学,74,page-074.png,C12508/武汉轻工大学第 08 组,61,环境工程,,49,4000,4000,,,missing_subject_candidate;low_ocr_confidence,low_ocr_confidence,OCR置信度低,字段异常待核验,命中 OCR 结构异常，需回看原页,pending_family_acceptance_review,pending_verification,pending_ocr_anomaly_field_review,pending,pending,pending,pending,pending,pending,pending_original_pdf_page_review,pending_hubei_official_plan_review,pending_school_charter_review,待判断,false,,,原PDF页字段核验；湖北官方计划字段核验；高校章程字段核验；家庭专业接受度确认；OCR异常修正,逐字段回看原页；核湖北官方计划和高校章程；由家庭确认专业接受度
湖北招生考试2026年19期·本科普通批（下）,ee61fc69389f24a9a7830167113cf0ddc0447f8fa4b2743cd3241be60a9bd86d,candidate_v2_verification_workbench,false,历史候选,武汉轻工大学 C12508 第08组,C12508,17,full_ocr_draft,C125,武汉轻工大学,74,page-074.png,C12508/武汉轻工大学第 08 组,62,包装工程,,40,4000,4000,,,missing_subject_candidate,,,待了解,尚未命中明确偏好或硬排除，需要家庭继续判断,pending_family_acceptance_review,pending_verification,pending_ocr_anomaly_field_review,pending,pending,pending,pending,pending,pending,pending_original_pdf_page_review,pending_hubei_official_plan_review,pending_school_charter_review,待判断,false,,,原PDF页字段核验；湖北官方计划字段核验；高校章程字段核验；家庭专业接受度确认；OCR异常修正,逐字段回看原页；核湖北官方计划和高校章程；由家庭确认专业接受度
湖北招生考试2026年19期·本科普通批（下）,ee61fc69389f24a9a7830167113cf0ddc0447f8fa4b2743cd3241be60a9bd86d,candidate_v2_verification_workbench,false,历史候选,武汉轻工大学 C12508 第08组,C12508,18,full_ocr_draft,C125,武汉轻工大学,74,page-074.png,C12508/武汉轻工大学第 08 组,63,士木类（含土木工程、智能建造专业）,,80,4000,4000,,,missing_subject_candidate,,,待了解,尚未命中明确偏好或硬排除，需要家庭继续判断,pending_family_acceptance_review,pending_verification,pending_ocr_anomaly_field_review,pending,pending,pending,pending,pending,pending,pending_original_pdf_page_review,pending_hubei_official_plan_review,pending_school_charter_review,待判断,false,,,原PDF页字段核验；湖北官方计划字段核验；高校章程字段核验；家庭专业接受度确认；OCR异常修正,逐字段回看原页；核湖北官方计划和高校章程；由家庭确认专业接受度
湖北招生考试2026年19期·本科普通批（下）,ee61fc69389f24a9a7830167113cf0ddc0447f8fa4b2743cd3241be60a9bd86d,candidate_v2_verification_workbench,false,历史候选,武汉轻工大学 C12508 第08组,C12508,19,full_ocr_draft,C125,武汉轻工大学,74,page-074.png,C12508/武汉轻工大学第 08 组,64,机器人工程,,55,4000,4000,,,missing_subject_candidate,,,待了解,尚未命中明确偏好或硬排除，需要家庭继续判断,pending_family_acceptance_review,pending_verification,pending_ocr_anomaly_field_review,pending,pending,pending,pending,pending,pending,pending_original_pdf_page_review,pending_hubei_official_plan_review,pending_school_charter_review,待判断,false,,,原PDF页字段核验；湖北官方计划字段核验；高校章程字段核验；家庭专业接受度确认；OCR异常修正,逐字段回看原页；核湖北官方计划和高校章程；由家庭确认专业接受度
湖北招生考试2026年19期·本科普通批（下）,ee61fc69389f24a9a7830167113cf0ddc0447f8fa4b2743cd3241be60a9bd86d,candidate_v2_verification_workbench,false,历史候选,武汉轻工大学 C12508 第08组,C12508,20,full_ocr_draft,C125,武汉轻工大学,74,page-074.png,C12508/武汉轻工大学第 08 组,65,动物科学（伴侣动物方向）,,26,3000,3000,,,missing_subject_candidate,,,待了解,尚未命中明确偏好或硬排除，需要家庭继续判断,pending_family_acceptance_review,pending_verification,pending_ocr_anomaly_field_review,pending,pending,pending,pending,pending,pending,pending_original_pdf_page_review,pending_hubei_official_plan_review,pending_school_charter_review,待判断,false,,,原PDF页字段核验；湖北官方计划字段核验；高校章程字段核验；家庭专业接受度确认；OCR异常修正,逐字段回看原页；核湖北官方计划和高校章程；由家庭确认专业接受度
湖北招生考试2026年19期·本科普通批（下）,ee61fc69389f24a9a7830167113cf0ddc0447f8fa4b2743cd3241be60a9bd86d,candidate_v2_verification_workbench,false,历史候选,武汉轻工大学 C12508 第08组,C12508,21,full_ocr_draft,C125,武汉轻工大学,74,page-074.png,C12508/武汉轻工大学第 08 组,66,饲料工程,,22,4000,4000,,,missing_subject_candidate,,,待了解,尚未命中明确偏好或硬排除，需要家庭继续判断,pending_family_acceptance_review,pending_verification,pending_ocr_anomaly_field_review,pending,pending,pending,pending,pending,pending,pending_original_pdf_page_review,pending_hubei_official_plan_review,pending_school_charter_review,待判断,false,,,原PDF页字段核验；湖北官方计划字段核验；高校章程字段核验；家庭专业接受度确认；OCR异常修正,逐字段回看原页；核湖北官方计划和高校章程；由家庭确认专业接受度
湖北招生考试2026年19期·本科普通批（下）,ee61fc69389f24a9a7830167113cf0ddc0447f8fa4b2743cd3241be60a9bd86d,candidate_v2_verification_workbench,false,历史候选,武汉商学院 C15003 第03组,C15003,1,full_ocr_draft,C150,武汉商学院,80,page-080.png,CI5003/武汉商学院第03组,21,零售业管理（智慧运营方向；大一在马影河校区就读，大二起在后官湖校区就读）,不限,9,5200,5200,,,,,,待了解,尚未命中明确偏好或硬排除，需要家庭继续判断,pending_family_acceptance_review,pending_verification,pending_ocr_field_review,pending,pending,pending,pending,pending,pending,pending_original_pdf_page_review,pending_hubei_official_plan_review,pending_school_charter_review,待判断,false,,,原PDF页字段核验；湖北官方计划字段核验；高校章程字段核验；家庭专业接受度确认,逐字段回看原页；核湖北官方计划和高校章程；由家庭确认专业接受度
湖北招生考试2026年19期·本科普通批（下）,ee61fc69389f24a9a7830167113cf0ddc0447f8fa4b2743cd3241be60a9bd86d,candidate_v2_verification_workbench,false,历史候选,武汉商学院 C15003 第03组,C15003,2,full_ocr_draft,C150,武汉商学院,80,page-080.png,CI5003/武汉商学院第03组,22,零售业管理（数智营销方向：大一在马影河校区就读，大二起在后官湖校区就读）,,8,5200,5200,,,missing_subject_candidate;low_ocr_confidence,low_ocr_confidence,OCR置信度低,字段异常待核验,命中 OCR 结构异常，需回看原页,pending_family_acceptance_review,pending_verification,pending_ocr_anomaly_field_review,pending,pending,pending,pending,pending,pending,pending_original_pdf_page_review,pending_hubei_official_plan_review,pending_school_charter_review,待判断,false,,,原PDF页字段核验；湖北官方计划字段核验；高校章程字段核验；家庭专业接受度确认；OCR异常修正,逐字段回看原页；核湖北官方计划和高校章程；由家庭确认专业接受度
湖北招生考试2026年19期·本科普通批（下）,ee61fc69389f24a9a7830167113cf0ddc0447f8fa4b2743cd3241be60a9bd86d,candidate_v2_verification_workbench,false,历史候选,武汉商学院 C15003 第03组,C15003,3,full_ocr_draft,C150,武汉商学院,80,page-080.png,CI5003/武汉商学院第03组,23,大数据管理与应用（大一在马影河校区就读，大二起在后官湖校区就读）,,66,4000,4000,计算机类相关,,missing_subject_candidate,,,重点了解,计算机类相关,pending_family_acceptance_review,pending_verification,pending_ocr_anomaly_field_review,pending,pending,pending,pending,pending,pending,pending_original_pdf_page_review,pending_hubei_official_plan_review,pending_school_charter_review,待判断,false,,,原PDF页字段核验；湖北官方计划字段核验；高校章程字段核验；家庭专业接受度确认；OCR异常修正,逐字段回看原页；核湖北官方计划和高校章程；由家庭确认专业接受度
湖北招生考试2026年19期·本科普通批（下）,ee61fc69389f24a9a7830167113cf0ddc0447f8fa4b2743cd3241be60a9bd86d,candidate_v2_verification_workbench,false,历史候选,武汉商学院 C15003 第03组,C15003,4,full_ocr_draft,C150,武汉商学院,80,page-080.png,CI5003/武汉商学院第03组,24,数字经济（大一在马影河校区就读，大資高謝亭院校专业组及专业代号二起在后官湖校区就读）,,63,4000,4000,,,missing_subject_candidate,major_text_embeds_page_header,专业名称疑似串入页眉或栏目文字,字段异常待核验,命中 OCR 结构异常，需回看原页,pending_family_acceptance_review,pending_verification,pending_ocr_anomaly_field_review,pending,pending,pending,pending,pending,pending,pending_original_pdf_page_review,pending_hubei_official_plan_review,pending_school_charter_review,待判断,false,,,原PDF页字段核验；湖北官方计划字段核验；高校章程字段核验；家庭专业接受度确认；OCR异常修正,逐字段回看原页；核湖北官方计划和高校章程；由家庭确认专业接受度
湖北招生考试2026年19期·本科普通批（下）,ee61fc69389f24a9a7830167113cf0ddc0447f8fa4b2743cd3241be60a9bd86d,candidate_v2_verification_workbench,false,历史候选,武汉商学院 C15003 第03组,C15003,5,full_ocr_draft,C150,武汉商学院,80,page-080.png,CI5003/武汉商学院第03组,25,经济与金融（大一在马影河校区就读，大二起在后官湖校区就读）,,10,4000,4000,,,missing_subject_candidate,,,待了解,尚未命中明确偏好或硬排除，需要家庭继续判断,pending_family_acceptance_review,pending_verification,pending_ocr_anomaly_field_review,pending,pending,pending,pending,pending,pending,pending_original_pdf_page_review,pending_hubei_official_plan_review,pending_school_charter_review,待判断,false,,,原PDF页字段核验；湖北官方计划字段核验；高校章程字段核验；家庭专业接受度确认；OCR异常修正,逐字段回看原页；核湖北官方计划和高校章程；由家庭确认专业接受度
湖北招生考试2026年19期·本科普通批（下）,ee61fc69389f24a9a7830167113cf0ddc0447f8fa4b2743cd3241be60a9bd86d,candidate_v2_verification_workbench,false,历史候选,武汉商学院 C15003 第03组,C15003,6,full_ocr_draft,C150,武汉商学院,80,page-080.png,CI5003/武汉商学院第03组,26,南务经济学（大一在马影河校区就读，大二起在后官湖校区就读）,,19,5200,5200,,,missing_subject_candidate,,,待了解,尚未命中明确偏好或硬排除，需要家庭继续判断,pending_family_acceptance_review,pending_verification,pending_ocr_anomaly_field_review,pending,pending,pending,pending,pending,pending,pending_original_pdf_page_review,pending_hubei_official_plan_review,pending_school_charter_review,待判断,false,,,原PDF页字段核验；湖北官方计划字段核验；高校章程字段核验；家庭专业接受度确认；OCR异常修正,逐字段回看原页；核湖北官方计划和高校章程；由家庭确认专业接受度
湖北招生考试2026年19期·本科普通批（下）,ee61fc69389f24a9a7830167113cf0ddc0447f8fa4b2743cd3241be60a9bd86d,candidate_v2_verification_workbench,false,历史候选,武汉商学院 C15003 第03组,C15003,7,full_ocr_draft,C150,武汉商学院,80,page-080.png,CI5003/武汉商学院第03组,27,经济统计学（大一在马影河校区就读，大二起在后官湖校区就读）,,61,4000,4000,,,missing_subject_candidate,,,待了解,尚未命中明确偏好或硬排除，需要家庭继续判断,pending_family_acceptance_review,pending_verification,pending_ocr_anomaly_field_review,pending,pending,pending,pending,pending,pending,pending_original_pdf_page_review,pending_hubei_official_plan_review,pending_school_charter_review,待判断,false,,,原PDF页字段核验；湖北官方计划字段核验；高校章程字段核验；家庭专业接受度确认；OCR异常修正,逐字段回看原页；核湖北官方计划和高校章程；由家庭确认专业接受度
湖北招生考试2026年19期·本科普通批（下）,ee61fc69389f24a9a7830167113cf0ddc0447f8fa4b2743cd3241be60a9bd86d,candidate_v2_verification_workbench,false,历史候选,武汉商学院 C15003 第03组,C15003,8,full_ocr_draft,C150,武汉商学院,80,page-080.png,CI5003/武汉商学院第03组,28,税收学（大一在马影河校区就读，大三起在后官湖校区就读）,,18,4000,4000,,,missing_subject_candidate,,,待了解,尚未命中明确偏好或硬排除，需要家庭继续判断,pending_family_acceptance_review,pending_verification,pending_ocr_anomaly_field_review,pending,pending,pending,pending,pending,pending,pending_original_pdf_page_review,pending_hubei_official_plan_review,pending_school_charter_review,待判断,false,,,原PDF页字段核验；湖北官方计划字段核验；高校章程字段核验；家庭专业接受度确认；OCR异常修正,逐字段回看原页；核湖北官方计划和高校章程；由家庭确认专业接受度
湖北招生考试2026年19期·本科普通批（下）,ee61fc69389f24a9a7830167113cf0ddc0447f8fa4b2743cd3241be60a9bd86d,candidate_v2_verification_workbench,false,历史候选,武汉商学院 C15003 第03组,C15003,9,full_ocr_draft,C150,武汉商学院,80,page-080.png,CI5003/武汉商学院第03组,29,酒店管理（大一在马影河校区就读，大二起在后官湖校区就读）,,20,5200,5200,,,missing_subject_candidate,,,待了解,尚未命中明确偏好或硬排除，需要家庭继续判断,pending_family_acceptance_review,pending_verification,pending_ocr_anomaly_field_review,pending,pending,pending,pending,pending,pending,pending_original_pdf_page_review,pending_hubei_official_plan_review,pending_school_charter_review,待判断,false,,,原PDF页字段核验；湖北官方计划字段核验；高校章程字段核验；家庭专业接受度确认；OCR异常修正,逐字段回看原页；核湖北官方计划和高校章程；由家庭确认专业接受度
湖北招生考试2026年19期·本科普通批（下）,ee61fc69389f24a9a7830167113cf0ddc0447f8fa4b2743cd3241be60a9bd86d,candidate_v2_verification_workbench,false,历史候选,武汉商学院 C15003 第03组,C15003,10,full_ocr_draft,C150,武汉商学院,80,page-080.png,CI5003/武汉商学院第03组,30,会展经济与管理（大一在马影河校E就读，大二起在后官湖校区就读,,12,4000,4000,,,missing_subject_candidate;low_ocr_confidence,low_ocr_confidence,OCR置信度低,字段异常待核验,命中 OCR 结构异常，需回看原页,pending_family_acceptance_review,pending_verification,pending_ocr_anomaly_field_review,pending,pending,pending,pending,pending,pending,pending_original_pdf_page_review,pending_hubei_official_plan_review,pending_school_charter_review,待判断,false,,,原PDF页字段核验；湖北官方计划字段核验；高校章程字段核验；家庭专业接受度确认；OCR异常修正,逐字段回看原页；核湖北官方计划和高校章程；由家庭确认专业接受度
湖北招生考试2026年19期·本科普通批（下）,ee61fc69389f24a9a7830167113cf0ddc0447f8fa4b2743cd3241be60a9bd86d,candidate_v2_verification_workbench,false,历史候选,武汉商学院 C15003 第03组,C15003,11,full_ocr_draft,C150,武汉商学院,80,page-080.png,CI5003/武汉商学院第03组,31,旅游管理与服务教育（大一在马影河校区就读，大二起在后官湖校区就读）,,14,4000,4000,,,missing_subject_candidate,,,待了解,尚未命中明确偏好或硬排除，需要家庭继续判断,pending_family_acceptance_review,pending_verification,pending_ocr_anomaly_field_review,pending,pending,pending,pending,pending,pending,pending_original_pdf_page_review,pending_hubei_official_plan_review,pending_school_charter_review,待判断,false,,,原PDF页字段核验；湖北官方计划字段核验；高校章程字段核验；家庭专业接受度确认；OCR异常修正,逐字段回看原页；核湖北官方计划和高校章程；由家庭确认专业接受度
湖北招生考试2026年19期·本科普通批（下）,ee61fc69389f24a9a7830167113cf0ddc0447f8fa4b2743cd3241be60a9bd86d,candidate_v2_verification_workbench,false,历史候选,武汉商学院 C15003 第03组,C15003,12,full_ocr_draft,C150,武汉商学院,80,page-080.png,CI5003/武汉商学院第03组,32,商务英语（要求高考英语成绩不低于,,21,5200,5200,,,missing_subject_candidate,,,待了解,尚未命中明确偏好或硬排除，需要家庭继续判断,pending_family_acceptance_review,pending_verification,pending_ocr_anomaly_field_review,pending,pending,pending,pending,pending,pending,pending_original_pdf_page_review,pending_hubei_official_plan_review,pending_school_charter_review,待判断,false,,,原PDF页字段核验；湖北官方计划字段核验；高校章程字段核验；家庭专业接受度确认；OCR异常修正,逐字段回看原页；核湖北官方计划和高校章程；由家庭确认专业接受度
湖北招生考试2026年19期·本科普通批（下）,ee61fc69389f24a9a7830167113cf0ddc0447f8fa4b2743cd3241be60a9bd86d,candidate_v2_verification_workbench,false,历史候选,武汉商学院 C15003 第03组,C15003,13,full_ocr_draft,C150,武汉商学院,80,page-080.png,CI5003/武汉商学院第03组,90,分（满分以150分计）：大一在马漿河校区就读，大二起在后官湖校区房读：外语语种：英语）,,21,5200,5200,,语种或单科限制,missing_subject_candidate;low_ocr_confidence,low_ocr_confidence,OCR置信度低,限制风险待核验,命中限制类风险：语种或单科限制,pending_family_acceptance_review,pending_verification,pending_ocr_anomaly_field_review,pending,pending,pending,pending,pending,pending,pending_original_pdf_page_review,pending_hubei_official_plan_review,pending_school_charter_review,待判断,false,,语种或单科限制,原PDF页字段核验；湖北官方计划字段核验；高校章程字段核验；家庭专业接受度确认；OCR异常修正,逐字段回看原页；核湖北官方计划和高校章程；由家庭确认专业接受度
湖北招生考试2026年19期·本科普通批（下）,ee61fc69389f24a9a7830167113cf0ddc0447f8fa4b2743cd3241be60a9bd86d,candidate_v2_verification_workbench,false,历史候选,武汉商学院 C15003 第03组,C15003,14,full_ocr_draft,C150,武汉商学院,80,page-080.png,CI5003/武汉商学院第03组,33,國译（国际传損方向：要求高考英语成绩不低于90分（满分以150分计）：大在当影河校区就读，大二起在后官湖校区就读：外语语种：英语）,,,4000,4000,,语种或单科限制,missing_subject_candidate;missing_plan_count_candidate;low_ocr_confidence,low_ocr_confidence,OCR置信度低,限制风险待核验,命中限制类风险：语种或单科限制,pending_family_acceptance_review,pending_verification,pending_ocr_anomaly_field_review,pending,pending,pending,pending,pending,pending,pending_original_pdf_page_review,pending_hubei_official_plan_review,pending_school_charter_review,待判断,false,,语种或单科限制,原PDF页字段核验；湖北官方计划字段核验；高校章程字段核验；家庭专业接受度确认；OCR异常修正,逐字段回看原页；核湖北官方计划和高校章程；由家庭确认专业接受度
湖北招生考试2026年19期·本科普通批（下）,ee61fc69389f24a9a7830167113cf0ddc0447f8fa4b2743cd3241be60a9bd86d,candidate_v2_verification_workbench,false,历史候选,武汉商学院 C15003 第03组,C15003,15,full_ocr_draft,C150,武汉商学院,80,page-080.png,CI5003/武汉商学院第03组,34,财务管理（大一在马影河校区就读，大二起在后官湖校区就读）,,12,5200,5200,,,missing_subject_candidate,,,待了解,尚未命中明确偏好或硬排除，需要家庭继续判断,pending_family_acceptance_review,pending_verification,pending_ocr_anomaly_field_review,pending,pending,pending,pending,pending,pending,pending_original_pdf_page_review,pending_hubei_official_plan_review,pending_school_charter_review,待判断,false,,,原PDF页字段核验；湖北官方计划字段核验；高校章程字段核验；家庭专业接受度确认；OCR异常修正,逐字段回看原页；核湖北官方计划和高校章程；由家庭确认专业接受度
湖北招生考试2026年19期·本科普通批（下）,ee61fc69389f24a9a7830167113cf0ddc0447f8fa4b2743cd3241be60a9bd86d,candidate_v2_verification_workbench,false,历史候选,武汉商学院 C15003 第03组,C15003,16,full_ocr_draft,C150,武汉商学院,80,page-080.png,CI5003/武汉商学院第03组,35,审计学（大一在马影河校区就读，大二起在后官湖校区就读）,,25,5200,5200,,,missing_subject_candidate,,,待了解,尚未命中明确偏好或硬排除，需要家庭继续判断,pending_family_acceptance_review,pending_verification,pending_ocr_anomaly_field_review,pending,pending,pending,pending,pending,pending,pending_original_pdf_page_review,pending_hubei_official_plan_review,pending_school_charter_review,待判断,false,,,原PDF页字段核验；湖北官方计划字段核验；高校章程字段核验；家庭专业接受度确认；OCR异常修正,逐字段回看原页；核湖北官方计划和高校章程；由家庭确认专业接受度
湖北招生考试2026年19期·本科普通批（下）,ee61fc69389f24a9a7830167113cf0ddc0447f8fa4b2743cd3241be60a9bd86d,candidate_v2_verification_workbench,false,历史候选,武汉商学院 C15003 第03组,C15003,17,full_ocr_draft,C150,武汉商学院,80,page-080.png,CI5003/武汉商学院第03组,36,会计学（大一在马影河校区就读，大二起在后官湖校区就读）,,24,5200,5200,,,missing_subject_candidate,,,待了解,尚未命中明确偏好或硬排除，需要家庭继续判断,pending_family_acceptance_review,pending_verification,pending_ocr_anomaly_field_review,pending,pending,pending,pending,pending,pending,pending_original_pdf_page_review,pending_hubei_official_plan_review,pending_school_charter_review,待判断,false,,,原PDF页字段核验；湖北官方计划字段核验；高校章程字段核验；家庭专业接受度确认；OCR异常修正,逐字段回看原页；核湖北官方计划和高校章程；由家庭确认专业接受度
湖北招生考试2026年19期·本科普通批（下）,ee61fc69389f24a9a7830167113cf0ddc0447f8fa4b2743cd3241be60a9bd86d,candidate_v2_verification_workbench,false,历史候选,武汉商学院 C15003 第03组,C15003,18,full_ocr_draft,C150,武汉商学院,80,page-080.png,CI5003/武汉商学院第03组,37,物流管理（大一在马影河校区就读，大二起在后官湖校区就读）,,18,4000,4000,,,missing_subject_candidate,,,待了解,尚未命中明确偏好或硬排除，需要家庭继续判断,pending_family_acceptance_review,pending_verification,pending_ocr_anomaly_field_review,pending,pending,pending,pending,pending,pending,pending_original_pdf_page_review,pending_hubei_official_plan_review,pending_school_charter_review,待判断,false,,,原PDF页字段核验；湖北官方计划字段核验；高校章程字段核验；家庭专业接受度确认；OCR异常修正,逐字段回看原页；核湖北官方计划和高校章程；由家庭确认专业接受度
湖北招生考试2026年19期·本科普通批（下）,ee61fc69389f24a9a7830167113cf0ddc0447f8fa4b2743cd3241be60a9bd86d,candidate_v2_verification_workbench,false,历史候选,武汉商学院 C15003 第03组,C15003,19,full_ocr_draft,C150,武汉商学院,80,page-080.png,CI5003/武汉商学院第03组,38,日语（商务方向：大一在马影河校区就读，大二起在后官湖校区就读）,,7,4000,4000,,,missing_subject_candidate,,,待了解,尚未命中明确偏好或硬排除，需要家庭继续判断,pending_family_acceptance_review,pending_verification,pending_ocr_anomaly_field_review,pending,pending,pending,pending,pending,pending,pending_original_pdf_page_review,pending_hubei_official_plan_review,pending_school_charter_review,待判断,false,,,原PDF页字段核验；湖北官方计划字段核验；高校章程字段核验；家庭专业接受度确认；OCR异常修正,逐字段回看原页；核湖北官方计划和高校章程；由家庭确认专业接受度
湖北招生考试2026年19期·本科普通批（下）,ee61fc69389f24a9a7830167113cf0ddc0447f8fa4b2743cd3241be60a9bd86d,candidate_v2_verification_workbench,false,历史候选,武汉商学院 C15003 第03组,C15003,20,full_ocr_draft,C150,武汉商学院,80,page-080.png,CI5003/武汉商学院第03组,39,人力资源管理（大一在马影河校区就读，大二起在后官湖校区就读）,,18,4000,4000,,,missing_subject_candidate,,,待了解,尚未命中明确偏好或硬排除，需要家庭继续判断,pending_family_acceptance_review,pending_verification,pending_ocr_anomaly_field_review,pending,pending,pending,pending,pending,pending,pending_original_pdf_page_review,pending_hubei_official_plan_review,pending_school_charter_review,待判断,false,,,原PDF页字段核验；湖北官方计划字段核验；高校章程字段核验；家庭专业接受度确认；OCR异常修正,逐字段回看原页；核湖北官方计划和高校章程；由家庭确认专业接受度
湖北招生考试2026年19期·本科普通批（下）,ee61fc69389f24a9a7830167113cf0ddc0447f8fa4b2743cd3241be60a9bd86d,candidate_v2_verification_workbench,false,历史候选,武汉商学院 C15003 第03组,C15003,21,full_ocr_draft,C150,武汉商学院,80,page-080.png,CI5003/武汉商学院第03组,40,电子商务（大一在马影河校区就读，大三起在后官湖校区就读）,,9,5200,5200,,,missing_subject_candidate,,,待了解,尚未命中明确偏好或硬排除，需要家庭继续判断,pending_family_acceptance_review,pending_verification,pending_ocr_anomaly_field_review,pending,pending,pending,pending,pending,pending,pending_original_pdf_page_review,pending_hubei_official_plan_review,pending_school_charter_review,待判断,false,,,原PDF页字段核验；湖北官方计划字段核验；高校章程字段核验；家庭专业接受度确认；OCR异常修正,逐字段回看原页；核湖北官方计划和高校章程；由家庭确认专业接受度
湖北招生考试2026年19期·本科普通批（下）,ee61fc69389f24a9a7830167113cf0ddc0447f8fa4b2743cd3241be60a9bd86d,candidate_v2_verification_workbench,false,历史候选,武汉商学院 C15003 第03组,C15003,22,full_ocr_draft,C150,武汉商学院,80,page-080.png,CI5003/武汉商学院第03组,41,供应链管理（大一在马影河校区就读，大二起在后官湖校区就读）,,17,4000,4000,,,missing_subject_candidate,,,待了解,尚未命中明确偏好或硬排除，需要家庭继续判断,pending_family_acceptance_review,pending_verification,pending_ocr_anomaly_field_review,pending,pending,pending,pending,pending,pending,pending_original_pdf_page_review,pending_hubei_official_plan_review,pending_school_charter_review,待判断,false,,,原PDF页字段核验；湖北官方计划字段核验；高校章程字段核验；家庭专业接受度确认；OCR异常修正,逐字段回看原页；核湖北官方计划和高校章程；由家庭确认专业接受度
湖北招生考试2026年19期·本科普通批（下）,ee61fc69389f24a9a7830167113cf0ddc0447f8fa4b2743cd3241be60a9bd86d,candidate_v2_verification_workbench,false,历史候选,武汉商学院 C15004 第04组,C15004,1,full_ocr_draft,C150,武汉商学院,80,page-080.png,C15004 武汉商学院第04 组,42,软件工程（大一在马影河校区就读，大起在后官湖校区就读）,化学,58,5200,5200,计算机类相关,,,,,重点了解,计算机类相关,pending_family_acceptance_review,pending_verification,pending_ocr_field_review,pending,pending,pending,pending,pending,pending,pending_original_pdf_page_review,pending_hubei_official_plan_review,pending_school_charter_review,待判断,false,,,原PDF页字段核验；湖北官方计划字段核验；高校章程字段核验；家庭专业接受度确认,逐字段回看原页；核湖北官方计划和高校章程；由家庭确认专业接受度
湖北招生考试2026年19期·本科普通批（下）,ee61fc69389f24a9a7830167113cf0ddc0447f8fa4b2743cd3241be60a9bd86d,candidate_v2_verification_workbench,false,历史候选,武汉商学院 C15004 第04组,C15004,2,full_ocr_draft,C150,武汉商学院,80,page-080.png,C15004 武汉商学院第04 组,13,物联网工程（智能系统方向：大一在三影河校区就读，大二起在后官湖校区,,60,5200,5200,计算机类相关,,missing_subject_candidate;low_ocr_confidence,low_ocr_confidence,OCR置信度低,字段异常待核验,命中 OCR 结构异常，需回看原页,pending_family_acceptance_review,pending_verification,pending_ocr_anomaly_field_review,pending,pending,pending,pending,pending,pending,pending_original_pdf_page_review,pending_hubei_official_plan_review,pending_school_charter_review,待判断,false,,,原PDF页字段核验；湖北官方计划字段核验；高校章程字段核验；家庭专业接受度确认；OCR异常修正,逐字段回看原页；核湖北官方计划和高校章程；由家庭确认专业接受度
湖北招生考试2026年19期·本科普通批（下）,ee61fc69389f24a9a7830167113cf0ddc0447f8fa4b2743cd3241be60a9bd86d,candidate_v2_verification_workbench,false,历史候选,武汉商学院 C15004 第04组,C15004,3,full_ocr_draft,C150,武汉商学院,80,page-080.png,C15004 武汉商学院第04 组,44,数据科学与大数据技术（大一在马影河校区就读，大二起在后官湖校区就,,67,5200,5200,计算机类相关,,missing_subject_candidate,,,重点了解,计算机类相关,pending_family_acceptance_review,pending_verification,pending_ocr_anomaly_field_review,pending,pending,pending,pending,pending,pending,pending_original_pdf_page_review,pending_hubei_official_plan_review,pending_school_charter_review,待判断,false,,,原PDF页字段核验；湖北官方计划字段核验；高校章程字段核验；家庭专业接受度确认；OCR异常修正,逐字段回看原页；核湖北官方计划和高校章程；由家庭确认专业接受度
湖北招生考试2026年19期·本科普通批（下）,ee61fc69389f24a9a7830167113cf0ddc0447f8fa4b2743cd3241be60a9bd86d,candidate_v2_verification_workbench,false,历史候选,武汉商学院 C15004 第04组,C15004,4,full_ocr_draft,C150,武汉商学院,80,page-080.png,C15004 武汉商学院第04 组,45,人工智能（大一在马影河校区就读，大二起在后官湖校区就读）,,57,4000,4000,计算机类相关,,missing_subject_candidate,,,重点了解,计算机类相关,pending_family_acceptance_review,pending_verification,pending_ocr_anomaly_field_review,pending,pending,pending,pending,pending,pending,pending_original_pdf_page_review,pending_hubei_official_plan_review,pending_school_charter_review,待判断,false,,,原PDF页字段核验；湖北官方计划字段核验；高校章程字段核验；家庭专业接受度确认；OCR异常修正,逐字段回看原页；核湖北官方计划和高校章程；由家庭确认专业接受度
湖北招生考试2026年19期·本科普通批（下）,ee61fc69389f24a9a7830167113cf0ddc0447f8fa4b2743cd3241be60a9bd86d,candidate_v2_verification_workbench,false,历史候选,武汉商学院 C15005 第05组,C15005,1,full_ocr_draft,C150,武汉商学院,80,page-080.png,C15005 武汉商学院第05组,46,机器人工程（大一在马影河校区就读，大二起在后官湖校区就读）,化学257,98,5200,5200,,,,,,待了解,尚未命中明确偏好或硬排除，需要家庭继续判断,pending_family_acceptance_review,pending_verification,pending_ocr_field_review,pending,pending,pending,pending,pending,pending,pending_original_pdf_page_review,pending_hubei_official_plan_review,pending_school_charter_review,待判断,false,,,原PDF页字段核验；湖北官方计划字段核验；高校章程字段核验；家庭专业接受度确认,逐字段回看原页；核湖北官方计划和高校章程；由家庭确认专业接受度
湖北招生考试2026年19期·本科普通批（下）,ee61fc69389f24a9a7830167113cf0ddc0447f8fa4b2743cd3241be60a9bd86d,candidate_v2_verification_workbench,false,历史候选,武汉商学院 C15005 第05组,C15005,2,full_ocr_draft,C150,武汉商学院,80,page-080.png,C15005 武汉商学院第05组,47,建筑环境与能源应用工程（大一在马影河校区就读，大二起在后官湖校区就读）,,45,4000,4000,,,missing_subject_candidate,,,待了解,尚未命中明确偏好或硬排除，需要家庭继续判断,pending_family_acceptance_review,pending_verification,pending_ocr_anomaly_field_review,pending,pending,pending,pending,pending,pending,pending_original_pdf_page_review,pending_hubei_official_plan_review,pending_school_charter_review,待判断,false,,,原PDF页字段核验；湖北官方计划字段核验；高校章程字段核验；家庭专业接受度确认；OCR异常修正,逐字段回看原页；核湖北官方计划和高校章程；由家庭确认专业接受度
湖北招生考试2026年19期·本科普通批（下）,ee61fc69389f24a9a7830167113cf0ddc0447f8fa4b2743cd3241be60a9bd86d,candidate_v2_verification_workbench,false,历史候选,武汉商学院 C15005 第05组,C15005,3,full_ocr_draft,C150,武汉商学院,80,page-080.png,C15005 武汉商学院第05组,48,车辆工程（大一在马影河校区就读，大二起在后官湖校区就读）,,36,4000,4000,,,missing_subject_candidate,,,待了解,尚未命中明确偏好或硬排除，需要家庭继续判断,pending_family_acceptance_review,pending_verification,pending_ocr_anomaly_field_review,pending,pending,pending,pending,pending,pending,pending_original_pdf_page_review,pending_hubei_official_plan_review,pending_school_charter_review,待判断,false,,,原PDF页字段核验；湖北官方计划字段核验；高校章程字段核验；家庭专业接受度确认；OCR异常修正,逐字段回看原页；核湖北官方计划和高校章程；由家庭确认专业接受度
湖北招生考试2026年19期·本科普通批（下）,ee61fc69389f24a9a7830167113cf0ddc0447f8fa4b2743cd3241be60a9bd86d,candidate_v2_verification_workbench,false,历史候选,武汉商学院 C15005 第05组,C15005,4,full_ocr_draft,C150,武汉商学院,80,page-080.png,C15005 武汉商学院第05组,49,新能源汽车工程（大一在马影河校区就读，大二起在后官湖校区就读）,,78,4000,4000,,,missing_subject_candidate,,,待了解,尚未命中明确偏好或硬排除，需要家庭继续判断,pending_family_acceptance_review,pending_verification,pending_ocr_anomaly_field_review,pending,pending,pending,pending,pending,pending,pending_original_pdf_page_review,pending_hubei_official_plan_review,pending_school_charter_review,待判断,false,,,原PDF页字段核验；湖北官方计划字段核验；高校章程字段核验；家庭专业接受度确认；OCR异常修正,逐字段回看原页；核湖北官方计划和高校章程；由家庭确认专业接受度
湖北招生考试2026年19期·本科普通批（下）,ee61fc69389f24a9a7830167113cf0ddc0447f8fa4b2743cd3241be60a9bd86d,candidate_v2_verification_workbench,false,历史候选,武汉商学院 C15006 第06组,C15006,1,full_ocr_draft,C150,武汉商学院,80,page-080.png,C15006 武汉商学院第06组,50,烹饪与营养教育（大一在马影河校区就读，大二起在后官湖校区就读）,化学,70,4000,4000,,,,,,待了解,尚未命中明确偏好或硬排除，需要家庭继续判断,pending_family_acceptance_review,pending_verification,pending_ocr_field_review,pending,pending,pending,pending,pending,pending,pending_original_pdf_page_review,pending_hubei_official_plan_review,pending_school_charter_review,待判断,false,,,原PDF页字段核验；湖北官方计划字段核验；高校章程字段核验；家庭专业接受度确认,逐字段回看原页；核湖北官方计划和高校章程；由家庭确认专业接受度
湖北招生考试2026年19期·本科普通批（下）,ee61fc69389f24a9a7830167113cf0ddc0447f8fa4b2743cd3241be60a9bd86d,candidate_v2_verification_workbench,false,历史候选,武汉商学院 C15006 第06组,C15006,2,full_ocr_draft,C150,武汉商学院,80,page-080.png,C15006 武汉商学院第06组,51,食品质量与安全（大一在马影河校区就读，大二起在后官湖校区就读）,,77,4000,4000,,,missing_subject_candidate,,,待了解,尚未命中明确偏好或硬排除，需要家庭继续判断,pending_family_acceptance_review,pending_verification,pending_ocr_anomaly_field_review,pending,pending,pending,pending,pending,pending,pending_original_pdf_page_review,pending_hubei_official_plan_review,pending_school_charter_review,待判断,false,,,原PDF页字段核验；湖北官方计划字段核验；高校章程字段核验；家庭专业接受度确认；OCR异常修正,逐字段回看原页；核湖北官方计划和高校章程；由家庭确认专业接受度
湖北招生考试2026年19期·本科普通批（下）,ee61fc69389f24a9a7830167113cf0ddc0447f8fa4b2743cd3241be60a9bd86d,candidate_v2_verification_workbench,false,历史候选,武汉商学院 C15006 第06组,C15006,3,full_ocr_draft,C150,武汉商学院,80,page-080.png,C15006 武汉商学院第06组,52,食品科学与工程（大一在马影河校区就读，大二起在后官湖校区就读）院校专业组及专业代号,,73,4000,4000,,,missing_subject_candidate,major_text_embeds_page_header,专业名称疑似串入页眉或栏目文字,字段异常待核验,命中 OCR 结构异常，需回看原页,pending_family_acceptance_review,pending_verification,pending_ocr_anomaly_field_review,pending,pending,pending,pending,pending,pending,pending_original_pdf_page_review,pending_hubei_official_plan_review,pending_school_charter_review,待判断,false,,,原PDF页字段核验；湖北官方计划字段核验；高校章程字段核验；家庭专业接受度确认；OCR异常修正,逐字段回看原页；核湖北官方计划和高校章程；由家庭确认专业接受度
湖北招生考试2026年19期·本科普通批（下）,ee61fc69389f24a9a7830167113cf0ddc0447f8fa4b2743cd3241be60a9bd86d,candidate_v2_verification_workbench,false,历史候选,武汉商学院 C15007 第07组,C15007,1,full_ocr_draft,C150,武汉商学院,81,page-081.png,C15007 武汉商学院第 07组,53,经济与金融（中外合作办学）（“3+“双证培养模式；大一在马影河校区就读，大二起在后官湖校区就读）,不限,35,35000,35000,,中外合作或高收费,low_ocr_confidence,low_ocr_confidence,OCR置信度低,默认不进主方案,命中中外合作/高收费或超过当前家庭费用上限,pending_family_acceptance_review,pending_verification,pending_ocr_anomaly_field_review,pending,pending,pending,pending,pending,pending,pending_original_pdf_page_review,pending_hubei_official_plan_review,pending_school_charter_review,是,false,命中中外合作/高收费或超过当前家庭费用上限,中外合作或高收费,原PDF页字段核验；湖北官方计划字段核验；高校章程字段核验；家庭专业接受度确认；OCR异常修正,逐字段回看原页；核湖北官方计划和高校章程；由家庭确认专业接受度
湖北招生考试2026年19期·本科普通批（下）,ee61fc69389f24a9a7830167113cf0ddc0447f8fa4b2743cd3241be60a9bd86d,candidate_v2_verification_workbench,false,历史候选,武汉商学院 C15007 第07组,C15007,2,full_ocr_draft,C150,武汉商学院,81,page-081.png,C15007 武汉商学院第 07组,54,"物流管理（中外合作办学〉（“4+0""双证培养模式；大一在马影河校区就读，大起在后官湖校区就读）C151汉江师范学院（公办）（湖北）",,35,40000,40000,师范类相关,中外合作或高收费,missing_subject_candidate;low_ocr_confidence,low_ocr_confidence;major_text_embeds_other_school_marker,OCR置信度低；专业名称疑似串入下一院校,默认不进主方案,命中中外合作/高收费或超过当前家庭费用上限,pending_family_acceptance_review,pending_verification,pending_ocr_anomaly_field_review,pending,pending,pending,pending,pending,pending,pending_original_pdf_page_review,pending_hubei_official_plan_review,pending_school_charter_review,是,false,命中中外合作/高收费或超过当前家庭费用上限,中外合作或高收费,原PDF页字段核验；湖北官方计划字段核验；高校章程字段核验；家庭专业接受度确认；OCR异常修正,逐字段回看原页；核湖北官方计划和高校章程；由家庭确认专业接受度
湖北招生考试2026年19期·本科普通批（下）,ee61fc69389f24a9a7830167113cf0ddc0447f8fa4b2743cd3241be60a9bd86d,candidate_v2_verification_workbench,false,同校偏好专业补充组,成都理工大学 K15123 第23组,K15114,1,page_visual_review_seed,K151,成都理工大学,208,page-208.png,成都理工大学第14组,53,数字媒体技术（不能准确在显示器上识别红、黄、绿、蓝、紫各颜色中任何一种颜色的数码、字母者不能录取；宜宾校区就读）,化学,2,6240,6240,数字媒体技术,体检或色觉限制,,,,限制风险待核验,命中限制类风险：体检或色觉限制,pending_family_acceptance_review,pending_verification,pending_page_visual_field_review,pending,pending,pending,pending,pending,pending,pending_original_pdf_page_review,pending_hubei_official_plan_review,pending_school_charter_review,待判断,false,,体检或色觉限制,原PDF页字段核验；湖北官方计划字段核验；高校章程字段核验；家庭专业接受度确认,逐字段回看原页；核湖北官方计划和高校章程；由家庭确认专业接受度
湖北招生考试2026年19期·本科普通批（下）,ee61fc69389f24a9a7830167113cf0ddc0447f8fa4b2743cd3241be60a9bd86d,candidate_v2_verification_workbench,false,同校偏好专业补充组,成都理工大学 K15123 第23组,K15114,2,page_visual_review_seed,K151,成都理工大学,208,page-208.png,成都理工大学第14组,54,智能科学与技术（宜宾校区）,化学,4,6240,6240,计算机类相关,,,,,重点了解,计算机类相关,pending_family_acceptance_review,pending_verification,pending_page_visual_field_review,pending,pending,pending,pending,pending,pending,pending_original_pdf_page_review,pending_hubei_official_plan_review,pending_school_charter_review,待判断,false,,,原PDF页字段核验；湖北官方计划字段核验；高校章程字段核验；家庭专业接受度确认,逐字段回看原页；核湖北官方计划和高校章程；由家庭确认专业接受度
湖北招生考试2026年19期·本科普通批（下）,ee61fc69389f24a9a7830167113cf0ddc0447f8fa4b2743cd3241be60a9bd86d,candidate_v2_verification_workbench,false,同校偏好专业补充组,成都理工大学 K15123 第23组,K15114,3,page_visual_review_seed,K151,成都理工大学,208,page-208.png,成都理工大学第14组,55,电子信息工程（宜宾校区）,化学,2,6240,6240,,,,,,待了解,尚未命中明确偏好或硬排除，需要家庭继续判断,pending_family_acceptance_review,pending_verification,pending_page_visual_field_review,pending,pending,pending,pending,pending,pending,pending_original_pdf_page_review,pending_hubei_official_plan_review,pending_school_charter_review,待判断,false,,,原PDF页字段核验；湖北官方计划字段核验；高校章程字段核验；家庭专业接受度确认,逐字段回看原页；核湖北官方计划和高校章程；由家庭确认专业接受度
湖北招生考试2026年19期·本科普通批（下）,ee61fc69389f24a9a7830167113cf0ddc0447f8fa4b2743cd3241be60a9bd86d,candidate_v2_verification_workbench,false,历史候选,成都医学院 K17801 第01组,K17801,1,full_ocr_draft,K178,成都医学院,212,page-212.png,K17801 成都医学院第01组,01,医学检验技术（色盲、色弱及单眼失明考生不予录取；办学地点：新都校区）,,,6670,6670,,体检或色觉限制；医学/护理等排除方向,missing_subject_candidate;missing_plan_count_candidate,,,默认不能接受,命中医学/护理等当前明确排除方向,pending_family_acceptance_review,pending_verification,pending_ocr_anomaly_field_review,pending,pending,pending,pending,pending,pending,pending_original_pdf_page_review,pending_hubei_official_plan_review,pending_school_charter_review,是,false,命中医学/护理等当前明确排除方向,体检或色觉限制；医学/护理等排除方向,原PDF页字段核验；湖北官方计划字段核验；高校章程字段核验；家庭专业接受度确认；OCR异常修正,逐字段回看原页；核湖北官方计划和高校章程；由家庭确认专业接受度
湖北招生考试2026年19期·本科普通批（下）,ee61fc69389f24a9a7830167113cf0ddc0447f8fa4b2743cd3241be60a9bd86d,candidate_v2_verification_workbench,false,历史候选,成都医学院 K17802 第02组,K17802,1,full_ocr_draft,K178,成都医学院,212,page-212.png,K17802 成都医学院第02组,02,药学（色真、色弱及单眼失明考生不予录取；办学地点：新都校区）K179成都师范学院（公办）（四川）,,8,6670,6670,师范类相关,体检或色觉限制；医学/护理等排除方向,missing_subject_candidate,major_text_embeds_other_school_marker,专业名称疑似串入下一院校,默认不能接受,命中医学/护理等当前明确排除方向,pending_family_acceptance_review,pending_verification,pending_ocr_anomaly_field_review,pending,pending,pending,pending,pending,pending,pending_original_pdf_page_review,pending_hubei_official_plan_review,pending_school_charter_review,是,false,命中医学/护理等当前明确排除方向,体检或色觉限制；医学/护理等排除方向,原PDF页字段核验；湖北官方计划字段核验；高校章程字段核验；家庭专业接受度确认；OCR异常修正,逐字段回看原页；核湖北官方计划和高校章程；由家庭确认专业接受度
湖北招生考试2026年19期·本科普通批（下）,ee61fc69389f24a9a7830167113cf0ddc0447f8fa4b2743cd3241be60a9bd86d,candidate_v2_verification_workbench,false,历史候选,成都师范学院 K17903 第03组,K17903,1,full_ocr_draft,K179,成都师范学院,212,page-212.png,K17903 成都师范学院第 03 组,03,食品质量与安全,［化学,2,5200,5200,,,,,,待了解,尚未命中明确偏好或硬排除，需要家庭继续判断,pending_family_acceptance_review,pending_verification,pending_ocr_field_review,pending,pending,pending,pending,pending,pending,pending_original_pdf_page_review,pending_hubei_official_plan_review,pending_school_charter_review,待判断,false,,,原PDF页字段核验；湖北官方计划字段核验；高校章程字段核验；家庭专业接受度确认,逐字段回看原页；核湖北官方计划和高校章程；由家庭确认专业接受度
湖北招生考试2026年19期·本科普通批（下）,ee61fc69389f24a9a7830167113cf0ddc0447f8fa4b2743cd3241be60a9bd86d,candidate_v2_verification_workbench,false,同校偏好专业补充组,成都师范学院 K17903 第03组,K17905,1,full_ocr_draft,K179,成都师范学院,212,page-212.png,［K17905 成都师范学院第 05组,05,数字媒体技术院校专业组及专业代号,「化学,2,5200,5200,数字媒体技术,,,major_text_embeds_page_header,专业名称疑似串入页眉或栏目文字,字段异常待核验,命中 OCR 结构异常，需回看原页,pending_family_acceptance_review,pending_verification,pending_ocr_anomaly_field_review,pending,pending,pending,pending,pending,pending,pending_original_pdf_page_review,pending_hubei_official_plan_review,pending_school_charter_review,待判断,false,,,原PDF页字段核验；湖北官方计划字段核验；高校章程字段核验；家庭专业接受度确认；OCR异常修正,逐字段回看原页；核湖北官方计划和高校章程；由家庭确认专业接受度
湖北招生考试2026年19期·本科普通批（下）,ee61fc69389f24a9a7830167113cf0ddc0447f8fa4b2743cd3241be60a9bd86d,candidate_v2_verification_workbench,false,历史候选,西安建筑科技大学 K46505 第05组,K46505,1,full_ocr_draft,K465,西安建筑科技大学,223,page-223.png,K46505西安建筑科技大学第 05组,18,工程管理（中外合作办学）（双学位；办,不限,4,70000,70000,,中外合作或高收费,,,,默认不进主方案,命中中外合作/高收费或超过当前家庭费用上限,pending_family_acceptance_review,pending_verification,pending_ocr_field_review,pending,pending,pending,pending,pending,pending,pending_original_pdf_page_review,pending_hubei_official_plan_review,pending_school_charter_review,是,false,命中中外合作/高收费或超过当前家庭费用上限,中外合作或高收费,原PDF页字段核验；湖北官方计划字段核验；高校章程字段核验；家庭专业接受度确认,逐字段回看原页；核湖北官方计划和高校章程；由家庭确认专业接受度
湖北招生考试2026年19期·本科普通批（下）,ee61fc69389f24a9a7830167113cf0ddc0447f8fa4b2743cd3241be60a9bd86d,candidate_v2_verification_workbench,false,历史候选,西安财经大学 K48504 第04组,K48504,1,full_ocr_draft,K485,西安财经大学,226,page-226.png,K48504 西安财经大学第04 组,15,金融学（中外合作办学）（仅招收有此志愿考生：办学地点：长安校区）K486 西安邮电大学（公办）（陕西）,不限,,6,6,,中外合作或高收费,missing_plan_count_candidate,major_text_embeds_other_school_marker;tuition_number_le_500,专业名称疑似串入下一院校；学费数字疑似吞入计划数或截断,默认不进主方案,命中中外合作/高收费或超过当前家庭费用上限,pending_family_acceptance_review,pending_verification,pending_ocr_anomaly_field_review,pending,pending,pending,pending,pending,pending,pending_original_pdf_page_review,pending_hubei_official_plan_review,pending_school_charter_review,是,false,命中中外合作/高收费或超过当前家庭费用上限,中外合作或高收费,原PDF页字段核验；湖北官方计划字段核验；高校章程字段核验；家庭专业接受度确认；OCR异常修正；学费原页/章程核验,逐字段回看原页；核湖北官方计划和高校章程；由家庭确认专业接受度
湖北招生考试2026年19期·本科普通批（下）,ee61fc69389f24a9a7830167113cf0ddc0447f8fa4b2743cd3241be60a9bd86d,candidate_v2_verification_workbench,false,历史候选,西安航空学院 K48703 第03组,K48703,1,full_ocr_draft,K487,西安航空学院,226,page-226.png,K48703 西安航空学院第03组,04,计算机科学与技术（中外合作办学）（属于高收费项目；办学地点：阎良,,,50000,50000,计算机类相关,中外合作或高收费,missing_subject_candidate;missing_plan_count_candidate,,,默认不进主方案,命中中外合作/高收费或超过当前家庭费用上限,pending_family_acceptance_review,pending_verification,pending_ocr_anomaly_field_review,pending,pending,pending,pending,pending,pending,pending_original_pdf_page_review,pending_hubei_official_plan_review,pending_school_charter_review,是,false,命中中外合作/高收费或超过当前家庭费用上限,中外合作或高收费,原PDF页字段核验；湖北官方计划字段核验；高校章程字段核验；家庭专业接受度确认；OCR异常修正,逐字段回看原页；核湖北官方计划和高校章程；由家庭确认专业接受度
湖北招生考试2026年19期·本科普通批（下）,ee61fc69389f24a9a7830167113cf0ddc0447f8fa4b2743cd3241be60a9bd86d,candidate_v2_verification_workbench,false,历史候选,西安航空学院 K48704 第04组,K48704,1,full_ocr_draft,K487,西安航空学院,226,page-226.png,K48704 西安航空学院第 04 组,05,机械设计制造及其自动化（中外合作办学〉（属于高收费项目；办学地点：阎,,,［50000,50000,,中外合作或高收费,missing_subject_candidate;missing_plan_count_candidate;tuition_not_plain_number,tuition_not_plain_number,学费字段非纯数字,默认不进主方案,命中中外合作/高收费或超过当前家庭费用上限,pending_family_acceptance_review,pending_verification,pending_ocr_anomaly_field_review,pending,pending,pending,pending,pending,pending,pending_original_pdf_page_review,pending_hubei_official_plan_review,pending_school_charter_review,是,false,命中中外合作/高收费或超过当前家庭费用上限,中外合作或高收费,原PDF页字段核验；湖北官方计划字段核验；高校章程字段核验；家庭专业接受度确认；OCR异常修正；学费原页/章程核验,逐字段回看原页；核湖北官方计划和高校章程；由家庭确认专业接受度
湖北招生考试2026年19期·本科普通批（下）,ee61fc69389f24a9a7830167113cf0ddc0447f8fa4b2743cd3241be60a9bd86d,candidate_v2_verification_workbench,false,历史候选,西安航空学院 K48704 第04组,K48704,2,full_ocr_draft,K487,西安航空学院,226,page-226.png,K48704 西安航空学院第 04 组,06,直动化（中外合作办学）（属于高收费项自：办学地点：阎良校区）K488 西安医学院（公办）（陕西）,,,50000,50000,,中外合作或高收费；医学/护理等排除方向,missing_subject_candidate;missing_plan_count_candidate,major_text_embeds_other_school_marker,专业名称疑似串入下一院校,默认不能接受,命中医学/护理等当前明确排除方向,pending_family_acceptance_review,pending_verification,pending_ocr_anomaly_field_review,pending,pending,pending,pending,pending,pending,pending_original_pdf_page_review,pending_hubei_official_plan_review,pending_school_charter_review,是,false,命中医学/护理等当前明确排除方向,中外合作或高收费；医学/护理等排除方向,原PDF页字段核验；湖北官方计划字段核验；高校章程字段核验；家庭专业接受度确认；OCR异常修正,逐字段回看原页；核湖北官方计划和高校章程；由家庭确认专业接受度
湖北招生考试2026年19期·本科普通批（下）,ee61fc69389f24a9a7830167113cf0ddc0447f8fa4b2743cd3241be60a9bd86d,candidate_v2_verification_workbench,false,历史候选,西安医学院 K48804 第04组,K48804,1,full_ocr_draft,K488,西安医学院,226,page-226.png,「K48804 西安医学院第04组,04,英语（外语语种：英语：办学地点：未央校区）,不限,,5000,5000,,语种或单科限制,missing_plan_count_candidate,,,限制风险待核验,命中限制类风险：语种或单科限制,pending_family_acceptance_review,pending_verification,pending_ocr_anomaly_field_review,pending,pending,pending,pending,pending,pending,pending_original_pdf_page_review,pending_hubei_official_plan_review,pending_school_charter_review,待判断,false,,语种或单科限制,原PDF页字段核验；湖北官方计划字段核验；高校章程字段核验；家庭专业接受度确认；OCR异常修正,逐字段回看原页；核湖北官方计划和高校章程；由家庭确认专业接受度
湖北招生考试2026年19期·本科普通批（下）,ee61fc69389f24a9a7830167113cf0ddc0447f8fa4b2743cd3241be60a9bd86d,candidate_v2_verification_workbench,false,历史候选,西安医学院 K48805 第05组,K48805,1,full_ocr_draft,K488,西安医学院,226,page-226.png,K48805 西安医学院第05组,05,预防医学（办学地点：未央校区；学制：五年）,［化学,,6500,6500,,医学/护理等排除方向,missing_plan_count_candidate,,,默认不能接受,命中医学/护理等当前明确排除方向,pending_family_acceptance_review,pending_verification,pending_ocr_anomaly_field_review,pending,pending,pending,pending,pending,pending,pending_original_pdf_page_review,pending_hubei_official_plan_review,pending_school_charter_review,是,false,命中医学/护理等当前明确排除方向,医学/护理等排除方向,原PDF页字段核验；湖北官方计划字段核验；高校章程字段核验；家庭专业接受度确认；OCR异常修正,逐字段回看原页；核湖北官方计划和高校章程；由家庭确认专业接受度
