学校名称,官方来源文件,证据类型,年份,省份,科类,批次,类别,专业组,专业代号,专业代码,专业名称,专业备注,计划数,学制,学费,校区,选科,可核字段,局限性,年份证据说明
中国传媒大学,data/external/issue19-b0-b1-official-sources/cuc-2026-hubei-physics-normal-zsjh.json,official_dynamic_ajax_json,2026,湖北,物理类,本科普通批,普通类,新闻传播学组,32,050306,网络与新媒体（智能融媒体运营方向）,智能融媒体运营方向,2,四年,5000,校本部,不提科目要求,专业名称；专业代码；专业代号；计划数；学制；学费；校区；选科；专业组名称,高校招生系统API未直接给出湖北院校专业组代码；专业组边界需同第19期原页和湖北官方系统对齐。,官方招生系统API返回 nf=2026 且 ssmc=湖北。
中国传媒大学,data/external/issue19-b0-b1-official-sources/cuc-2026-hubei-physics-normal-zsjh.json,official_dynamic_ajax_json,2026,湖北,物理类,本科普通批,普通类,新闻传播学组,34,050303,广告学（计算广告双学士学位实验班）,计算广告双学士学位实验班,2,四年,5000,校本部,不提科目要求,专业名称；专业代码；专业代号；计划数；学制；学费；校区；选科；专业组名称,高校招生系统API未直接给出湖北院校专业组代码；专业组边界需同第19期原页和湖北官方系统对齐。,官方招生系统API返回 nf=2026 且 ssmc=湖北。
中国传媒大学,data/external/issue19-b0-b1-official-sources/cuc-2026-hubei-physics-normal-zsjh.json,official_dynamic_ajax_json,2026,湖北,物理类,本科普通批,普通类,新闻传播学组,41,050304,传播学（智能与计算传播方向）,智能与计算传播方向,2,四年,5000,校本部,不提科目要求,专业名称；专业代码；专业代号；计划数；学制；学费；校区；选科；专业组名称,高校招生系统API未直接给出湖北院校专业组代码；专业组边界需同第19期原页和湖北官方系统对齐。,官方招生系统API返回 nf=2026 且 ssmc=湖北。
中国传媒大学,data/external/issue19-b0-b1-official-sources/cuc-2026-hubei-physics-normal-zsjh.json,official_dynamic_ajax_json,2026,湖北,物理类,本科普通批,普通类,经济与管理学组,50,120102,信息管理与信息系统,,2,四年,5000,校本部,物理(1门科目考生必须选考方可报考),专业名称；专业代码；专业代号；计划数；学制；学费；校区；选科；专业组名称,高校招生系统API未直接给出湖北院校专业组代码；专业组边界需同第19期原页和湖北官方系统对齐。,官方招生系统API返回 nf=2026 且 ssmc=湖北。
中国传媒大学,data/external/issue19-b0-b1-official-sources/cuc-2026-hubei-physics-normal-zsjh.json,official_dynamic_ajax_json,2026,湖北,物理类,本科普通批,普通类,经济与管理学组,52,020109,数字经济,,2,四年,5000,校本部,物理(1门科目考生必须选考方可报考),专业名称；专业代码；专业代号；计划数；学制；学费；校区；选科；专业组名称,高校招生系统API未直接给出湖北院校专业组代码；专业组边界需同第19期原页和湖北官方系统对齐。,官方招生系统API返回 nf=2026 且 ssmc=湖北。
中国传媒大学,data/external/issue19-b0-b1-official-sources/cuc-2026-hubei-physics-normal-zsjh.json,official_dynamic_ajax_json,2026,湖北,物理类,本科普通批,普通类,物理化学组2,54,080906,数字媒体技术（游戏科学与技术方向）,游戏科学与技术方向,3,四年,5500,校本部,"物理,化学(2门科目考生均须选考方可报考)",专业名称；专业代码；专业代号；计划数；学制；学费；校区；选科；专业组名称,高校招生系统API未直接给出湖北院校专业组代码；专业组边界需同第19期原页和湖北官方系统对齐。,官方招生系统API返回 nf=2026 且 ssmc=湖北。
中国传媒大学,data/external/issue19-b0-b1-official-sources/cuc-2026-hubei-physics-normal-zsjh.json,official_dynamic_ajax_json,2026,湖北,物理类,本科普通批,普通类,物理化学组1,56,080722,智能视听工程,,4,四年,5500,校本部,"物理,化学(2门科目考生均须选考方可报考)",专业名称；专业代码；专业代号；计划数；学制；学费；校区；选科；专业组名称,高校招生系统API未直接给出湖北院校专业组代码；专业组边界需同第19期原页和湖北官方系统对齐。,官方招生系统API返回 nf=2026 且 ssmc=湖北。
中国传媒大学,data/external/issue19-b0-b1-official-sources/cuc-2026-hubei-physics-normal-zsjh.json,official_dynamic_ajax_json,2026,湖北,物理类,本科普通批,普通类,物理化学组1,57,080701,电子信息工程,,3,四年,5500,校本部,"物理,化学(2门科目考生均须选考方可报考)",专业名称；专业代码；专业代号；计划数；学制；学费；校区；选科；专业组名称,高校招生系统API未直接给出湖北院校专业组代码；专业组边界需同第19期原页和湖北官方系统对齐。,官方招生系统API返回 nf=2026 且 ssmc=湖北。
中国传媒大学,data/external/issue19-b0-b1-official-sources/cuc-2026-hubei-physics-normal-zsjh.json,official_dynamic_ajax_json,2026,湖北,物理类,本科普通批,普通类,物理化学组1,58,080717,人工智能（数字演艺工程方向）,数字演艺工程方向,2,四年,5500,校本部,"物理,化学(2门科目考生均须选考方可报考)",专业名称；专业代码；专业代号；计划数；学制；学费；校区；选科；专业组名称,高校招生系统API未直接给出湖北院校专业组代码；专业组边界需同第19期原页和湖北官方系统对齐。,官方招生系统API返回 nf=2026 且 ssmc=湖北。
中国传媒大学,data/external/issue19-b0-b1-official-sources/cuc-2026-hubei-physics-normal-zsjh.json,official_dynamic_ajax_json,2026,湖北,物理类,本科普通批,普通类,物理化学组1,59,080906,数字媒体技术,,3,四年,5500,校本部,"物理,化学(2门科目考生均须选考方可报考)",专业名称；专业代码；专业代号；计划数；学制；学费；校区；选科；专业组名称,高校招生系统API未直接给出湖北院校专业组代码；专业组边界需同第19期原页和湖北官方系统对齐。,官方招生系统API返回 nf=2026 且 ssmc=湖北。
中国传媒大学,data/external/issue19-b0-b1-official-sources/cuc-2026-hubei-physics-normal-zsjh.json,official_dynamic_ajax_json,2026,湖北,物理类,本科普通批,普通类,物理化学组2,60,080907,智能科学与技术,,3,四年,5500,校本部,"物理,化学(2门科目考生均须选考方可报考)",专业名称；专业代码；专业代号；计划数；学制；学费；校区；选科；专业组名称,高校招生系统API未直接给出湖北院校专业组代码；专业组边界需同第19期原页和湖北官方系统对齐。,官方招生系统API返回 nf=2026 且 ssmc=湖北。
中国传媒大学,data/external/issue19-b0-b1-official-sources/cuc-2026-hubei-physics-normal-zsjh.json,official_dynamic_ajax_json,2026,湖北,物理类,本科普通批,普通类,物理化学组2,61,080910,数据科学与大数据技术,,2,四年,5500,校本部,"物理,化学(2门科目考生均须选考方可报考)",专业名称；专业代码；专业代号；计划数；学制；学费；校区；选科；专业组名称,高校招生系统API未直接给出湖北院校专业组代码；专业组边界需同第19期原页和湖北官方系统对齐。,官方招生系统API返回 nf=2026 且 ssmc=湖北。
中国传媒大学,data/external/issue19-b0-b1-official-sources/cuc-2026-hubei-physics-normal-zsjh.json,official_dynamic_ajax_json,2026,湖北,物理类,本科普通批,普通类,物理化学组2,63,080911,网络空间安全,,2,四年,5500,校本部,"物理,化学(2门科目考生均须选考方可报考)",专业名称；专业代码；专业代号；计划数；学制；学费；校区；选科；专业组名称,高校招生系统API未直接给出湖北院校专业组代码；专业组边界需同第19期原页和湖北官方系统对齐。,官方招生系统API返回 nf=2026 且 ssmc=湖北。
中国传媒大学,data/external/issue19-b0-b1-official-sources/cuc-2026-hubei-physics-normal-zsjh.json,official_dynamic_ajax_json,2026,湖北,物理类,本科普通批,普通类,物理化学组2,64,080911,网络空间安全（AI治理与视听安全方向）,AI治理与视听安全方向,2,四年,5500,校本部,"物理,化学(2门科目考生均须选考方可报考)",专业名称；专业代码；专业代号；计划数；学制；学费；校区；选科；专业组名称,高校招生系统API未直接给出湖北院校专业组代码；专业组边界需同第19期原页和湖北官方系统对齐。,官方招生系统API返回 nf=2026 且 ssmc=湖北。
山东大学,data/external/issue19-b0-b1-official-sources/sdu-2026-hubei-physics-normal-zsjh.json,official_dynamic_ajax_json,2026,湖北,物理类,本科普通批,普通类,3组,17,0701,数学类,070101-数学与应用数学;070102-信息与计算科学;071201-统计学,2,四年,6600,校本部,"物理,化学(2门科目考生均须选考方可报考)",专业名称；专业代码；专业代号；计划数；学制；学费；校区；选科；专业组名称,高校招生系统API未直接给出湖北院校专业组代码；专业组边界需同第19期原页和湖北官方系统对齐。,官方招生系统API返回 nf=2026 且 ssmc=湖北。
山东大学,data/external/issue19-b0-b1-official-sources/sdu-2026-hubei-physics-normal-zsjh.json,official_dynamic_ajax_json,2026,湖北,物理类,本科普通批,普通类,3组,18,0702,物理学类,070201-物理学;070202-应用物理学,4,四年,6600,校本部,"物理,化学(2门科目考生均须选考方可报考)",专业名称；专业代码；专业代号；计划数；学制；学费；校区；选科；专业组名称,高校招生系统API未直接给出湖北院校专业组代码；专业组边界需同第19期原页和湖北官方系统对齐。,官方招生系统API返回 nf=2026 且 ssmc=湖北。
山东大学,data/external/issue19-b0-b1-official-sources/sdu-2026-hubei-physics-normal-zsjh.json,official_dynamic_ajax_json,2026,湖北,物理类,本科普通批,普通类,3组,19,0703,化学类,070301-化学,4,四年,6600,校本部,"物理,化学(2门科目考生均须选考方可报考)",专业名称；专业代码；专业代号；计划数；学制；学费；校区；选科；专业组名称,高校招生系统API未直接给出湖北院校专业组代码；专业组边界需同第19期原页和湖北官方系统对齐。,官方招生系统API返回 nf=2026 且 ssmc=湖北。
山东大学,data/external/issue19-b0-b1-official-sources/sdu-2026-hubei-physics-normal-zsjh.json,official_dynamic_ajax_json,2026,湖北,物理类,本科普通批,普通类,3组,20,0710,生物科学类,071001-生物科学;071002-生物技术;071004-生态学;083001-生物工程,4,四年,6600,青岛校区,"物理,化学(2门科目考生均须选考方可报考)",专业名称；专业代码；专业代号；计划数；学制；学费；校区；选科；专业组名称,高校招生系统API未直接给出湖北院校专业组代码；专业组边界需同第19期原页和湖北官方系统对齐。,官方招生系统API返回 nf=2026 且 ssmc=湖北。
山东大学,data/external/issue19-b0-b1-official-sources/sdu-2026-hubei-physics-normal-zsjh.json,official_dynamic_ajax_json,2026,湖北,物理类,本科普通批,普通类,3组,22,080102,工程力学,,4,四年,6600,校本部,"物理,化学(2门科目考生均须选考方可报考)",专业名称；专业代码；专业代号；计划数；学制；学费；校区；选科；专业组名称,高校招生系统API未直接给出湖北院校专业组代码；专业组边界需同第19期原页和湖北官方系统对齐。,官方招生系统API返回 nf=2026 且 ssmc=湖北。
山东大学,data/external/issue19-b0-b1-official-sources/sdu-2026-hubei-physics-normal-zsjh.json,official_dynamic_ajax_json,2026,湖北,物理类,本科普通批,普通类,5组,23,0808,自动化类,080801-自动化;080803-机器人工程,6,四年,6600,校本部,"物理,化学(2门科目考生均须选考方可报考)",专业名称；专业代码；专业代号；计划数；学制；学费；校区；选科；专业组名称,高校招生系统API未直接给出湖北院校专业组代码；专业组边界需同第19期原页和湖北官方系统对齐。,官方招生系统API返回 nf=2026 且 ssmc=湖北。
山东大学,data/external/issue19-b0-b1-official-sources/sdu-2026-hubei-physics-normal-zsjh.json,official_dynamic_ajax_json,2026,湖北,物理类,本科普通批,普通类,5组,24,0805,能源动力类（电气与智慧能源新工科实验班）,080601-电气工程及其自动化;080501-能源与动力工程;080502-能源与环境系统工程;080503-新能源科学与工程;080504-储能科学与工程;082201-核工程与核技术,15,四年,6600,校本部,"物理,化学(2门科目考生均须选考方可报考)",专业名称；专业代码；专业代号；计划数；学制；学费；校区；选科；专业组名称,高校招生系统API未直接给出湖北院校专业组代码；专业组边界需同第19期原页和湖北官方系统对齐。,官方招生系统API返回 nf=2026 且 ssmc=湖北。
山东大学,data/external/issue19-b0-b1-official-sources/sdu-2026-hubei-physics-normal-zsjh.json,official_dynamic_ajax_json,2026,湖北,物理类,本科普通批,普通类,5组,25,0804,材料类（先进材料与智能成型方向）,080401-材料科学与工程;080203-材料成型及控制工程,10,四年,6600,校本部,"物理,化学(2门科目考生均须选考方可报考)",专业名称；专业代码；专业代号；计划数；学制；学费；校区；选科；专业组名称,高校招生系统API未直接给出湖北院校专业组代码；专业组边界需同第19期原页和湖北官方系统对齐。,官方招生系统API返回 nf=2026 且 ssmc=湖北。
山东大学,data/external/issue19-b0-b1-official-sources/sdu-2026-hubei-physics-normal-zsjh.json,official_dynamic_ajax_json,2026,湖北,物理类,本科普通批,普通类,5组,26,0802,机械类,080202-机械设计制造及其自动化;080213-智能制造工程,6,四年,6600,校本部,"物理,化学(2门科目考生均须选考方可报考)",专业名称；专业代码；专业代号；计划数；学制；学费；校区；选科；专业组名称,高校招生系统API未直接给出湖北院校专业组代码；专业组边界需同第19期原页和湖北官方系统对齐。,官方招生系统API返回 nf=2026 且 ssmc=湖北。
山东大学,data/external/issue19-b0-b1-official-sources/sdu-2026-hubei-physics-normal-zsjh.json,official_dynamic_ajax_json,2026,湖北,物理类,本科普通批,普通类,5组,27,080303,智能感知工程（未来技术新工科实验班）,,5,四年,6600,校本部,"物理,化学(2门科目考生均须选考方可报考)",专业名称；专业代码；专业代号；计划数；学制；学费；校区；选科；专业组名称,高校招生系统API未直接给出湖北院校专业组代码；专业组边界需同第19期原页和湖北官方系统对齐。,官方招生系统API返回 nf=2026 且 ssmc=湖北。
山东大学,data/external/issue19-b0-b1-official-sources/sdu-2026-hubei-physics-normal-zsjh.json,official_dynamic_ajax_json,2026,湖北,物理类,本科普通批,普通类,5组,30,081012,智能建造与智慧交通,,6,四年,6600,校本部,"物理,化学(2门科目考生均须选考方可报考)",专业名称；专业代码；专业代号；计划数；学制；学费；校区；选科；专业组名称,高校招生系统API未直接给出湖北院校专业组代码；专业组边界需同第19期原页和湖北官方系统对齐。,官方招生系统API返回 nf=2026 且 ssmc=湖北。
山东大学,data/external/issue19-b0-b1-official-sources/sdu-2026-hubei-physics-normal-zsjh.json,official_dynamic_ajax_json,2026,湖北,物理类,本科普通批,普通类,6组,33,080901,计算机科学与技术,,6,四年,6600,青岛校区,"物理,化学(2门科目考生均须选考方可报考)",专业名称；专业代码；专业代号；计划数；学制；学费；校区；选科；专业组名称,高校招生系统API未直接给出湖北院校专业组代码；专业组边界需同第19期原页和湖北官方系统对齐。,官方招生系统API返回 nf=2026 且 ssmc=湖北。
山东大学,data/external/issue19-b0-b1-official-sources/sdu-2026-hubei-physics-normal-zsjh.json,official_dynamic_ajax_json,2026,湖北,物理类,本科普通批,普通类,6组,34,0809,计算机类（智能软件与芯片新工科实验班）,080902-软件工程;080906-数字媒体技术;080910-数据科学与大数据技术;080704-微电子科学与工程;080710-集成电路设计与集成系统,10,四年,12000,校本部,"物理,化学(2门科目考生均须选考方可报考)",专业名称；专业代码；专业代号；计划数；学制；学费；校区；选科；专业组名称,高校招生系统API未直接给出湖北院校专业组代码；专业组边界需同第19期原页和湖北官方系统对齐。,官方招生系统API返回 nf=2026 且 ssmc=湖北。
山东大学,data/external/issue19-b0-b1-official-sources/sdu-2026-hubei-physics-normal-zsjh.json,official_dynamic_ajax_json,2026,湖北,物理类,本科普通批,普通类,6组,35,0807,电子信息类（通信电子与光电方向）,080703-通信工程;080702-电子科学与技术;080705-光电信息科学与工程,8,四年,6600,青岛校区,"物理,化学(2门科目考生均须选考方可报考)",专业名称；专业代码；专业代号；计划数；学制；学费；校区；选科；专业组名称,高校招生系统API未直接给出湖北院校专业组代码；专业组边界需同第19期原页和湖北官方系统对齐。,官方招生系统API返回 nf=2026 且 ssmc=湖北。
山东大学,data/external/issue19-b0-b1-official-sources/sdu-2026-hubei-physics-normal-zsjh.json,official_dynamic_ajax_json,2026,湖北,物理类,本科普通批,普通类,6组,36,080911,网络空间安全,,4,四年,6600,青岛校区,"物理,化学(2门科目考生均须选考方可报考)",专业名称；专业代码；专业代号；计划数；学制；学费；校区；选科；专业组名称,高校招生系统API未直接给出湖北院校专业组代码；专业组边界需同第19期原页和湖北官方系统对齐。,官方招生系统API返回 nf=2026 且 ssmc=湖北。
山东大学,data/external/issue19-b0-b1-official-sources/sdu-2026-hubei-physics-normal-zsjh.json,official_dynamic_ajax_json,2026,湖北,物理类,本科普通批,普通类,6组,37,080717,人工智能,,2,四年,6600,校本部,"物理,化学(2门科目考生均须选考方可报考)",专业名称；专业代码；专业代号；计划数；学制；学费；校区；选科；专业组名称,高校招生系统API未直接给出湖北院校专业组代码；专业组边界需同第19期原页和湖北官方系统对齐。,官方招生系统API返回 nf=2026 且 ssmc=湖北。
山东大学,data/external/issue19-b0-b1-official-sources/sdu-2026-hubei-physics-normal-zsjh.json,official_dynamic_ajax_json,2026,湖北,物理类,本科普通批,普通类,6组,38,081013,工程软件,,2,四年,6600,校本部,"物理,化学(2门科目考生均须选考方可报考)",专业名称；专业代码；专业代号；计划数；学制；学费；校区；选科；专业组名称,高校招生系统API未直接给出湖北院校专业组代码；专业组边界需同第19期原页和湖北官方系统对齐。,官方招生系统API返回 nf=2026 且 ssmc=湖北。
山东大学,data/external/issue19-b0-b1-official-sources/sdu-2026-hubei-physics-normal-zsjh.json,official_dynamic_ajax_json,2026,湖北,物理类,本科普通批,普通类,7组,42,100301,口腔医学（5+3一体化）,,2,五年,7920,校本部,"物理,化学(2门科目考生均须选考方可报考)",专业名称；专业代码；专业代号；计划数；学制；学费；校区；选科；专业组名称,高校招生系统API未直接给出湖北院校专业组代码；专业组边界需同第19期原页和湖北官方系统对齐。,官方招生系统API返回 nf=2026 且 ssmc=湖北。
山东大学,data/external/issue19-b0-b1-official-sources/sdu-2026-hubei-physics-normal-zsjh.json,official_dynamic_ajax_json,2026,湖北,物理类,本科普通批,普通类,7组,43,100301,口腔医学（五年制）,,2,五年,7920,校本部,"物理,化学(2门科目考生均须选考方可报考)",专业名称；专业代码；专业代号；计划数；学制；学费；校区；选科；专业组名称,高校招生系统API未直接给出湖北院校专业组代码；专业组边界需同第19期原页和湖北官方系统对齐。,官方招生系统API返回 nf=2026 且 ssmc=湖北。
山东大学,data/external/issue19-b0-b1-official-sources/sdu-2026-hubei-physics-normal-zsjh.json,official_dynamic_ajax_json,2026,湖北,物理类,本科普通批,普通类,7组,44,140007,智能医学工程,,2,四年,6600,校本部,"物理,化学(2门科目考生均须选考方可报考)",专业名称；专业代码；专业代号；计划数；学制；学费；校区；选科；专业组名称,高校招生系统API未直接给出湖北院校专业组代码；专业组边界需同第19期原页和湖北官方系统对齐。,官方招生系统API返回 nf=2026 且 ssmc=湖北。
山东大学,data/external/issue19-b0-b1-official-sources/sdu-2026-hubei-physics-normal-zsjh.json,official_dynamic_ajax_json,2026,湖北,物理类,本科普通批,普通类,7组,45,1007,药学类,100701-药学;100703-临床药学(五年制),5,四年,7920,校本部,"物理,化学(2门科目考生均须选考方可报考)",专业名称；专业代码；专业代号；计划数；学制；学费；校区；选科；专业组名称,高校招生系统API未直接给出湖北院校专业组代码；专业组边界需同第19期原页和湖北官方系统对齐。,官方招生系统API返回 nf=2026 且 ssmc=湖北。
山东大学,data/external/issue19-b0-b1-official-sources/sdu-2026-hubei-physics-normal-zsjh.json,official_dynamic_ajax_json,2026,湖北,物理类,本科普通批,普通类,8组,47,100201,临床医学（齐鲁医学堂创新实验班）,,1,五年,7920,校本部,"物理,化学,生物(3门科目考生均须选考方可报考)",专业名称；专业代码；专业代号；计划数；学制；学费；校区；选科；专业组名称,高校招生系统API未直接给出湖北院校专业组代码；专业组边界需同第19期原页和湖北官方系统对齐。,官方招生系统API返回 nf=2026 且 ssmc=湖北。
山东大学,data/external/issue19-b0-b1-official-sources/sdu-2026-hubei-physics-normal-zsjh.json,official_dynamic_ajax_json,2026,湖北,物理类,本科普通批,普通类,8组,48,100201,临床医学（5+3一体化）,,2,五年,7920,校本部,"物理,化学,生物(3门科目考生均须选考方可报考)",专业名称；专业代码；专业代号；计划数；学制；学费；校区；选科；专业组名称,高校招生系统API未直接给出湖北院校专业组代码；专业组边界需同第19期原页和湖北官方系统对齐。,官方招生系统API返回 nf=2026 且 ssmc=湖北。
山东大学,data/external/issue19-b0-b1-official-sources/sdu-2026-hubei-physics-normal-zsjh.json,official_dynamic_ajax_json,2026,湖北,物理类,本科普通批,普通类,8组,50,100201,临床医学（五年制）,,2,五年,7920,校本部,"物理,化学,生物(3门科目考生均须选考方可报考)",专业名称；专业代码；专业代号；计划数；学制；学费；校区；选科；专业组名称,高校招生系统API未直接给出湖北院校专业组代码；专业组边界需同第19期原页和湖北官方系统对齐。,官方招生系统API返回 nf=2026 且 ssmc=湖北。
兰州大学,data/external/issue19-b0-b1-official-sources/lzu-2026-hubei-physics-normal-zsjh.json,official_dynamic_api_json,2026,湖北,物理类,,普通类,7,,,经济学(基地班),,2,四年,,,不限,专业名称；专业代码；专业代号；计划数；学制；学费；校区；选科；专业组,以高校招生系统字段为准；若未给出专业组或字段为空，专业组边界仍需回到第19期原页及湖北官方系统核验。,官方招生系统API返回 nf=2026 且 sf=湖北。
兰州大学,data/external/issue19-b0-b1-official-sources/lzu-2026-hubei-physics-normal-zsjh.json,official_dynamic_api_json,2026,湖北,物理类,,普通类,7,,,金融学(数智金融创新班),,2,四年,,,不限,专业名称；专业代码；专业代号；计划数；学制；学费；校区；选科；专业组,以高校招生系统字段为准；若未给出专业组或字段为空，专业组边界仍需回到第19期原页及湖北官方系统核验。,官方招生系统API返回 nf=2026 且 sf=湖北。
兰州大学,data/external/issue19-b0-b1-official-sources/lzu-2026-hubei-physics-normal-zsjh.json,official_dynamic_api_json,2026,湖北,物理类,,普通类,7,,,工商管理类(会计学、信息管理与信息系统、人力资源管理、行政管理)(电力交易与碳管理创新班),,2,四年,,,不限,专业名称；专业代码；专业代号；计划数；学制；学费；校区；选科；专业组,以高校招生系统字段为准；若未给出专业组或字段为空，专业组边界仍需回到第19期原页及湖北官方系统核验。,官方招生系统API返回 nf=2026 且 sf=湖北。
兰州大学,data/external/issue19-b0-b1-official-sources/lzu-2026-hubei-physics-normal-zsjh.json,official_dynamic_api_json,2026,湖北,物理类,,普通类,7,,,工商管理类(会计学、信息管理与信息系统、人力资源管理、行政管理),,4,四年,,,不限,专业名称；专业代码；专业代号；计划数；学制；学费；校区；选科；专业组,以高校招生系统字段为准；若未给出专业组或字段为空，专业组边界仍需回到第19期原页及湖北官方系统核验。,官方招生系统API返回 nf=2026 且 sf=湖北。
兰州大学,data/external/issue19-b0-b1-official-sources/lzu-2026-hubei-physics-normal-zsjh.json,official_dynamic_api_json,2026,湖北,物理类,,普通类,7,,,新闻学(国际传播创新班),,1,四年,,,不限,专业名称；专业代码；专业代号；计划数；学制；学费；校区；选科；专业组,以高校招生系统字段为准；若未给出专业组或字段为空，专业组边界仍需回到第19期原页及湖北官方系统核验。,官方招生系统API返回 nf=2026 且 sf=湖北。
兰州大学,data/external/issue19-b0-b1-official-sources/lzu-2026-hubei-physics-normal-zsjh.json,official_dynamic_api_json,2026,湖北,物理类,,普通类,7,,,经济学类(经济学、国际经济与贸易、金融学),,2,四年,,,不限,专业名称；专业代码；专业代号；计划数；学制；学费；校区；选科；专业组,以高校招生系统字段为准；若未给出专业组或字段为空，专业组边界仍需回到第19期原页及湖北官方系统核验。,官方招生系统API返回 nf=2026 且 sf=湖北。
兰州大学,data/external/issue19-b0-b1-official-sources/lzu-2026-hubei-physics-normal-zsjh.json,official_dynamic_api_json,2026,湖北,物理类,,普通类,9,,,数学与应用数学(萃英班),,1,四年,,,物理和化学,专业名称；专业代码；专业代号；计划数；学制；学费；校区；选科；专业组,以高校招生系统字段为准；若未给出专业组或字段为空，专业组边界仍需回到第19期原页及湖北官方系统核验。,官方招生系统API返回 nf=2026 且 sf=湖北。
兰州大学,data/external/issue19-b0-b1-official-sources/lzu-2026-hubei-physics-normal-zsjh.json,official_dynamic_api_json,2026,湖北,物理类,,普通类,10,,,生物科学(萃英班),,1,四年,,,物理和化学,专业名称；专业代码；专业代号；计划数；学制；学费；校区；选科；专业组,以高校招生系统字段为准；若未给出专业组或字段为空，专业组边界仍需回到第19期原页及湖北官方系统核验。,官方招生系统API返回 nf=2026 且 sf=湖北。
兰州大学,data/external/issue19-b0-b1-official-sources/lzu-2026-hubei-physics-normal-zsjh.json,official_dynamic_api_json,2026,湖北,物理类,,普通类,11,,,理论与应用力学(基地班),,2,四年,,,物理和化学,专业名称；专业代码；专业代号；计划数；学制；学费；校区；选科；专业组,以高校招生系统字段为准；若未给出专业组或字段为空，专业组边界仍需回到第19期原页及湖北官方系统核验。,官方招生系统API返回 nf=2026 且 sf=湖北。
兰州大学,data/external/issue19-b0-b1-official-sources/lzu-2026-hubei-physics-normal-zsjh.json,official_dynamic_api_json,2026,湖北,物理类,,普通类,11,,,数学与应用数学(基地班),,1,四年,,,物理和化学,专业名称；专业代码；专业代号；计划数；学制；学费；校区；选科；专业组,以高校招生系统字段为准；若未给出专业组或字段为空，专业组边界仍需回到第19期原页及湖北官方系统核验。,官方招生系统API返回 nf=2026 且 sf=湖北。
兰州大学,data/external/issue19-b0-b1-official-sources/lzu-2026-hubei-physics-normal-zsjh.json,official_dynamic_api_json,2026,湖北,物理类,,普通类,11,,,应用物理学(原子核物理方向基地班),,2,四年,,,物理和化学,专业名称；专业代码；专业代号；计划数；学制；学费；校区；选科；专业组,以高校招生系统字段为准；若未给出专业组或字段为空，专业组边界仍需回到第19期原页及湖北官方系统核验。,官方招生系统API返回 nf=2026 且 sf=湖北。
兰州大学,data/external/issue19-b0-b1-official-sources/lzu-2026-hubei-physics-normal-zsjh.json,official_dynamic_api_json,2026,湖北,物理类,,普通类,11,,,物理学(基地班),,2,四年,,,物理和化学,专业名称；专业代码；专业代号；计划数；学制；学费；校区；选科；专业组,以高校招生系统字段为准；若未给出专业组或字段为空，专业组边界仍需回到第19期原页及湖北官方系统核验。,官方招生系统API返回 nf=2026 且 sf=湖北。
兰州大学,data/external/issue19-b0-b1-official-sources/lzu-2026-hubei-physics-normal-zsjh.json,official_dynamic_api_json,2026,湖北,物理类,,普通类,11,,,大气科学(基地班),,3,四年,,,物理和化学,专业名称；专业代码；专业代号；计划数；学制；学费；校区；选科；专业组,以高校招生系统字段为准；若未给出专业组或字段为空，专业组边界仍需回到第19期原页及湖北官方系统核验。,官方招生系统API返回 nf=2026 且 sf=湖北。
兰州大学,data/external/issue19-b0-b1-official-sources/lzu-2026-hubei-physics-normal-zsjh.json,official_dynamic_api_json,2026,湖北,物理类,,普通类,11,,,计算机科学与技术(基地班),,2,四年,,,物理和化学,专业名称；专业代码；专业代号；计划数；学制；学费；校区；选科；专业组,以高校招生系统字段为准；若未给出专业组或字段为空，专业组边界仍需回到第19期原页及湖北官方系统核验。,官方招生系统API返回 nf=2026 且 sf=湖北。
兰州大学,data/external/issue19-b0-b1-official-sources/lzu-2026-hubei-physics-normal-zsjh.json,official_dynamic_api_json,2026,湖北,物理类,,普通类,12,,,应用化学(放射化学方向基地班),,4,四年,,,物理和化学,专业名称；专业代码；专业代号；计划数；学制；学费；校区；选科；专业组,以高校招生系统字段为准；若未给出专业组或字段为空，专业组边界仍需回到第19期原页及湖北官方系统核验。,官方招生系统API返回 nf=2026 且 sf=湖北。
兰州大学,data/external/issue19-b0-b1-official-sources/lzu-2026-hubei-physics-normal-zsjh.json,official_dynamic_api_json,2026,湖北,物理类,,普通类,12,,,生物技术(基地班),,3,四年,,,物理和化学,专业名称；专业代码；专业代号；计划数；学制；学费；校区；选科；专业组,以高校招生系统字段为准；若未给出专业组或字段为空，专业组边界仍需回到第19期原页及湖北官方系统核验。,官方招生系统API返回 nf=2026 且 sf=湖北。
兰州大学,data/external/issue19-b0-b1-official-sources/lzu-2026-hubei-physics-normal-zsjh.json,official_dynamic_api_json,2026,湖北,物理类,,普通类,12,,,化学(基地班),,4,四年,,,物理和化学,专业名称；专业代码；专业代号；计划数；学制；学费；校区；选科；专业组,以高校招生系统字段为准；若未给出专业组或字段为空，专业组边界仍需回到第19期原页及湖北官方系统核验。,官方招生系统API返回 nf=2026 且 sf=湖北。
兰州大学,data/external/issue19-b0-b1-official-sources/lzu-2026-hubei-physics-normal-zsjh.json,official_dynamic_api_json,2026,湖北,物理类,,普通类,12,,,草业科学(基地班),,2,四年,,,物理和化学,专业名称；专业代码；专业代号；计划数；学制；学费；校区；选科；专业组,以高校招生系统字段为准；若未给出专业组或字段为空，专业组边界仍需回到第19期原页及湖北官方系统核验。,官方招生系统API返回 nf=2026 且 sf=湖北。
兰州大学,data/external/issue19-b0-b1-official-sources/lzu-2026-hubei-physics-normal-zsjh.json,official_dynamic_api_json,2026,湖北,物理类,,普通类,13,,,人工智能,,3,四年,,,物理和化学,专业名称；专业代码；专业代号；计划数；学制；学费；校区；选科；专业组,以高校招生系统字段为准；若未给出专业组或字段为空，专业组边界仍需回到第19期原页及湖北官方系统核验。,官方招生系统API返回 nf=2026 且 sf=湖北。
兰州大学,data/external/issue19-b0-b1-official-sources/lzu-2026-hubei-physics-normal-zsjh.json,official_dynamic_api_json,2026,湖北,物理类,,普通类,13,,,数字媒体技术,,3,四年,,,物理和化学,专业名称；专业代码；专业代号；计划数；学制；学费；校区；选科；专业组,以高校招生系统字段为准；若未给出专业组或字段为空，专业组边界仍需回到第19期原页及湖北官方系统核验。,官方招生系统API返回 nf=2026 且 sf=湖北。
兰州大学,data/external/issue19-b0-b1-official-sources/lzu-2026-hubei-physics-normal-zsjh.json,official_dynamic_api_json,2026,湖北,物理类,,普通类,13,,,电子信息科学与技术,,3,四年,,,物理和化学,专业名称；专业代码；专业代号；计划数；学制；学费；校区；选科；专业组,以高校招生系统字段为准；若未给出专业组或字段为空，专业组边界仍需回到第19期原页及湖北官方系统核验。,官方招生系统API返回 nf=2026 且 sf=湖北。
兰州大学,data/external/issue19-b0-b1-official-sources/lzu-2026-hubei-physics-normal-zsjh.json,official_dynamic_api_json,2026,湖北,物理类,,普通类,13,,,计算机科学与技术,,3,四年,,,物理和化学,专业名称；专业代码；专业代号；计划数；学制；学费；校区；选科；专业组,以高校招生系统字段为准；若未给出专业组或字段为空，专业组边界仍需回到第19期原页及湖北官方系统核验。,官方招生系统API返回 nf=2026 且 sf=湖北。
兰州大学,data/external/issue19-b0-b1-official-sources/lzu-2026-hubei-physics-normal-zsjh.json,official_dynamic_api_json,2026,湖北,物理类,,普通类,13,,,通信工程,,2,四年,,,物理和化学,专业名称；专业代码；专业代号；计划数；学制；学费；校区；选科；专业组,以高校招生系统字段为准；若未给出专业组或字段为空，专业组边界仍需回到第19期原页及湖北官方系统核验。,官方招生系统API返回 nf=2026 且 sf=湖北。
兰州大学,data/external/issue19-b0-b1-official-sources/lzu-2026-hubei-physics-normal-zsjh.json,official_dynamic_api_json,2026,湖北,物理类,,普通类,13,,,数据科学与大数据技术,,3,四年,,,物理和化学,专业名称；专业代码；专业代号；计划数；学制；学费；校区；选科；专业组,以高校招生系统字段为准；若未给出专业组或字段为空，专业组边界仍需回到第19期原页及湖北官方系统核验。,官方招生系统API返回 nf=2026 且 sf=湖北。
兰州大学,data/external/issue19-b0-b1-official-sources/lzu-2026-hubei-physics-normal-zsjh.json,official_dynamic_api_json,2026,湖北,物理类,,普通类,13,,,计算机科学与技术(脑机智能方向),,2,四年,,,物理和化学,专业名称；专业代码；专业代号；计划数；学制；学费；校区；选科；专业组,以高校招生系统字段为准；若未给出专业组或字段为空，专业组边界仍需回到第19期原页及湖北官方系统核验。,官方招生系统API返回 nf=2026 且 sf=湖北。
兰州大学,data/external/issue19-b0-b1-official-sources/lzu-2026-hubei-physics-normal-zsjh.json,official_dynamic_api_json,2026,湖北,物理类,,普通类,13,,,计算机科学与技术(密码技术创新班),,1,四年,,,物理和化学,专业名称；专业代码；专业代号；计划数；学制；学费；校区；选科；专业组,以高校招生系统字段为准；若未给出专业组或字段为空，专业组边界仍需回到第19期原页及湖北官方系统核验。,官方招生系统API返回 nf=2026 且 sf=湖北。
兰州大学,data/external/issue19-b0-b1-official-sources/lzu-2026-hubei-physics-normal-zsjh.json,official_dynamic_api_json,2026,湖北,物理类,,普通类,14,,,新能源材料与器件,,3,四年,,,物理和化学,专业名称；专业代码；专业代号；计划数；学制；学费；校区；选科；专业组,以高校招生系统字段为准；若未给出专业组或字段为空，专业组边界仍需回到第19期原页及湖北官方系统核验。,官方招生系统API返回 nf=2026 且 sf=湖北。
兰州大学,data/external/issue19-b0-b1-official-sources/lzu-2026-hubei-physics-normal-zsjh.json,official_dynamic_api_json,2026,湖北,物理类,,普通类,14,,,微电子科学与工程,,1,四年,,,物理和化学,专业名称；专业代码；专业代号；计划数；学制；学费；校区；选科；专业组,以高校招生系统字段为准；若未给出专业组或字段为空，专业组边界仍需回到第19期原页及湖北官方系统核验。,官方招生系统API返回 nf=2026 且 sf=湖北。
兰州大学,data/external/issue19-b0-b1-official-sources/lzu-2026-hubei-physics-normal-zsjh.json,official_dynamic_api_json,2026,湖北,物理类,,普通类,14,,,大气科学,,5,四年,,,物理和化学,专业名称；专业代码；专业代号；计划数；学制；学费；校区；选科；专业组,以高校招生系统字段为准；若未给出专业组或字段为空，专业组边界仍需回到第19期原页及湖北官方系统核验。,官方招生系统API返回 nf=2026 且 sf=湖北。
兰州大学,data/external/issue19-b0-b1-official-sources/lzu-2026-hubei-physics-normal-zsjh.json,official_dynamic_api_json,2026,湖北,物理类,,普通类,14,,,物理学(智能磁性材料与器件创新班),,2,四年,,,物理和化学,专业名称；专业代码；专业代号；计划数；学制；学费；校区；选科；专业组,以高校招生系统字段为准；若未给出专业组或字段为空，专业组边界仍需回到第19期原页及湖北官方系统核验。,官方招生系统API返回 nf=2026 且 sf=湖北。
兰州大学,data/external/issue19-b0-b1-official-sources/lzu-2026-hubei-physics-normal-zsjh.json,official_dynamic_api_json,2026,湖北,物理类,,普通类,14,,,物理学(量子科技创新班),,1,四年,,,物理和化学,专业名称；专业代码；专业代号；计划数；学制；学费；校区；选科；专业组,以高校招生系统字段为准；若未给出专业组或字段为空，专业组边界仍需回到第19期原页及湖北官方系统核验。,官方招生系统API返回 nf=2026 且 sf=湖北。
兰州大学,data/external/issue19-b0-b1-official-sources/lzu-2026-hubei-physics-normal-zsjh.json,official_dynamic_api_json,2026,湖北,物理类,,普通类,14,,,新能源材料与器件(新型电力系统创新班),,1,四年,,,物理和化学,专业名称；专业代码；专业代号；计划数；学制；学费；校区；选科；专业组,以高校招生系统字段为准；若未给出专业组或字段为空，专业组边界仍需回到第19期原页及湖北官方系统核验。,官方招生系统API返回 nf=2026 且 sf=湖北。
兰州大学,data/external/issue19-b0-b1-official-sources/lzu-2026-hubei-physics-normal-zsjh.json,official_dynamic_api_json,2026,湖北,物理类,,普通类,14,,,统计学,,2,四年,,,物理和化学,专业名称；专业代码；专业代号；计划数；学制；学费；校区；选科；专业组,以高校招生系统字段为准；若未给出专业组或字段为空，专业组边界仍需回到第19期原页及湖北官方系统核验。,官方招生系统API返回 nf=2026 且 sf=湖北。
兰州大学,data/external/issue19-b0-b1-official-sources/lzu-2026-hubei-physics-normal-zsjh.json,official_dynamic_api_json,2026,湖北,物理类,,普通类,15,,,材料物理,,2,四年,,,物理和化学,专业名称；专业代码；专业代号；计划数；学制；学费；校区；选科；专业组,以高校招生系统字段为准；若未给出专业组或字段为空，专业组边界仍需回到第19期原页及湖北官方系统核验。,官方招生系统API返回 nf=2026 且 sf=湖北。
兰州大学,data/external/issue19-b0-b1-official-sources/lzu-2026-hubei-physics-normal-zsjh.json,official_dynamic_api_json,2026,湖北,物理类,,普通类,15,,,辐射防护与核安全,,2,四年,,,物理和化学,专业名称；专业代码；专业代号；计划数；学制；学费；校区；选科；专业组,以高校招生系统字段为准；若未给出专业组或字段为空，专业组边界仍需回到第19期原页及湖北官方系统核验。,官方招生系统API返回 nf=2026 且 sf=湖北。
兰州大学,data/external/issue19-b0-b1-official-sources/lzu-2026-hubei-physics-normal-zsjh.json,official_dynamic_api_json,2026,湖北,物理类,,普通类,15,,,辐射防护与核安全(核医学物理与技术创新班),,1,四年,,,物理和化学,专业名称；专业代码；专业代号；计划数；学制；学费；校区；选科；专业组,以高校招生系统字段为准；若未给出专业组或字段为空，专业组边界仍需回到第19期原页及湖北官方系统核验。,官方招生系统API返回 nf=2026 且 sf=湖北。
兰州大学,data/external/issue19-b0-b1-official-sources/lzu-2026-hubei-physics-normal-zsjh.json,official_dynamic_api_json,2026,湖北,物理类,,普通类,15,,,材料化学,,1,四年,,,物理和化学,专业名称；专业代码；专业代号；计划数；学制；学费；校区；选科；专业组,以高校招生系统字段为准；若未给出专业组或字段为空，专业组边界仍需回到第19期原页及湖北官方系统核验。,官方招生系统API返回 nf=2026 且 sf=湖北。
兰州大学,data/external/issue19-b0-b1-official-sources/lzu-2026-hubei-physics-normal-zsjh.json,official_dynamic_api_json,2026,湖北,物理类,,普通类,15,,,核工程与核技术(核聚变科学与工程方向),,2,四年,,,物理和化学,专业名称；专业代码；专业代号；计划数；学制；学费；校区；选科；专业组,以高校招生系统字段为准；若未给出专业组或字段为空，专业组边界仍需回到第19期原页及湖北官方系统核验。,官方招生系统API返回 nf=2026 且 sf=湖北。
兰州大学,data/external/issue19-b0-b1-official-sources/lzu-2026-hubei-physics-normal-zsjh.json,official_dynamic_api_json,2026,湖北,物理类,,普通类,16,,,生态学(生态信息学创新班),,2,四年,,,物理和化学,专业名称；专业代码；专业代号；计划数；学制；学费；校区；选科；专业组,以高校招生系统字段为准；若未给出专业组或字段为空，专业组边界仍需回到第19期原页及湖北官方系统核验。,官方招生系统API返回 nf=2026 且 sf=湖北。
兰州大学,data/external/issue19-b0-b1-official-sources/lzu-2026-hubei-physics-normal-zsjh.json,official_dynamic_api_json,2026,湖北,物理类,,普通类,16,,,生物技术(生物育种创新班),,2,四年,,,物理和化学,专业名称；专业代码；专业代号；计划数；学制；学费；校区；选科；专业组,以高校招生系统字段为准；若未给出专业组或字段为空，专业组边界仍需回到第19期原页及湖北官方系统核验。,官方招生系统API返回 nf=2026 且 sf=湖北。
兰州大学,data/external/issue19-b0-b1-official-sources/lzu-2026-hubei-physics-normal-zsjh.json,official_dynamic_api_json,2026,湖北,物理类,,普通类,16,,,草业科学(数智草业方向),,3,四年,,,物理和化学,专业名称；专业代码；专业代号；计划数；学制；学费；校区；选科；专业组,以高校招生系统字段为准；若未给出专业组或字段为空，专业组边界仍需回到第19期原页及湖北官方系统核验。,官方招生系统API返回 nf=2026 且 sf=湖北。
兰州大学,data/external/issue19-b0-b1-official-sources/lzu-2026-hubei-physics-normal-zsjh.json,official_dynamic_api_json,2026,湖北,物理类,,普通类,16,,,化学工程与工艺(智慧化工创新班),,2,四年,,,物理和化学,专业名称；专业代码；专业代号；计划数；学制；学费；校区；选科；专业组,以高校招生系统字段为准；若未给出专业组或字段为空，专业组边界仍需回到第19期原页及湖北官方系统核验。,官方招生系统API返回 nf=2026 且 sf=湖北。
兰州大学,data/external/issue19-b0-b1-official-sources/lzu-2026-hubei-physics-normal-zsjh.json,official_dynamic_api_json,2026,湖北,物理类,,普通类,16,,,应用化学,,3,四年,,,物理和化学,专业名称；专业代码；专业代号；计划数；学制；学费；校区；选科；专业组,以高校招生系统字段为准；若未给出专业组或字段为空，专业组边界仍需回到第19期原页及湖北官方系统核验。,官方招生系统API返回 nf=2026 且 sf=湖北。
兰州大学,data/external/issue19-b0-b1-official-sources/lzu-2026-hubei-physics-normal-zsjh.json,official_dynamic_api_json,2026,湖北,物理类,,普通类,16,,,化学工程与工艺(储能与氢能方向),,1,四年,,,物理和化学,专业名称；专业代码；专业代号；计划数；学制；学费；校区；选科；专业组,以高校招生系统字段为准；若未给出专业组或字段为空，专业组边界仍需回到第19期原页及湖北官方系统核验。,官方招生系统API返回 nf=2026 且 sf=湖北。
兰州大学,data/external/issue19-b0-b1-official-sources/lzu-2026-hubei-physics-normal-zsjh.json,official_dynamic_api_json,2026,湖北,物理类,,普通类,17,,,资源勘查工程(智能探测创新班),,3,四年,,,物理和化学,专业名称；专业代码；专业代号；计划数；学制；学费；校区；选科；专业组,以高校招生系统字段为准；若未给出专业组或字段为空，专业组边界仍需回到第19期原页及湖北官方系统核验。,官方招生系统API返回 nf=2026 且 sf=湖北。
兰州大学,data/external/issue19-b0-b1-official-sources/lzu-2026-hubei-physics-normal-zsjh.json,official_dynamic_api_json,2026,湖北,物理类,,普通类,17,,,地质学(数智地球创新班),,3,四年,,,物理和化学,专业名称；专业代码；专业代号；计划数；学制；学费；校区；选科；专业组,以高校招生系统字段为准；若未给出专业组或字段为空，专业组边界仍需回到第19期原页及湖北官方系统核验。,官方招生系统API返回 nf=2026 且 sf=湖北。
兰州大学,data/external/issue19-b0-b1-official-sources/lzu-2026-hubei-physics-normal-zsjh.json,official_dynamic_api_json,2026,湖北,物理类,,普通类,17,,,地理科学类(自然地理与资源环境、人文地理与城乡规划、地理信息科学)(含基地班),,3,四年,,,物理和化学,专业名称；专业代码；专业代号；计划数；学制；学费；校区；选科；专业组,以高校招生系统字段为准；若未给出专业组或字段为空，专业组边界仍需回到第19期原页及湖北官方系统核验。,官方招生系统API返回 nf=2026 且 sf=湖北。
兰州大学,data/external/issue19-b0-b1-official-sources/lzu-2026-hubei-physics-normal-zsjh.json,official_dynamic_api_json,2026,湖北,物理类,,普通类,17,,,地质工程,,3,四年,,,物理和化学,专业名称；专业代码；专业代号；计划数；学制；学费；校区；选科；专业组,以高校招生系统字段为准；若未给出专业组或字段为空，专业组边界仍需回到第19期原页及湖北官方系统核验。,官方招生系统API返回 nf=2026 且 sf=湖北。
兰州大学,data/external/issue19-b0-b1-official-sources/lzu-2026-hubei-physics-normal-zsjh.json,official_dynamic_api_json,2026,湖北,物理类,,普通类,17,,,水文与水资源工程,,2,四年,,,物理和化学,专业名称；专业代码；专业代号；计划数；学制；学费；校区；选科；专业组,以高校招生系统字段为准；若未给出专业组或字段为空，专业组边界仍需回到第19期原页及湖北官方系统核验。,官方招生系统API返回 nf=2026 且 sf=湖北。
兰州大学,data/external/issue19-b0-b1-official-sources/lzu-2026-hubei-physics-normal-zsjh.json,official_dynamic_api_json,2026,湖北,物理类,,普通类,17,,,环境科学与工程,,3,四年,,,物理和化学,专业名称；专业代码；专业代号；计划数；学制；学费；校区；选科；专业组,以高校招生系统字段为准；若未给出专业组或字段为空，专业组边界仍需回到第19期原页及湖北官方系统核验。,官方招生系统API返回 nf=2026 且 sf=湖北。
兰州大学,data/external/issue19-b0-b1-official-sources/lzu-2026-hubei-physics-normal-zsjh.json,official_dynamic_api_json,2026,湖北,物理类,,普通类,18,,,预防医学,,4,五年,,,物理和化学,专业名称；专业代码；专业代号；计划数；学制；学费；校区；选科；专业组,以高校招生系统字段为准；若未给出专业组或字段为空，专业组边界仍需回到第19期原页及湖北官方系统核验。,官方招生系统API返回 nf=2026 且 sf=湖北。
兰州大学,data/external/issue19-b0-b1-official-sources/lzu-2026-hubei-physics-normal-zsjh.json,official_dynamic_api_json,2026,湖北,物理类,,普通类,18,,,口腔医学,,4,五年,,,物理和化学,专业名称；专业代码；专业代号；计划数；学制；学费；校区；选科；专业组,以高校招生系统字段为准；若未给出专业组或字段为空，专业组边界仍需回到第19期原页及湖北官方系统核验。,官方招生系统API返回 nf=2026 且 sf=湖北。
兰州大学,data/external/issue19-b0-b1-official-sources/lzu-2026-hubei-physics-normal-zsjh.json,official_dynamic_api_json,2026,湖北,物理类,,普通类,18,,,药学(数智药学创新班),,3,四年,,,物理和化学,专业名称；专业代码；专业代号；计划数；学制；学费；校区；选科；专业组,以高校招生系统字段为准；若未给出专业组或字段为空，专业组边界仍需回到第19期原页及湖北官方系统核验。,官方招生系统API返回 nf=2026 且 sf=湖北。
兰州大学,data/external/issue19-b0-b1-official-sources/lzu-2026-hubei-physics-normal-zsjh.json,official_dynamic_api_json,2026,湖北,物理类,,普通类,18,,,基础医学(基地班),,2,五年,,,物理和化学,专业名称；专业代码；专业代号；计划数；学制；学费；校区；选科；专业组,以高校招生系统字段为准；若未给出专业组或字段为空，专业组边界仍需回到第19期原页及湖北官方系统核验。,官方招生系统API返回 nf=2026 且 sf=湖北。
兰州大学,data/external/issue19-b0-b1-official-sources/lzu-2026-hubei-physics-normal-zsjh.json,official_dynamic_api_json,2026,湖北,物理类,,普通类,18,,,临床医学,,15,五年,,,物理和化学,专业名称；专业代码；专业代号；计划数；学制；学费；校区；选科；专业组,以高校招生系统字段为准；若未给出专业组或字段为空，专业组边界仍需回到第19期原页及湖北官方系统核验。,官方招生系统API返回 nf=2026 且 sf=湖北。
兰州大学,data/external/issue19-b0-b1-official-sources/lzu-2026-hubei-physics-normal-zsjh.json,official_dynamic_api_json,2026,湖北,物理类,,普通类,20,,,生物制药(中外合作办学),,3,四年,,,物理和化学,专业名称；专业代码；专业代号；计划数；学制；学费；校区；选科；专业组,以高校招生系统字段为准；若未给出专业组或字段为空，专业组边界仍需回到第19期原页及湖北官方系统核验。,官方招生系统API返回 nf=2026 且 sf=湖北。
西北民族大学,data/external/issue19-b0-b1-official-sources/xbmu-2026-hubei-physics-normal-zsjh.json,official_dynamic_api_json,2026,湖北,物理类,,普通类,,,,高分子材料与工程,,3,,,榆中校区,,专业名称；专业代码；专业代号；计划数；学制；学费；校区；选科；专业组,以高校招生系统字段为准；若未给出专业组或字段为空，专业组边界仍需回到第19期原页及湖北官方系统核验。,官方招生系统API返回 nf=2026 且 sf=湖北。
西北民族大学,data/external/issue19-b0-b1-official-sources/xbmu-2026-hubei-physics-normal-zsjh.json,official_dynamic_api_json,2026,湖北,物理类,,普通类,,,,数学与应用数学,,8,,,榆中校区,,专业名称；专业代码；专业代号；计划数；学制；学费；校区；选科；专业组,以高校招生系统字段为准；若未给出专业组或字段为空，专业组边界仍需回到第19期原页及湖北官方系统核验。,官方招生系统API返回 nf=2026 且 sf=湖北。
西北民族大学,data/external/issue19-b0-b1-official-sources/xbmu-2026-hubei-physics-normal-zsjh.json,official_dynamic_api_json,2026,湖北,物理类,,普通类,,,,物理学,,5,,,榆中校区,,专业名称；专业代码；专业代号；计划数；学制；学费；校区；选科；专业组,以高校招生系统字段为准；若未给出专业组或字段为空，专业组边界仍需回到第19期原页及湖北官方系统核验。,官方招生系统API返回 nf=2026 且 sf=湖北。
西北民族大学,data/external/issue19-b0-b1-official-sources/xbmu-2026-hubei-physics-normal-zsjh.json,official_dynamic_api_json,2026,湖北,物理类,,普通类,,,,护理学,,2,,,西北新村校区,,专业名称；专业代码；专业代号；计划数；学制；学费；校区；选科；专业组,以高校招生系统字段为准；若未给出专业组或字段为空，专业组边界仍需回到第19期原页及湖北官方系统核验。,官方招生系统API返回 nf=2026 且 sf=湖北。
西北民族大学,data/external/issue19-b0-b1-official-sources/xbmu-2026-hubei-physics-normal-zsjh.json,official_dynamic_api_json,2026,湖北,物理类,,普通类,,,,数据科学与大数据技术,,2,,,榆中校区,,专业名称；专业代码；专业代号；计划数；学制；学费；校区；选科；专业组,以高校招生系统字段为准；若未给出专业组或字段为空，专业组边界仍需回到第19期原页及湖北官方系统核验。,官方招生系统API返回 nf=2026 且 sf=湖北。
西北民族大学,data/external/issue19-b0-b1-official-sources/xbmu-2026-hubei-physics-normal-zsjh.json,official_dynamic_api_json,2026,湖北,物理类,,普通类,,,,软件工程,,2,,,榆中校区,,专业名称；专业代码；专业代号；计划数；学制；学费；校区；选科；专业组,以高校招生系统字段为准；若未给出专业组或字段为空，专业组边界仍需回到第19期原页及湖北官方系统核验。,官方招生系统API返回 nf=2026 且 sf=湖北。
西北民族大学,data/external/issue19-b0-b1-official-sources/xbmu-2026-hubei-physics-normal-zsjh.json,official_dynamic_api_json,2026,湖北,物理类,,普通类,,,,化学工程与工艺,,5,,,榆中校区,,专业名称；专业代码；专业代号；计划数；学制；学费；校区；选科；专业组,以高校招生系统字段为准；若未给出专业组或字段为空，专业组边界仍需回到第19期原页及湖北官方系统核验。,官方招生系统API返回 nf=2026 且 sf=湖北。
西北民族大学,data/external/issue19-b0-b1-official-sources/xbmu-2026-hubei-physics-normal-zsjh.json,official_dynamic_api_json,2026,湖北,物理类,,普通类,,,,文物保护技术,,2,,,榆中校区,,专业名称；专业代码；专业代号；计划数；学制；学费；校区；选科；专业组,以高校招生系统字段为准；若未给出专业组或字段为空，专业组边界仍需回到第19期原页及湖北官方系统核验。,官方招生系统API返回 nf=2026 且 sf=湖北。
西北民族大学,data/external/issue19-b0-b1-official-sources/xbmu-2026-hubei-physics-normal-zsjh.json,official_dynamic_api_json,2026,湖北,物理类,,普通类,,,,土木工程,,2,,,榆中校区,,专业名称；专业代码；专业代号；计划数；学制；学费；校区；选科；专业组,以高校招生系统字段为准；若未给出专业组或字段为空，专业组边界仍需回到第19期原页及湖北官方系统核验。,官方招生系统API返回 nf=2026 且 sf=湖北。
西北民族大学,data/external/issue19-b0-b1-official-sources/xbmu-2026-hubei-physics-normal-zsjh.json,official_dynamic_api_json,2026,湖北,物理类,,普通类,,,,道路桥梁与渡河工程,,5,,,榆中校区,,专业名称；专业代码；专业代号；计划数；学制；学费；校区；选科；专业组,以高校招生系统字段为准；若未给出专业组或字段为空，专业组边界仍需回到第19期原页及湖北官方系统核验。,官方招生系统API返回 nf=2026 且 sf=湖北。
西北民族大学,data/external/issue19-b0-b1-official-sources/xbmu-2026-hubei-physics-normal-zsjh.json,official_dynamic_api_json,2026,湖北,物理类,,普通类,,,,财务管理,,2,,,榆中校区,,专业名称；专业代码；专业代号；计划数；学制；学费；校区；选科；专业组,以高校招生系统字段为准；若未给出专业组或字段为空，专业组边界仍需回到第19期原页及湖北官方系统核验。,官方招生系统API返回 nf=2026 且 sf=湖北。
西北民族大学,data/external/issue19-b0-b1-official-sources/xbmu-2026-hubei-physics-normal-zsjh.json,official_dynamic_api_json,2026,湖北,物理类,,普通类,,,,计算机科学与技术,,2,,,榆中校区,,专业名称；专业代码；专业代号；计划数；学制；学费；校区；选科；专业组,以高校招生系统字段为准；若未给出专业组或字段为空，专业组边界仍需回到第19期原页及湖北官方系统核验。,官方招生系统API返回 nf=2026 且 sf=湖北。
西北民族大学,data/external/issue19-b0-b1-official-sources/xbmu-2026-hubei-physics-normal-zsjh.json,official_dynamic_api_json,2026,湖北,物理类,,普通类,,,,无机非金属材料工程,,5,,,榆中校区,,专业名称；专业代码；专业代号；计划数；学制；学费；校区；选科；专业组,以高校招生系统字段为准；若未给出专业组或字段为空，专业组边界仍需回到第19期原页及湖北官方系统核验。,官方招生系统API返回 nf=2026 且 sf=湖北。
西北民族大学,data/external/issue19-b0-b1-official-sources/xbmu-2026-hubei-physics-normal-zsjh.json,official_dynamic_api_json,2026,湖北,物理类,,普通类,,,,环境工程,,4,,,榆中校区,,专业名称；专业代码；专业代号；计划数；学制；学费；校区；选科；专业组,以高校招生系统字段为准；若未给出专业组或字段为空，专业组边界仍需回到第19期原页及湖北官方系统核验。,官方招生系统API返回 nf=2026 且 sf=湖北。
西北民族大学,data/external/issue19-b0-b1-official-sources/xbmu-2026-hubei-physics-normal-zsjh.json,official_dynamic_api_json,2026,湖北,物理类,,普通类,,,,制药工程,,2,,,榆中校区,,专业名称；专业代码；专业代号；计划数；学制；学费；校区；选科；专业组,以高校招生系统字段为准；若未给出专业组或字段为空，专业组边界仍需回到第19期原页及湖北官方系统核验。,官方招生系统API返回 nf=2026 且 sf=湖北。
西北民族大学,data/external/issue19-b0-b1-official-sources/xbmu-2026-hubei-physics-normal-zsjh.json,official_dynamic_api_json,2026,湖北,物理类,,普通类,,,,数字媒体技术,,2,,,榆中校区,,专业名称；专业代码；专业代号；计划数；学制；学费；校区；选科；专业组,以高校招生系统字段为准；若未给出专业组或字段为空，专业组边界仍需回到第19期原页及湖北官方系统核验。,官方招生系统API返回 nf=2026 且 sf=湖北。
西北民族大学,data/external/issue19-b0-b1-official-sources/xbmu-2026-hubei-physics-normal-zsjh.json,official_dynamic_api_json,2026,湖北,物理类,,普通类,,,,金融学,,4,,,榆中校区,,专业名称；专业代码；专业代号；计划数；学制；学费；校区；选科；专业组,以高校招生系统字段为准；若未给出专业组或字段为空，专业组边界仍需回到第19期原页及湖北官方系统核验。,官方招生系统API返回 nf=2026 且 sf=湖北。
西北民族大学,data/external/issue19-b0-b1-official-sources/xbmu-2026-hubei-physics-normal-zsjh.json,official_dynamic_api_json,2026,湖北,物理类,,普通类,,,,食品科学与工程,,2,,,榆中校区,,专业名称；专业代码；专业代号；计划数；学制；学费；校区；选科；专业组,以高校招生系统字段为准；若未给出专业组或字段为空，专业组边界仍需回到第19期原页及湖北官方系统核验。,官方招生系统API返回 nf=2026 且 sf=湖北。
西北民族大学,data/external/issue19-b0-b1-official-sources/xbmu-2026-hubei-physics-normal-zsjh.json,official_dynamic_api_json,2026,湖北,物理类,,普通类,,,,工商管理,,3,,,榆中校区,,专业名称；专业代码；专业代号；计划数；学制；学费；校区；选科；专业组,以高校招生系统字段为准；若未给出专业组或字段为空，专业组边界仍需回到第19期原页及湖北官方系统核验。,官方招生系统API返回 nf=2026 且 sf=湖北。
西北民族大学,data/external/issue19-b0-b1-official-sources/xbmu-2026-hubei-physics-normal-zsjh.json,official_dynamic_api_json,2026,湖北,物理类,,普通类,,,,自动化,,3,,,榆中校区,,专业名称；专业代码；专业代号；计划数；学制；学费；校区；选科；专业组,以高校招生系统字段为准；若未给出专业组或字段为空，专业组边界仍需回到第19期原页及湖北官方系统核验。,官方招生系统API返回 nf=2026 且 sf=湖北。
西北民族大学,data/external/issue19-b0-b1-official-sources/xbmu-2026-hubei-physics-normal-zsjh.json,official_dynamic_api_json,2026,湖北,物理类,,普通类,,,,电气工程及其自动化,,2,,,榆中校区,,专业名称；专业代码；专业代号；计划数；学制；学费；校区；选科；专业组,以高校招生系统字段为准；若未给出专业组或字段为空，专业组边界仍需回到第19期原页及湖北官方系统核验。,官方招生系统API返回 nf=2026 且 sf=湖北。
西北民族大学,data/external/issue19-b0-b1-official-sources/xbmu-2026-hubei-physics-normal-zsjh.json,official_dynamic_api_json,2026,湖北,物理类,,普通类,,,,教育技术学,,2,,,榆中校区,,专业名称；专业代码；专业代号；计划数；学制；学费；校区；选科；专业组,以高校招生系统字段为准；若未给出专业组或字段为空，专业组边界仍需回到第19期原页及湖北官方系统核验。,官方招生系统API返回 nf=2026 且 sf=湖北。
西北民族大学,data/external/issue19-b0-b1-official-sources/xbmu-2026-hubei-physics-normal-zsjh.json,official_dynamic_api_json,2026,湖北,物理类,,普通类,,,,电子信息工程,,3,,,榆中校区,,专业名称；专业代码；专业代号；计划数；学制；学费；校区；选科；专业组,以高校招生系统字段为准；若未给出专业组或字段为空，专业组边界仍需回到第19期原页及湖北官方系统核验。,官方招生系统API返回 nf=2026 且 sf=湖北。
西北民族大学,data/external/issue19-b0-b1-official-sources/xbmu-2026-hubei-physics-normal-zsjh.json,official_dynamic_api_json,2026,湖北,物理类,,普通类,,,,人工智能,,2,,,榆中校区,,专业名称；专业代码；专业代号；计划数；学制；学费；校区；选科；专业组,以高校招生系统字段为准；若未给出专业组或字段为空，专业组边界仍需回到第19期原页及湖北官方系统核验。,官方招生系统API返回 nf=2026 且 sf=湖北。
西北民族大学,data/external/issue19-b0-b1-official-sources/xbmu-2026-hubei-physics-normal-zsjh.json,official_dynamic_api_json,2026,湖北,物理类,,普通类,,,,动物科学,,3,,,榆中校区,,专业名称；专业代码；专业代号；计划数；学制；学费；校区；选科；专业组,以高校招生系统字段为准；若未给出专业组或字段为空，专业组边界仍需回到第19期原页及湖北官方系统核验。,官方招生系统API返回 nf=2026 且 sf=湖北。
西北民族大学,data/external/issue19-b0-b1-official-sources/xbmu-2026-hubei-physics-normal-zsjh.json,official_dynamic_api_json,2026,湖北,物理类,,普通类,,,,通信工程,,3,,,榆中校区,,专业名称；专业代码；专业代号；计划数；学制；学费；校区；选科；专业组,以高校招生系统字段为准；若未给出专业组或字段为空，专业组边界仍需回到第19期原页及湖北官方系统核验。,官方招生系统API返回 nf=2026 且 sf=湖北。
西北民族大学,data/external/issue19-b0-b1-official-sources/xbmu-2026-hubei-physics-normal-zsjh.json,official_dynamic_api_json,2026,湖北,物理类,,普通类,,,,生物工程,,3,,,榆中校区,,专业名称；专业代码；专业代号；计划数；学制；学费；校区；选科；专业组,以高校招生系统字段为准；若未给出专业组或字段为空，专业组边界仍需回到第19期原页及湖北官方系统核验。,官方招生系统API返回 nf=2026 且 sf=湖北。
西北民族大学,data/external/issue19-b0-b1-official-sources/xbmu-2026-hubei-physics-normal-zsjh.json,official_dynamic_api_json,2026,湖北,物理类,,普通类,,,,生物技术,,4,,,榆中校区,,专业名称；专业代码；专业代号；计划数；学制；学费；校区；选科；专业组,以高校招生系统字段为准；若未给出专业组或字段为空，专业组边界仍需回到第19期原页及湖北官方系统核验。,官方招生系统API返回 nf=2026 且 sf=湖北。
西北民族大学,data/external/issue19-b0-b1-official-sources/xbmu-2026-hubei-physics-normal-zsjh.json,official_dynamic_api_json,2026,湖北,物理类,,普通类,,,,计算机科学与技术(中外合作办学),,4,,,榆中校区,,专业名称；专业代码；专业代号；计划数；学制；学费；校区；选科；专业组,以高校招生系统字段为准；若未给出专业组或字段为空，专业组边界仍需回到第19期原页及湖北官方系统核验。,官方招生系统API返回 nf=2026 且 sf=湖北。
西北民族大学,data/external/issue19-b0-b1-official-sources/xbmu-2026-hubei-physics-normal-zsjh.json,official_dynamic_api_json,2026,湖北,物理类,,普通类,,,,动物医学,,4,,,榆中校区,,专业名称；专业代码；专业代号；计划数；学制；学费；校区；选科；专业组,以高校招生系统字段为准；若未给出专业组或字段为空，专业组边界仍需回到第19期原页及湖北官方系统核验。,官方招生系统API返回 nf=2026 且 sf=湖北。
成都信息工程大学,data/external/issue19-b0-b1-official-sources/cuit-2026-undergraduate-plan.html,official_static_html_table,2026,湖北,,,,,,120204,财务管理,,2,,5760,龙泉校区,历史+不限,专业名称；湖北计划数；学费；校区；选科,HTML大表未直接给出湖北院校专业组代码和组内调剂边界；需与第19期原页及湖北官方系统对齐。,来源页为高校招生官网留存页；若页面自身年份标记不完整，仍需以官网发布时间、湖北计划字段和省招办计划交叉确认。
成都信息工程大学,data/external/issue19-b0-b1-official-sources/cuit-2026-undergraduate-plan.html,official_static_html_table,2026,湖北,,,,,,050101,汉语言文学,,2,,5760,龙泉校区,历史+不限,专业名称；湖北计划数；学费；校区；选科,HTML大表未直接给出湖北院校专业组代码和组内调剂边界；需与第19期原页及湖北官方系统对齐。,来源页为高校招生官网留存页；若页面自身年份标记不完整，仍需以官网发布时间、湖北计划字段和省招办计划交叉确认。
成都信息工程大学,data/external/issue19-b0-b1-official-sources/cuit-2026-undergraduate-plan.html,official_static_html_table,2026,湖北,,,,,,120901,旅游管理,,2,,5760,龙泉校区,历史+不限,专业名称；湖北计划数；学费；校区；选科,HTML大表未直接给出湖北院校专业组代码和组内调剂边界；需与第19期原页及湖北官方系统对齐。,来源页为高校招生官网留存页；若页面自身年份标记不完整，仍需以官网发布时间、湖北计划字段和省招办计划交叉确认。
成都信息工程大学,data/external/issue19-b0-b1-official-sources/cuit-2026-undergraduate-plan.html,official_static_html_table,2026,湖北,,,,,,120601,物流管理,,2,,5760,龙泉校区,历史+不限,专业名称；湖北计划数；学费；校区；选科,HTML大表未直接给出湖北院校专业组代码和组内调剂边界；需与第19期原页及湖北官方系统对齐。,来源页为高校招生官网留存页；若页面自身年份标记不完整，仍需以官网发布时间、湖北计划字段和省招办计划交叉确认。
成都信息工程大学,data/external/issue19-b0-b1-official-sources/cuit-2026-undergraduate-plan.html,official_static_html_table,2026,湖北,,,,,,120604,供应链管理,,2,,5760,龙泉校区,历史+不限,专业名称；湖北计划数；学费；校区；选科,HTML大表未直接给出湖北院校专业组代码和组内调剂边界；需与第19期原页及湖北官方系统对齐。,来源页为高校招生官网留存页；若页面自身年份标记不完整，仍需以官网发布时间、湖北计划字段和省招办计划交叉确认。
成都信息工程大学,data/external/issue19-b0-b1-official-sources/cuit-2026-undergraduate-plan.html,official_static_html_table,2026,湖北,,,,,,120801,电子商务,,2,,5760,龙泉校区,历史+不限,专业名称；湖北计划数；学费；校区；选科,HTML大表未直接给出湖北院校专业组代码和组内调剂边界；需与第19期原页及湖北官方系统对齐。,来源页为高校招生官网留存页；若页面自身年份标记不完整，仍需以官网发布时间、湖北计划字段和省招办计划交叉确认。
成都信息工程大学,data/external/issue19-b0-b1-official-sources/cuit-2026-undergraduate-plan.html,official_static_html_table,2026,湖北,,,,,,120203,会计学ACCA,,2,,5760,龙泉校区,历史+不限,专业名称；湖北计划数；学费；校区；选科,HTML大表未直接给出湖北院校专业组代码和组内调剂边界；需与第19期原页及湖北官方系统对齐。,来源页为高校招生官网留存页；若页面自身年份标记不完整，仍需以官网发布时间、湖北计划字段和省招办计划交叉确认。
成都信息工程大学,data/external/issue19-b0-b1-official-sources/cuit-2026-undergraduate-plan.html,official_static_html_table,2026,湖北,,,,,,070601,大气科学（英才班）,,1,,6240,航空港校区,物理+化学,专业名称；湖北计划数；学费；校区；选科,HTML大表未直接给出湖北院校专业组代码和组内调剂边界；需与第19期原页及湖北官方系统对齐。,来源页为高校招生官网留存页；若页面自身年份标记不完整，仍需以官网发布时间、湖北计划字段和省招办计划交叉确认。
成都信息工程大学,data/external/issue19-b0-b1-official-sources/cuit-2026-undergraduate-plan.html,official_static_html_table,2026,湖北,,,,,,080910,数据科学与大数据技术（英才班）,,1,,6240,航空港校区,物理+化学,专业名称；湖北计划数；学费；校区；选科,HTML大表未直接给出湖北院校专业组代码和组内调剂边界；需与第19期原页及湖北官方系统对齐。,来源页为高校招生官网留存页；若页面自身年份标记不完整，仍需以官网发布时间、湖北计划字段和省招办计划交叉确认。
成都信息工程大学,data/external/issue19-b0-b1-official-sources/cuit-2026-undergraduate-plan.html,official_static_html_table,2026,湖北,,,,,,080904,信息安全（英才班）,,1,,6240,航空港校区,物理+化学,专业名称；湖北计划数；学费；校区；选科,HTML大表未直接给出湖北院校专业组代码和组内调剂边界；需与第19期原页及湖北官方系统对齐。,来源页为高校招生官网留存页；若页面自身年份标记不完整，仍需以官网发布时间、湖北计划字段和省招办计划交叉确认。
成都信息工程大学,data/external/issue19-b0-b1-official-sources/cuit-2026-undergraduate-plan.html,official_static_html_table,2026,湖北,,,,,,080911,网络空间安全（卓越班）,,1,,6240,航空港校区,物理+化学,专业名称；湖北计划数；学费；校区；选科,HTML大表未直接给出湖北院校专业组代码和组内调剂边界；需与第19期原页及湖北官方系统对齐。,来源页为高校招生官网留存页；若页面自身年份标记不完整，仍需以官网发布时间、湖北计划字段和省招办计划交叉确认。
成都信息工程大学,data/external/issue19-b0-b1-official-sources/cuit-2026-undergraduate-plan.html,official_static_html_table,2026,湖北,,,,,,082502,环境工程（卓越班）,,1,,6240,航空港校区,物理+化学,专业名称；湖北计划数；学费；校区；选科,HTML大表未直接给出湖北院校专业组代码和组内调剂边界；需与第19期原页及湖北官方系统对齐。,来源页为高校招生官网留存页；若页面自身年份标记不完整，仍需以官网发布时间、湖北计划字段和省招办计划交叉确认。
成都信息工程大学,data/external/issue19-b0-b1-official-sources/cuit-2026-undergraduate-plan.html,official_static_html_table,2026,湖北,,,,,,080901,计算机科学与技术,,2,,6240,航空港校区,物理+化学,专业名称；湖北计划数；学费；校区；选科,HTML大表未直接给出湖北院校专业组代码和组内调剂边界；需与第19期原页及湖北官方系统对齐。,来源页为高校招生官网留存页；若页面自身年份标记不完整，仍需以官网发布时间、湖北计划字段和省招办计划交叉确认。
成都信息工程大学,data/external/issue19-b0-b1-official-sources/cuit-2026-undergraduate-plan.html,official_static_html_table,2026,湖北,,,,,,080902,软件工程,,2,,6240,航空港校区,物理+化学,专业名称；湖北计划数；学费；校区；选科,HTML大表未直接给出湖北院校专业组代码和组内调剂边界；需与第19期原页及湖北官方系统对齐。,来源页为高校招生官网留存页；若页面自身年份标记不完整，仍需以官网发布时间、湖北计划字段和省招办计划交叉确认。
成都信息工程大学,data/external/issue19-b0-b1-official-sources/cuit-2026-undergraduate-plan.html,official_static_html_table,2026,湖北,,,,,,080904,信息安全,,1,,6240,航空港校区,物理+化学,专业名称；湖北计划数；学费；校区；选科,HTML大表未直接给出湖北院校专业组代码和组内调剂边界；需与第19期原页及湖北官方系统对齐。,来源页为高校招生官网留存页；若页面自身年份标记不完整，仍需以官网发布时间、湖北计划字段和省招办计划交叉确认。
成都信息工程大学,data/external/issue19-b0-b1-official-sources/cuit-2026-undergraduate-plan.html,official_static_html_table,2026,湖北,,,,,,080701,电子信息工程,,2,,6240,航空港校区,物理+化学,专业名称；湖北计划数；学费；校区；选科,HTML大表未直接给出湖北院校专业组代码和组内调剂边界；需与第19期原页及湖北官方系统对齐。,来源页为高校招生官网留存页；若页面自身年份标记不完整，仍需以官网发布时间、湖北计划字段和省招办计划交叉确认。
成都信息工程大学,data/external/issue19-b0-b1-official-sources/cuit-2026-undergraduate-plan.html,official_static_html_table,2026,湖北,,,,,,080601,电气工程及其自动化,,2,,6240,航空港校区,物理+化学,专业名称；湖北计划数；学费；校区；选科,HTML大表未直接给出湖北院校专业组代码和组内调剂边界；需与第19期原页及湖北官方系统对齐。,来源页为高校招生官网留存页；若页面自身年份标记不完整，仍需以官网发布时间、湖北计划字段和省招办计划交叉确认。
成都信息工程大学,data/external/issue19-b0-b1-official-sources/cuit-2026-undergraduate-plan.html,official_static_html_table,2026,湖北,,,,,,080703,通信工程,,2,,6240,航空港校区,物理+化学,专业名称；湖北计划数；学费；校区；选科,HTML大表未直接给出湖北院校专业组代码和组内调剂边界；需与第19期原页及湖北官方系统对齐。,来源页为高校招生官网留存页；若页面自身年份标记不完整，仍需以官网发布时间、湖北计划字段和省招办计划交叉确认。
成都信息工程大学,data/external/issue19-b0-b1-official-sources/cuit-2026-undergraduate-plan.html,official_static_html_table,2026,湖北,,,,,,070601,大气科学,,3,,6240,航空港校区,物理+化学,专业名称；湖北计划数；学费；校区；选科,HTML大表未直接给出湖北院校专业组代码和组内调剂边界；需与第19期原页及湖北官方系统对齐。,来源页为高校招生官网留存页；若页面自身年份标记不完整，仍需以官网发布时间、湖北计划字段和省招办计划交叉确认。
成都信息工程大学,data/external/issue19-b0-b1-official-sources/cuit-2026-undergraduate-plan.html,official_static_html_table,2026,湖北,,,,,,070602,应用气象学,,2,,6240,航空港校区,物理+化学,专业名称；湖北计划数；学费；校区；选科,HTML大表未直接给出湖北院校专业组代码和组内调剂边界；需与第19期原页及湖北官方系统对齐。,来源页为高校招生官网留存页；若页面自身年份标记不完整，仍需以官网发布时间、湖北计划字段和省招办计划交叉确认。
成都信息工程大学,data/external/issue19-b0-b1-official-sources/cuit-2026-undergraduate-plan.html,official_static_html_table,2026,湖北,,,,,,070603,气象技术与工程,,2,,6240,航空港校区,物理+化学,专业名称；湖北计划数；学费；校区；选科,HTML大表未直接给出湖北院校专业组代码和组内调剂边界；需与第19期原页及湖北官方系统对齐。,来源页为高校招生官网留存页；若页面自身年份标记不完整，仍需以官网发布时间、湖北计划字段和省招办计划交叉确认。
成都信息工程大学,data/external/issue19-b0-b1-official-sources/cuit-2026-undergraduate-plan.html,official_static_html_table,2026,湖北,,,,,,080717,人工智能,,2,,6240,航空港校区,物理+化学,专业名称；湖北计划数；学费；校区；选科,HTML大表未直接给出湖北院校专业组代码和组内调剂边界；需与第19期原页及湖北官方系统对齐。,来源页为高校招生官网留存页；若页面自身年份标记不完整，仍需以官网发布时间、湖北计划字段和省招办计划交叉确认。
成都信息工程大学,data/external/issue19-b0-b1-official-sources/cuit-2026-undergraduate-plan.html,official_static_html_table,2026,湖北,,,,,,080906,数字媒体技术,,2,,6240,航空港校区,物理+化学,专业名称；湖北计划数；学费；校区；选科,HTML大表未直接给出湖北院校专业组代码和组内调剂边界；需与第19期原页及湖北官方系统对齐。,来源页为高校招生官网留存页；若页面自身年份标记不完整，仍需以官网发布时间、湖北计划字段和省招办计划交叉确认。
成都信息工程大学,data/external/issue19-b0-b1-official-sources/cuit-2026-undergraduate-plan.html,official_static_html_table,2026,湖北,,,,,,080907,智能科学与技术,,2,,6240,航空港校区,物理+化学,专业名称；湖北计划数；学费；校区；选科,HTML大表未直接给出湖北院校专业组代码和组内调剂边界；需与第19期原页及湖北官方系统对齐。,来源页为高校招生官网留存页；若页面自身年份标记不完整，仍需以官网发布时间、湖北计划字段和省招办计划交叉确认。
成都信息工程大学,data/external/issue19-b0-b1-official-sources/cuit-2026-undergraduate-plan.html,official_static_html_table,2026,湖北,,,,,,080918,密码科学与技术,,2,,6240,航空港校区,物理+化学,专业名称；湖北计划数；学费；校区；选科,HTML大表未直接给出湖北院校专业组代码和组内调剂边界；需与第19期原页及湖北官方系统对齐。,来源页为高校招生官网留存页；若页面自身年份标记不完整，仍需以官网发布时间、湖北计划字段和省招办计划交叉确认。
成都信息工程大学,data/external/issue19-b0-b1-official-sources/cuit-2026-undergraduate-plan.html,official_static_html_table,2026,湖北,,,,,,081202,遥感科学与技术,,2,,6240,航空港校区,物理+化学,专业名称；湖北计划数；学费；校区；选科,HTML大表未直接给出湖北院校专业组代码和组内调剂边界；需与第19期原页及湖北官方系统对齐。,来源页为高校招生官网留存页；若页面自身年份标记不完整，仍需以官网发布时间、湖北计划字段和省招办计划交叉确认。
成都信息工程大学,data/external/issue19-b0-b1-official-sources/cuit-2026-undergraduate-plan.html,official_static_html_table,2026,湖北,,,,,,070102,信息与计算科学,,1,,6240,航空港校区,物理+化学,专业名称；湖北计划数；学费；校区；选科,HTML大表未直接给出湖北院校专业组代码和组内调剂边界；需与第19期原页及湖北官方系统对齐。,来源页为高校招生官网留存页；若页面自身年份标记不完整，仍需以官网发布时间、湖北计划字段和省招办计划交叉确认。
成都信息工程大学,data/external/issue19-b0-b1-official-sources/cuit-2026-undergraduate-plan.html,official_static_html_table,2026,湖北,,,,,,080705,光电信息科学与工程,,2,,6240,航空港校区,物理+化学,专业名称；湖北计划数；学费；校区；选科,HTML大表未直接给出湖北院校专业组代码和组内调剂边界；需与第19期原页及湖北官方系统对齐。,来源页为高校招生官网留存页；若页面自身年份标记不完整，仍需以官网发布时间、湖北计划字段和省招办计划交叉确认。
成都信息工程大学,data/external/issue19-b0-b1-official-sources/cuit-2026-undergraduate-plan.html,official_static_html_table,2026,湖北,,,,,,080710,集成电路设计与集成系统,,2,,6240,航空港校区,物理+化学,专业名称；湖北计划数；学费；校区；选科,HTML大表未直接给出湖北院校专业组代码和组内调剂边界；需与第19期原页及湖北官方系统对齐。,来源页为高校招生官网留存页；若页面自身年份标记不完整，仍需以官网发布时间、湖北计划字段和省招办计划交叉确认。
成都信息工程大学,data/external/issue19-b0-b1-official-sources/cuit-2026-undergraduate-plan.html,official_static_html_table,2026,湖北,,,,,,080801,自动化,,2,,6240,航空港校区,物理+化学,专业名称；湖北计划数；学费；校区；选科,HTML大表未直接给出湖北院校专业组代码和组内调剂边界；需与第19期原页及湖北官方系统对齐。,来源页为高校招生官网留存页；若页面自身年份标记不完整，仍需以官网发布时间、湖北计划字段和省招办计划交叉确认。
成都信息工程大学,data/external/issue19-b0-b1-official-sources/cuit-2026-undergraduate-plan.html,official_static_html_table,2026,湖北,,,,,,080803,机器人工程,,1,,6240,航空港校区,物理+化学,专业名称；湖北计划数；学费；校区；选科,HTML大表未直接给出湖北院校专业组代码和组内调剂边界；需与第19期原页及湖北官方系统对齐。,来源页为高校招生官网留存页；若页面自身年份标记不完整，仍需以官网发布时间、湖北计划字段和省招办计划交叉确认。
成都信息工程大学,data/external/issue19-b0-b1-official-sources/cuit-2026-undergraduate-plan.html,official_static_html_table,2026,湖北,,,,,,071201,统计学,,2,,6240,龙泉校区,物理+化学,专业名称；湖北计划数；学费；校区；选科,HTML大表未直接给出湖北院校专业组代码和组内调剂边界；需与第19期原页及湖北官方系统对齐。,来源页为高校招生官网留存页；若页面自身年份标记不完整，仍需以官网发布时间、湖北计划字段和省招办计划交叉确认。
成都信息工程大学,data/external/issue19-b0-b1-official-sources/cuit-2026-undergraduate-plan.html,official_static_html_table,2026,湖北,,,,,,070101,数学与应用数学,,1,,6240,航空港校区,物理+化学,专业名称；湖北计划数；学费；校区；选科,HTML大表未直接给出湖北院校专业组代码和组内调剂边界；需与第19期原页及湖北官方系统对齐。,来源页为高校招生官网留存页；若页面自身年份标记不完整，仍需以官网发布时间、湖北计划字段和省招办计划交叉确认。
成都信息工程大学,data/external/issue19-b0-b1-official-sources/cuit-2026-undergraduate-plan.html,official_static_html_table,2026,湖北,,,,,,081201,测绘工程,,2,,6240,航空港校区,物理+化学,专业名称；湖北计划数；学费；校区；选科,HTML大表未直接给出湖北院校专业组代码和组内调剂边界；需与第19期原页及湖北官方系统对齐。,来源页为高校招生官网留存页；若页面自身年份标记不完整，仍需以官网发布时间、湖北计划字段和省招办计划交叉确认。
成都信息工程大学,data/external/issue19-b0-b1-official-sources/cuit-2026-undergraduate-plan.html,official_static_html_table,2026,湖北,,,,,,080902H,软件工程（中外合作办学）,,2,,55000,航空港校区,物理+化学,专业名称；湖北计划数；学费；校区；选科,HTML大表未直接给出湖北院校专业组代码和组内调剂边界；需与第19期原页及湖北官方系统对齐。,来源页为高校招生官网留存页；若页面自身年份标记不完整，仍需以官网发布时间、湖北计划字段和省招办计划交叉确认。
成都信息工程大学,data/external/issue19-b0-b1-official-sources/cuit-2026-undergraduate-plan.html,official_static_html_table,2026,湖北,,,,,,080901H,计算机科学与技术（中外合作办学）,,1,,76000,航空港校区,物理+化学,专业名称；湖北计划数；学费；校区；选科,HTML大表未直接给出湖北院校专业组代码和组内调剂边界；需与第19期原页及湖北官方系统对齐。,来源页为高校招生官网留存页；若页面自身年份标记不完整，仍需以官网发布时间、湖北计划字段和省招办计划交叉确认。
成都信息工程大学,data/external/issue19-b0-b1-official-sources/cuit-2026-undergraduate-plan.html,official_static_html_table,2026,湖北,,,,,,080701H,电子信息工程（中外合作办学）,,1,,76000,航空港校区,物理+化学,专业名称；湖北计划数；学费；校区；选科,HTML大表未直接给出湖北院校专业组代码和组内调剂边界；需与第19期原页及湖北官方系统对齐。,来源页为高校招生官网留存页；若页面自身年份标记不完整，仍需以官网发布时间、湖北计划字段和省招办计划交叉确认。
成都信息工程大学,data/external/issue19-b0-b1-official-sources/cuit-2026-undergraduate-plan.html,official_static_html_table,2026,湖北,,,,,,080204H,机械电子工程（中外合作办学）,,1,,76000,航空港校区,物理+化学,专业名称；湖北计划数；学费；校区；选科,HTML大表未直接给出湖北院校专业组代码和组内调剂边界；需与第19期原页及湖北官方系统对齐。,来源页为高校招生官网留存页；若页面自身年份标记不完整，仍需以官网发布时间、湖北计划字段和省招办计划交叉确认。
江汉大学,data/external/issue19-b0-b1-official-sources/jhun-2026-hubei-physics-normal-lqxx2.json,official_dynamic_api_json,2026,湖北,物理类,本科批,普通类,,1V,020301,金融学（CFA特许分析师）,除正常学费外，另外单独收取课程培训费10000元/年，高考外语单科成绩不得低于110分（满分150分），会计学（ACCA）和金融学（CFA）专业之间可互转，但不能转入其他专业。,11,四年,,校本部,,专业名称；专业代码；专业代号；计划数；学制；学费；校区；选科；专业组,以高校招生系统字段为准；若未给出专业组或字段为空，专业组边界仍需回到第19期原页及湖北官方系统核验。,官方招生系统API返回 nf=2026 且 sf=湖北。
江汉大学,data/external/issue19-b0-b1-official-sources/jhun-2026-hubei-physics-normal-lqxx2.json,official_dynamic_api_json,2026,湖北,物理类,本科批,普通类,,0T,080414,新能源材料与器件,,69,四年,,校本部,,专业名称；专业代码；专业代号；计划数；学制；学费；校区；选科；专业组,以高校招生系统字段为准；若未给出专业组或字段为空，专业组边界仍需回到第19期原页及湖北官方系统核验。,官方招生系统API返回 nf=2026 且 sf=湖北。
江汉大学,data/external/issue19-b0-b1-official-sources/jhun-2026-hubei-physics-normal-lqxx2.json,official_dynamic_api_json,2026,湖北,物理类,本科批,普通类,,18,090117,生物育种技术,,13,四年,,校本部,,专业名称；专业代码；专业代号；计划数；学制；学费；校区；选科；专业组,以高校招生系统字段为准；若未给出专业组或字段为空，专业组边界仍需回到第19期原页及湖北官方系统核验。,官方招生系统API返回 nf=2026 且 sf=湖北。
江汉大学,data/external/issue19-b0-b1-official-sources/jhun-2026-hubei-physics-normal-lqxx2.json,official_dynamic_api_json,2026,湖北,物理类,本科批,普通类,,1U,030302,社会工作,,9,四年,,校本部,,专业名称；专业代码；专业代号；计划数；学制；学费；校区；选科；专业组,以高校招生系统字段为准；若未给出专业组或字段为空，专业组边界仍需回到第19期原页及湖北官方系统核验。,官方招生系统API返回 nf=2026 且 sf=湖北。
江汉大学,data/external/issue19-b0-b1-official-sources/jhun-2026-hubei-physics-normal-lqxx2.json,official_dynamic_api_json,2026,湖北,物理类,本科批,普通类,,14,082502,环境工程（环境健康）,,38,四年,,校本部,,专业名称；专业代码；专业代号；计划数；学制；学费；校区；选科；专业组,以高校招生系统字段为准；若未给出专业组或字段为空，专业组边界仍需回到第19期原页及湖北官方系统核验。,官方招生系统API返回 nf=2026 且 sf=湖北。
江汉大学,data/external/issue19-b0-b1-official-sources/jhun-2026-hubei-physics-normal-lqxx2.json,official_dynamic_api_json,2026,湖北,物理类,本科批,普通类,,1A,100301,口腔医学,,36,五年,,校本部,,专业名称；专业代码；专业代号；计划数；学制；学费；校区；选科；专业组,以高校招生系统字段为准；若未给出专业组或字段为空，专业组边界仍需回到第19期原页及湖北官方系统核验。,官方招生系统API返回 nf=2026 且 sf=湖北。
江汉大学,data/external/issue19-b0-b1-official-sources/jhun-2026-hubei-physics-normal-lqxx2.json,official_dynamic_api_json,2026,湖北,物理类,本科批,普通类,,1P,080910,数据科学与大数据技术,,13,四年,,校本部,,专业名称；专业代码；专业代号；计划数；学制；学费；校区；选科；专业组,以高校招生系统字段为准；若未给出专业组或字段为空，专业组边界仍需回到第19期原页及湖北官方系统核验。,官方招生系统API返回 nf=2026 且 sf=湖北。
江汉大学,data/external/issue19-b0-b1-official-sources/jhun-2026-hubei-physics-normal-lqxx2.json,official_dynamic_api_json,2026,湖北,物理类,本科批,普通类,,0S,080407,高分子材料与工程,,59,四年,,校本部,,专业名称；专业代码；专业代号；计划数；学制；学费；校区；选科；专业组,以高校招生系统字段为准；若未给出专业组或字段为空，专业组边界仍需回到第19期原页及湖北官方系统核验。,官方招生系统API返回 nf=2026 且 sf=湖北。
江汉大学,data/external/issue19-b0-b1-official-sources/jhun-2026-hubei-physics-normal-lqxx2.json,official_dynamic_api_json,2026,湖北,物理类,本科批,普通类,,16,082802,城乡规划（数智城市）,,42,四年,,校本部,,专业名称；专业代码；专业代号；计划数；学制；学费；校区；选科；专业组,以高校招生系统字段为准；若未给出专业组或字段为空，专业组边界仍需回到第19期原页及湖北官方系统核验。,官方招生系统API返回 nf=2026 且 sf=湖北。
江汉大学,data/external/issue19-b0-b1-official-sources/jhun-2026-hubei-physics-normal-lqxx2.json,official_dynamic_api_json,2026,湖北,物理类,本科批,普通类,,0V,080717,人工智能,,20,四年,,校本部,,专业名称；专业代码；专业代号；计划数；学制；学费；校区；选科；专业组,以高校招生系统字段为准；若未给出专业组或字段为空，专业组边界仍需回到第19期原页及湖北官方系统核验。,官方招生系统API返回 nf=2026 且 sf=湖北。
江汉大学,data/external/issue19-b0-b1-official-sources/jhun-2026-hubei-physics-normal-lqxx2.json,official_dynamic_api_json,2026,湖北,物理类,本科批,普通类,,1W,120203,会计学（ACCA国际注册会计师）,除正常学费外，另外单独收取课程培训费12000元/年，高考外语单科成绩不得低于110分（满分150分），会计学（ACCA）和金融学（CFA）专业之间可互转，但不能转入其他专业。,50,四年,,校本部,,专业名称；专业代码；专业代号；计划数；学制；学费；校区；选科；专业组,以高校招生系统字段为准；若未给出专业组或字段为空，专业组边界仍需回到第19期原页及湖北官方系统核验。,官方招生系统API返回 nf=2026 且 sf=湖北。
江汉大学,data/external/issue19-b0-b1-official-sources/jhun-2026-hubei-physics-normal-lqxx2.json,official_dynamic_api_json,2026,湖北,物理类,本科批,普通类,,1L,040101,教育学（数智教育与教育服务）,,10,四年,,校本部,,专业名称；专业代码；专业代号；计划数；学制；学费；校区；选科；专业组,以高校招生系统字段为准；若未给出专业组或字段为空，专业组边界仍需回到第19期原页及湖北官方系统核验。,官方招生系统API返回 nf=2026 且 sf=湖北。
江汉大学,data/external/issue19-b0-b1-official-sources/jhun-2026-hubei-physics-normal-lqxx2.json,official_dynamic_api_json,2026,湖北,物理类,本科批,普通类,,1R,020301,金融学,,4,四年,,校本部,,专业名称；专业代码；专业代号；计划数；学制；学费；校区；选科；专业组,以高校招生系统字段为准；若未给出专业组或字段为空，专业组边界仍需回到第19期原页及湖北官方系统核验。,官方招生系统API返回 nf=2026 且 sf=湖北。
江汉大学,data/external/issue19-b0-b1-official-sources/jhun-2026-hubei-physics-normal-lqxx2.json,official_dynamic_api_json,2026,湖北,物理类,本科批,普通类,,13,082502,环境工程,,63,四年,,校本部,,专业名称；专业代码；专业代号；计划数；学制；学费；校区；选科；专业组,以高校招生系统字段为准；若未给出专业组或字段为空，专业组边界仍需回到第19期原页及湖北官方系统核验。,官方招生系统API返回 nf=2026 且 sf=湖北。
江汉大学,data/external/issue19-b0-b1-official-sources/jhun-2026-hubei-physics-normal-lqxx2.json,official_dynamic_api_json,2026,湖北,物理类,本科批,普通类,,1D,101003,医学影像技术,,49,四年,,校本部,,专业名称；专业代码；专业代号；计划数；学制；学费；校区；选科；专业组,以高校招生系统字段为准；若未给出专业组或字段为空，专业组边界仍需回到第19期原页及湖北官方系统核验。,官方招生系统API返回 nf=2026 且 sf=湖北。
江汉大学,data/external/issue19-b0-b1-official-sources/jhun-2026-hubei-physics-normal-lqxx2.json,official_dynamic_api_json,2026,湖北,物理类,本科批,普通类,,1G,120201,工商管理,,26,四年,,校本部,,专业名称；专业代码；专业代号；计划数；学制；学费；校区；选科；专业组,以高校招生系统字段为准；若未给出专业组或字段为空，专业组边界仍需回到第19期原页及湖北官方系统核验。,官方招生系统API返回 nf=2026 且 sf=湖北。
江汉大学,data/external/issue19-b0-b1-official-sources/jhun-2026-hubei-physics-normal-lqxx2.json,official_dynamic_api_json,2026,湖北,物理类,本科批,普通类,,15,082702,食品质量与安全,,65,四年,,校本部,,专业名称；专业代码；专业代号；计划数；学制；学费；校区；选科；专业组,以高校招生系统字段为准；若未给出专业组或字段为空，专业组边界仍需回到第19期原页及湖北官方系统核验。,官方招生系统API返回 nf=2026 且 sf=湖北。
江汉大学,data/external/issue19-b0-b1-official-sources/jhun-2026-hubei-physics-normal-lqxx2.json,official_dynamic_api_json,2026,湖北,物理类,本科批,普通类,,0Q,080213,智能制造工程（智慧能源装备）,,15,四年,,校本部,,专业名称；专业代码；专业代号；计划数；学制；学费；校区；选科；专业组,以高校招生系统字段为准；若未给出专业组或字段为空，专业组边界仍需回到第19期原页及湖北官方系统核验。,官方招生系统API返回 nf=2026 且 sf=湖北。
江汉大学,data/external/issue19-b0-b1-official-sources/jhun-2026-hubei-physics-normal-lqxx2.json,official_dynamic_api_json,2026,湖北,物理类,本科批,普通类,,0H,060101,历史学,,10,四年,,校本部,,专业名称；专业代码；专业代号；计划数；学制；学费；校区；选科；专业组,以高校招生系统字段为准；若未给出专业组或字段为空，专业组边界仍需回到第19期原页及湖北官方系统核验。,官方招生系统API返回 nf=2026 且 sf=湖北。
江汉大学,data/external/issue19-b0-b1-official-sources/jhun-2026-hubei-physics-normal-lqxx2.json,official_dynamic_api_json,2026,湖北,物理类,本科批,普通类,,0P,080213,智能制造工程,,46,四年,,校本部,,专业名称；专业代码；专业代号；计划数；学制；学费；校区；选科；专业组,以高校招生系统字段为准；若未给出专业组或字段为空，专业组边界仍需回到第19期原页及湖北官方系统核验。,官方招生系统API返回 nf=2026 且 sf=湖北。
江汉大学,data/external/issue19-b0-b1-official-sources/jhun-2026-hubei-physics-normal-lqxx2.json,official_dynamic_api_json,2026,湖北,物理类,本科批,普通类,,1B,100502,针灸推拿学,,10,五年,,校本部,,专业名称；专业代码；专业代号；计划数；学制；学费；校区；选科；专业组,以高校招生系统字段为准；若未给出专业组或字段为空，专业组边界仍需回到第19期原页及湖北官方系统核验。,官方招生系统API返回 nf=2026 且 sf=湖北。
江汉大学,data/external/issue19-b0-b1-official-sources/jhun-2026-hubei-physics-normal-lqxx2.json,official_dynamic_api_json,2026,湖北,物理类,本科批,普通类,,0J,070101,数学与应用数学,,29,四年,,校本部,,专业名称；专业代码；专业代号；计划数；学制；学费；校区；选科；专业组,以高校招生系统字段为准；若未给出专业组或字段为空，专业组边界仍需回到第19期原页及湖北官方系统核验。,官方招生系统API返回 nf=2026 且 sf=湖北。
江汉大学,data/external/issue19-b0-b1-official-sources/jhun-2026-hubei-physics-normal-lqxx2.json,official_dynamic_api_json,2026,湖北,物理类,本科批,普通类,,0L,071102,应用心理学,,23,四年,,校本部,,专业名称；专业代码；专业代号；计划数；学制；学费；校区；选科；专业组,以高校招生系统字段为准；若未给出专业组或字段为空，专业组边界仍需回到第19期原页及湖北官方系统核验。,官方招生系统API返回 nf=2026 且 sf=湖北。
江汉大学,data/external/issue19-b0-b1-official-sources/jhun-2026-hubei-physics-normal-lqxx2.json,official_dynamic_api_json,2026,湖北,物理类,本科批,普通类,,1C,100701,药学,,33,四年,,校本部,,专业名称；专业代码；专业代号；计划数；学制；学费；校区；选科；专业组,以高校招生系统字段为准；若未给出专业组或字段为空，专业组边界仍需回到第19期原页及湖北官方系统核验。,官方招生系统API返回 nf=2026 且 sf=湖北。
江汉大学,data/external/issue19-b0-b1-official-sources/jhun-2026-hubei-physics-normal-lqxx2.json,official_dynamic_api_json,2026,湖北,物理类,本科批,普通类,,0N,080203,材料成型及控制工程（模具数字设计）,,45,四年,,校本部,,专业名称；专业代码；专业代号；计划数；学制；学费；校区；选科；专业组,以高校招生系统字段为准；若未给出专业组或字段为空，专业组边界仍需回到第19期原页及湖北官方系统核验。,官方招生系统API返回 nf=2026 且 sf=湖北。
江汉大学,data/external/issue19-b0-b1-official-sources/jhun-2026-hubei-physics-normal-lqxx2.json,official_dynamic_api_json,2026,湖北,物理类,本科批,普通类,,17,082901,安全工程,,65,四年,,校本部,,专业名称；专业代码；专业代号；计划数；学制；学费；校区；选科；专业组,以高校招生系统字段为准；若未给出专业组或字段为空，专业组边界仍需回到第19期原页及湖北官方系统核验。,官方招生系统API返回 nf=2026 且 sf=湖北。
江汉大学,data/external/issue19-b0-b1-official-sources/jhun-2026-hubei-physics-normal-lqxx2.json,official_dynamic_api_json,2026,湖北,物理类,本科批,普通类,,0U,080701,电子信息工程,,20,四年,,校本部,,专业名称；专业代码；专业代号；计划数；学制；学费；校区；选科；专业组,以高校招生系统字段为准；若未给出专业组或字段为空，专业组边界仍需回到第19期原页及湖北官方系统核验。,官方招生系统API返回 nf=2026 且 sf=湖北。
江汉大学,data/external/issue19-b0-b1-official-sources/jhun-2026-hubei-physics-normal-lqxx2.json,official_dynamic_api_json,2026,湖北,物理类,本科批,普通类,,1H,120203,会计学,,19,四年,,校本部,,专业名称；专业代码；专业代号；计划数；学制；学费；校区；选科；专业组,以高校招生系统字段为准；若未给出专业组或字段为空，专业组边界仍需回到第19期原页及湖北官方系统核验。,官方招生系统API返回 nf=2026 且 sf=湖北。
江汉大学,data/external/issue19-b0-b1-official-sources/jhun-2026-hubei-physics-normal-lqxx2.json,official_dynamic_api_json,2026,湖北,物理类,本科批,普通类,,0B,050201,英语（英语教育）,要求高考外语单科成绩不得低于110分（满分150分）。,2,四年,,校本部,,专业名称；专业代码；专业代号；计划数；学制；学费；校区；选科；专业组,以高校招生系统字段为准；若未给出专业组或字段为空，专业组边界仍需回到第19期原页及湖北官方系统核验。,官方招生系统API返回 nf=2026 且 sf=湖北。
江汉大学,data/external/issue19-b0-b1-official-sources/jhun-2026-hubei-physics-normal-lqxx2.json,official_dynamic_api_json,2026,湖北,物理类,本科批,普通类,,0X,080801,自动化,,13,四年,,校本部,,专业名称；专业代码；专业代号；计划数；学制；学费；校区；选科；专业组,以高校招生系统字段为准；若未给出专业组或字段为空，专业组边界仍需回到第19期原页及湖北官方系统核验。,官方招生系统API返回 nf=2026 且 sf=湖北。
江汉大学,data/external/issue19-b0-b1-official-sources/jhun-2026-hubei-physics-normal-lqxx2.json,official_dynamic_api_json,2026,湖北,物理类,本科批,普通类,,1S,081301,化学工程与工艺,,45,四年,,校本部,,专业名称；专业代码；专业代号；计划数；学制；学费；校区；选科；专业组,以高校招生系统字段为准；若未给出专业组或字段为空，专业组边界仍需回到第19期原页及湖北官方系统核验。,官方招生系统API返回 nf=2026 且 sf=湖北。
江汉大学,data/external/issue19-b0-b1-official-sources/jhun-2026-hubei-physics-normal-lqxx2.json,official_dynamic_api_json,2026,湖北,物理类,本科批,普通类,,0R,080216,新能源汽车工程,,35,四年,,校本部,,专业名称；专业代码；专业代号；计划数；学制；学费；校区；选科；专业组,以高校招生系统字段为准；若未给出专业组或字段为空，专业组边界仍需回到第19期原页及湖北官方系统核验。,官方招生系统API返回 nf=2026 且 sf=湖北。
江汉大学,data/external/issue19-b0-b1-official-sources/jhun-2026-hubei-physics-normal-lqxx2.json,official_dynamic_api_json,2026,湖北,物理类,本科批,普通类,,1F,120108,大数据管理与应用,,18,四年,,校本部,,专业名称；专业代码；专业代号；计划数；学制；学费；校区；选科；专业组,以高校招生系统字段为准；若未给出专业组或字段为空，专业组边界仍需回到第19期原页及湖北官方系统核验。,官方招生系统API返回 nf=2026 且 sf=湖北。
江汉大学,data/external/issue19-b0-b1-official-sources/jhun-2026-hubei-physics-normal-lqxx2.json,official_dynamic_api_json,2026,湖北,物理类,本科批,普通类,,1X,030101,法学,,40,四年,,校本部,,专业名称；专业代码；专业代号；计划数；学制；学费；校区；选科；专业组,以高校招生系统字段为准；若未给出专业组或字段为空，专业组边界仍需回到第19期原页及湖北官方系统核验。,官方招生系统API返回 nf=2026 且 sf=湖北。
江汉大学,data/external/issue19-b0-b1-official-sources/jhun-2026-hubei-physics-normal-lqxx2.json,official_dynamic_api_json,2026,湖北,物理类,本科批,普通类,,0M,080202,机械设计制造及其自动化,,13,四年,,校本部,,专业名称；专业代码；专业代号；计划数；学制；学费；校区；选科；专业组,以高校招生系统字段为准；若未给出专业组或字段为空，专业组边界仍需回到第19期原页及湖北官方系统核验。,官方招生系统API返回 nf=2026 且 sf=湖北。
江汉大学,data/external/issue19-b0-b1-official-sources/jhun-2026-hubei-physics-normal-lqxx2.json,official_dynamic_api_json,2026,湖北,物理类,本科批,普通类,,0Y,080901,计算机科学与技术,,33,四年,,校本部,,专业名称；专业代码；专业代号；计划数；学制；学费；校区；选科；专业组,以高校招生系统字段为准；若未给出专业组或字段为空，专业组边界仍需回到第19期原页及湖北官方系统核验。,官方招生系统API返回 nf=2026 且 sf=湖北。
江汉大学,data/external/issue19-b0-b1-official-sources/jhun-2026-hubei-physics-normal-lqxx2.json,official_dynamic_api_json,2026,湖北,物理类,本科批,普通类,,1J,120402,行政管理（数智城市治理）,,17,四年,,校本部,,专业名称；专业代码；专业代号；计划数；学制；学费；校区；选科；专业组,以高校招生系统字段为准；若未给出专业组或字段为空，专业组边界仍需回到第19期原页及湖北官方系统核验。,官方招生系统API返回 nf=2026 且 sf=湖北。
江汉大学,data/external/issue19-b0-b1-official-sources/jhun-2026-hubei-physics-normal-lqxx2.json,official_dynamic_api_json,2026,湖北,物理类,本科批,普通类,,0G,050303,广告学（数字创意传播实验班）,,5,四年,,校本部,,专业名称；专业代码；专业代号；计划数；学制；学费；校区；选科；专业组,以高校招生系统字段为准；若未给出专业组或字段为空，专业组边界仍需回到第19期原页及湖北官方系统核验。,官方招生系统API返回 nf=2026 且 sf=湖北。
江汉大学,data/external/issue19-b0-b1-official-sources/jhun-2026-hubei-physics-normal-lqxx2.json,official_dynamic_api_json,2026,湖北,物理类,本科批,普通类,,1Y,020404,数字贸易,,7,四年,,校本部,,专业名称；专业代码；专业代号；计划数；学制；学费；校区；选科；专业组,以高校招生系统字段为准；若未给出专业组或字段为空，专业组边界仍需回到第19期原页及湖北官方系统核验。,官方招生系统API返回 nf=2026 且 sf=湖北。
江汉大学,data/external/issue19-b0-b1-official-sources/jhun-2026-hubei-physics-normal-lqxx2.json,official_dynamic_api_json,2026,湖北,物理类,本科批,普通类,,0E,050201,英语（涉外法治）,要求高考外语单科成绩不得低于110分（满分150分）。,2,四年,,校本部,,专业名称；专业代码；专业代号；计划数；学制；学费；校区；选科；专业组,以高校招生系统字段为准；若未给出专业组或字段为空，专业组边界仍需回到第19期原页及湖北官方系统核验。,官方招生系统API返回 nf=2026 且 sf=湖北。
江汉大学,data/external/issue19-b0-b1-official-sources/jhun-2026-hubei-physics-normal-lqxx2.json,official_dynamic_api_json,2026,湖北,物理类,本科批,普通类,,1E,101101,护理学,身高男生1.65米（含）以上、女生1.55米（含）以上。,44,四年,,校本部,,专业名称；专业代码；专业代号；计划数；学制；学费；校区；选科；专业组,以高校招生系统字段为准；若未给出专业组或字段为空，专业组边界仍需回到第19期原页及湖北官方系统核验。,官方招生系统API返回 nf=2026 且 sf=湖北。
江汉大学,data/external/issue19-b0-b1-official-sources/jhun-2026-hubei-physics-normal-lqxx2.json,official_dynamic_api_json,2026,湖北,物理类,本科批,普通类,,0K,071002,生物技术,,67,四年,,校本部,,专业名称；专业代码；专业代号；计划数；学制；学费；校区；选科；专业组,以高校招生系统字段为准；若未给出专业组或字段为空，专业组边界仍需回到第19期原页及湖北官方系统核验。,官方招生系统API返回 nf=2026 且 sf=湖北。
江汉大学,data/external/issue19-b0-b1-official-sources/jhun-2026-hubei-physics-normal-lqxx2.json,official_dynamic_api_json,2026,湖北,物理类,本科批,普通类,,0D,050201,英语（数智语言应用）,要求高考外语单科成绩不得低于110分（满分150分）。,2,四年,,校本部,,专业名称；专业代码；专业代号；计划数；学制；学费；校区；选科；专业组,以高校招生系统字段为准；若未给出专业组或字段为空，专业组边界仍需回到第19期原页及湖北官方系统核验。,官方招生系统API返回 nf=2026 且 sf=湖北。
江汉大学,data/external/issue19-b0-b1-official-sources/jhun-2026-hubei-physics-normal-lqxx2.json,official_dynamic_api_json,2026,湖北,物理类,本科批,普通类,,19,100201,临床医学,,136,五年,,校本部,,专业名称；专业代码；专业代号；计划数；学制；学费；校区；选科；专业组,以高校招生系统字段为准；若未给出专业组或字段为空，专业组边界仍需回到第19期原页及湖北官方系统核验。,官方招生系统API返回 nf=2026 且 sf=湖北。
江汉大学,data/external/issue19-b0-b1-official-sources/jhun-2026-hubei-physics-normal-lqxx2.json,official_dynamic_api_json,2026,湖北,物理类,本科批,普通类,,0C,050201,英语（英西复语）,要求高考外语单科成绩不得低于110分（满分150分）。,3,四年,,校本部,,专业名称；专业代码；专业代号；计划数；学制；学费；校区；选科；专业组,以高校招生系统字段为准；若未给出专业组或字段为空，专业组边界仍需回到第19期原页及湖北官方系统核验。,官方招生系统API返回 nf=2026 且 sf=湖北。
江汉大学,data/external/issue19-b0-b1-official-sources/jhun-2026-hubei-physics-normal-lqxx2.json,official_dynamic_api_json,2026,湖北,物理类,本科批,普通类,,0A,050101,汉语言文学,,10,四年,,校本部,,专业名称；专业代码；专业代号；计划数；学制；学费；校区；选科；专业组,以高校招生系统字段为准；若未给出专业组或字段为空，专业组边界仍需回到第19期原页及湖北官方系统核验。,官方招生系统API返回 nf=2026 且 sf=湖北。
江汉大学,data/external/issue19-b0-b1-official-sources/jhun-2026-hubei-physics-normal-lqxx2.json,official_dynamic_api_json,2026,湖北,物理类,本科批,普通类,,0F,050204,法语（法英复语）,要求高考外语单科成绩不得低于110分（满分150分）。,2,四年,,校本部,,专业名称；专业代码；专业代号；计划数；学制；学费；校区；选科；专业组,以高校招生系统字段为准；若未给出专业组或字段为空，专业组边界仍需回到第19期原页及湖北官方系统核验。,官方招生系统API返回 nf=2026 且 sf=湖北。
江汉大学,data/external/issue19-b0-b1-official-sources/jhun-2026-hubei-physics-normal-lqxx2.json,official_dynamic_api_json,2026,湖北,物理类,本科批,普通类,,0Z,080901,计算机科学与技术（智能与软件实验班）,,37,四年,,校本部,,专业名称；专业代码；专业代号；计划数；学制；学费；校区；选科；专业组,以高校招生系统字段为准；若未给出专业组或字段为空，专业组边界仍需回到第19期原页及湖北官方系统核验。,官方招生系统API返回 nf=2026 且 sf=湖北。
江汉大学,data/external/issue19-b0-b1-official-sources/jhun-2026-hubei-physics-normal-lqxx2.json,official_dynamic_api_json,2026,湖北,物理类,本科批,普通类,,2Q,081301,化学工程与工艺（精细爆破）,,20,四年,,校本部,,专业名称；专业代码；专业代号；计划数；学制；学费；校区；选科；专业组,以高校招生系统字段为准；若未给出专业组或字段为空，专业组边界仍需回到第19期原页及湖北官方系统核验。,官方招生系统API返回 nf=2026 且 sf=湖北。
江汉大学,data/external/issue19-b0-b1-official-sources/jhun-2026-hubei-physics-normal-lqxx2.json,official_dynamic_api_json,2026,湖北,物理类,本科批,普通类,,1T,080906,数字媒体技术,,25,四年,,校本部,,专业名称；专业代码；专业代号；计划数；学制；学费；校区；选科；专业组,以高校招生系统字段为准；若未给出专业组或字段为空，专业组边界仍需回到第19期原页及湖北官方系统核验。,官方招生系统API返回 nf=2026 且 sf=湖北。
江汉大学,data/external/issue19-b0-b1-official-sources/jhun-2026-hubei-physics-normal-lqxx2.json,official_dynamic_api_json,2026,湖北,物理类,本科批,普通类,,0W,080719,柔性电子学,,27,四年,,校本部,,专业名称；专业代码；专业代号；计划数；学制；学费；校区；选科；专业组,以高校招生系统字段为准；若未给出专业组或字段为空，专业组边界仍需回到第19期原页及湖北官方系统核验。,官方招生系统API返回 nf=2026 且 sf=湖北。
天津外国语大学,data/external/issue19-b0-b1-official-sources/tjfsu-2026-hubei-physics-normal-zsjh.json,official_dynamic_api_json,2026,湖北,物理,本科普通批,,,,,英语,"（中外合作办学）,（英语类）",1,,,,,专业名称；计划数；年份；省份；批次；科类,官方系统返回字段较少，不含学费、学制、选科、校区、专业代号、院校专业组代码。,官方招生系统API返回 year=2026 且 enrollmentUnit=湖北。
天津外国语大学,data/external/issue19-b0-b1-official-sources/tjfsu-2026-hubei-physics-normal-zsjh.json,official_dynamic_api_json,2026,湖北,物理,本科普通批,,,,,商务英语,"（中外合作办学）,（英语类）",1,,,,,专业名称；计划数；年份；省份；批次；科类,官方系统返回字段较少，不含学费、学制、选科、校区、专业代号、院校专业组代码。,官方招生系统API返回 year=2026 且 enrollmentUnit=湖北。
天津外国语大学,data/external/issue19-b0-b1-official-sources/tjfsu-2026-hubei-physics-normal-zsjh.json,official_dynamic_api_json,2026,湖北,物理,本科普通批,,,,,日语,"（中外合作办学）,（英语类）",1,,,,,专业名称；计划数；年份；省份；批次；科类,官方系统返回字段较少，不含学费、学制、选科、校区、专业代号、院校专业组代码。,官方招生系统API返回 year=2026 且 enrollmentUnit=湖北。
天津外国语大学,data/external/issue19-b0-b1-official-sources/tjfsu-2026-hubei-physics-normal-zsjh.json,official_dynamic_api_json,2026,湖北,物理,本科普通批,,,,,德语,"（中外合作办学）,（英语类）",1,,,,,专业名称；计划数；年份；省份；批次；科类,官方系统返回字段较少，不含学费、学制、选科、校区、专业代号、院校专业组代码。,官方招生系统API返回 year=2026 且 enrollmentUnit=湖北。
天津外国语大学,data/external/issue19-b0-b1-official-sources/tjfsu-2026-hubei-physics-normal-zsjh.json,official_dynamic_api_json,2026,湖北,物理,本科普通批,,,,,阿拉伯语,"（中外合作办学）,（英语类）",1,,,,,专业名称；计划数；年份；省份；批次；科类,官方系统返回字段较少，不含学费、学制、选科、校区、专业代号、院校专业组代码。,官方招生系统API返回 year=2026 且 enrollmentUnit=湖北。
天津外国语大学,data/external/issue19-b0-b1-official-sources/tjfsu-2026-hubei-physics-normal-zsjh.json,official_dynamic_api_json,2026,湖北,物理,本科普通批,,,,,泰语,"（中外合作办学）,（英语类）",1,,,,,专业名称；计划数；年份；省份；批次；科类,官方系统返回字段较少，不含学费、学制、选科、校区、专业代号、院校专业组代码。,官方招生系统API返回 year=2026 且 enrollmentUnit=湖北。
天津外国语大学,data/external/issue19-b0-b1-official-sources/tjfsu-2026-hubei-physics-normal-zsjh.json,official_dynamic_api_json,2026,湖北,物理,本科普通批,,,,,金融学,"（中外合作办学）,（英语类）",1,,,,,专业名称；计划数；年份；省份；批次；科类,官方系统返回字段较少，不含学费、学制、选科、校区、专业代号、院校专业组代码。,官方招生系统API返回 year=2026 且 enrollmentUnit=湖北。
天津外国语大学,data/external/issue19-b0-b1-official-sources/tjfsu-2026-hubei-physics-normal-zsjh.json,official_dynamic_api_json,2026,湖北,物理,本科普通批,,,,,财务管理,"（中外合作办学）,（英语类）",1,,,,,专业名称；计划数；年份；省份；批次；科类,官方系统返回字段较少，不含学费、学制、选科、校区、专业代号、院校专业组代码。,官方招生系统API返回 year=2026 且 enrollmentUnit=湖北。
天津外国语大学,data/external/issue19-b0-b1-official-sources/tjfsu-2026-hubei-physics-normal-zsjh.json,official_dynamic_api_json,2026,湖北,物理,本科普通批,,,,,新闻传播学类,"（中外合作办学）,（英语类）",1,,,,,专业名称；计划数；年份；省份；批次；科类,官方系统返回字段较少，不含学费、学制、选科、校区、专业代号、院校专业组代码。,官方招生系统API返回 year=2026 且 enrollmentUnit=湖北。
天津外国语大学,data/external/issue19-b0-b1-official-sources/tjfsu-2026-hubei-physics-normal-zsjh.json,official_dynamic_api_json,2026,湖北,物理,本科普通批,,,,,汉语国际教育,"（中外合作办学）,（英语类）",1,,,,,专业名称；计划数；年份；省份；批次；科类,官方系统返回字段较少，不含学费、学制、选科、校区、专业代号、院校专业组代码。,官方招生系统API返回 year=2026 且 enrollmentUnit=湖北。
天津外国语大学,data/external/issue19-b0-b1-official-sources/tjfsu-2026-hubei-physics-normal-zsjh.json,official_dynamic_api_json,2026,湖北,物理,本科普通批,,,,,数字经济,"（中外合作办学）,（英语类）",1,,,,,专业名称；计划数；年份；省份；批次；科类,官方系统返回字段较少，不含学费、学制、选科、校区、专业代号、院校专业组代码。,官方招生系统API返回 year=2026 且 enrollmentUnit=湖北。
天津外国语大学,data/external/issue19-b0-b1-official-sources/tjfsu-2026-hubei-physics-normal-zsjh.json,official_dynamic_api_json,2026,湖北,物理,本科普通批,,,,,大数据管理与应用,"（中外合作办学）,（英语类）",1,,,,,专业名称；计划数；年份；省份；批次；科类,官方系统返回字段较少，不含学费、学制、选科、校区、专业代号、院校专业组代码。,官方招生系统API返回 year=2026 且 enrollmentUnit=湖北。
天津外国语大学,data/external/issue19-b0-b1-official-sources/tjfsu-2026-hubei-physics-normal-zsjh.json,official_dynamic_api_json,2026,湖北,物理,本科普通批,,,,,教育技术学,"（中外合作办学）,（英语类）",1,,,,,专业名称；计划数；年份；省份；批次；科类,官方系统返回字段较少，不含学费、学制、选科、校区、专业代号、院校专业组代码。,官方招生系统API返回 year=2026 且 enrollmentUnit=湖北。
天津外国语大学,data/external/issue19-b0-b1-official-sources/tjfsu-2026-hubei-physics-normal-zsjh.json,official_dynamic_api_json,2026,湖北,物理,本科普通批,,,,,数字媒体技术,"（中外合作办学）,（英语类）",1,,,,,专业名称；计划数；年份；省份；批次；科类,官方系统返回字段较少，不含学费、学制、选科、校区、专业代号、院校专业组代码。,官方招生系统API返回 year=2026 且 enrollmentUnit=湖北。
西安财经大学,data/external/issue19-b0-b1-official-sources/xaufe-2026-hubei-physics-normal.json,official_dynamic_api_json,2026,湖北,理工/物理类,,普通类,,,,软件工程,智能软件,4,,,,,专业名称；专业代码；专业代号；计划数；学制；学费；校区；选科；专业组,以高校招生系统字段为准；若未给出专业组或字段为空，专业组边界仍需回到第19期原页及湖北官方系统核验。,官方招生系统API返回 nf=2026 且 sf=湖北。
西安财经大学,data/external/issue19-b0-b1-official-sources/xaufe-2026-hubei-physics-normal.json,official_dynamic_api_json,2026,湖北,理工/物理类,,普通类,,,,经济统计学,,4,,,,,专业名称；专业代码；专业代号；计划数；学制；学费；校区；选科；专业组,以高校招生系统字段为准；若未给出专业组或字段为空，专业组边界仍需回到第19期原页及湖北官方系统核验。,官方招生系统API返回 nf=2026 且 sf=湖北。
西安财经大学,data/external/issue19-b0-b1-official-sources/xaufe-2026-hubei-physics-normal.json,official_dynamic_api_json,2026,湖北,理工/物理类,,普通类,,,,金融学(中外合作办学),仅招收有此志愿考生,6,,,,,专业名称；专业代码；专业代号；计划数；学制；学费；校区；选科；专业组,以高校招生系统字段为准；若未给出专业组或字段为空，专业组边界仍需回到第19期原页及湖北官方系统核验。,官方招生系统API返回 nf=2026 且 sf=湖北。
西安财经大学,data/external/issue19-b0-b1-official-sources/xaufe-2026-hubei-physics-normal.json,official_dynamic_api_json,2026,湖北,理工/物理类,,普通类,,,,投资学,,2,,,,,专业名称；专业代码；专业代号；计划数；学制；学费；校区；选科；专业组,以高校招生系统字段为准；若未给出专业组或字段为空，专业组边界仍需回到第19期原页及湖北官方系统核验。,官方招生系统API返回 nf=2026 且 sf=湖北。
西安财经大学,data/external/issue19-b0-b1-official-sources/xaufe-2026-hubei-physics-normal.json,official_dynamic_api_json,2026,湖北,理工/物理类,,普通类,,,,统计学,,2,,,,,专业名称；专业代码；专业代号；计划数；学制；学费；校区；选科；专业组,以高校招生系统字段为准；若未给出专业组或字段为空，专业组边界仍需回到第19期原页及湖北官方系统核验。,官方招生系统API返回 nf=2026 且 sf=湖北。
西安财经大学,data/external/issue19-b0-b1-official-sources/xaufe-2026-hubei-physics-normal.json,official_dynamic_api_json,2026,湖北,理工/物理类,,普通类,,,,工程管理,,2,,,,,专业名称；专业代码；专业代号；计划数；学制；学费；校区；选科；专业组,以高校招生系统字段为准；若未给出专业组或字段为空，专业组边界仍需回到第19期原页及湖北官方系统核验。,官方招生系统API返回 nf=2026 且 sf=湖北。
西安财经大学,data/external/issue19-b0-b1-official-sources/xaufe-2026-hubei-physics-normal.json,official_dynamic_api_json,2026,湖北,理工/物理类,,普通类,,,,数据科学与大数据技术,,2,,,,,专业名称；专业代码；专业代号；计划数；学制；学费；校区；选科；专业组,以高校招生系统字段为准；若未给出专业组或字段为空，专业组边界仍需回到第19期原页及湖北官方系统核验。,官方招生系统API返回 nf=2026 且 sf=湖北。
西安财经大学,data/external/issue19-b0-b1-official-sources/xaufe-2026-hubei-physics-normal.json,official_dynamic_api_json,2026,湖北,理工/物理类,,普通类,,,,审计学,,2,,,,,专业名称；专业代码；专业代号；计划数；学制；学费；校区；选科；专业组,以高校招生系统字段为准；若未给出专业组或字段为空，专业组边界仍需回到第19期原页及湖北官方系统核验。,官方招生系统API返回 nf=2026 且 sf=湖北。
西安医学院,data/external/issue19-b0-b1-official-sources/xiyi-2026-hubei-physics-normal.json,official_dynamic_api_json,2026,湖北,物理类,本科批,普通类,,,101003,医学影像技术（ICC）,ICC,2,四年,36000,未央校区,"无首选科目要求；物理,化学(2门科目考生均须选考方可报考)",专业名称；专业代码；专业代号；计划数；学制；学费；校区；选科；专业组,以高校招生系统字段为准；若未给出专业组或字段为空，专业组边界仍需回到第19期原页及湖北官方系统核验。,官方招生系统API返回 nf=2026 且 sf=湖北。
西安医学院,data/external/issue19-b0-b1-official-sources/xiyi-2026-hubei-physics-normal.json,official_dynamic_api_json,2026,湖北,物理类,本科批,普通类,,,050201,英语,,1,四年,5000,未央校区,无首选科目要求；不提科目要求,专业名称；专业代码；专业代号；计划数；学制；学费；校区；选科；专业组,以高校招生系统字段为准；若未给出专业组或字段为空，专业组边界仍需回到第19期原页及湖北官方系统核验。,官方招生系统API返回 nf=2026 且 sf=湖北。
西安医学院,data/external/issue19-b0-b1-official-sources/xiyi-2026-hubei-physics-normal.json,official_dynamic_api_json,2026,湖北,物理类,本科批,普通类,,,100401,预防医学,,2,五年,6500,未央校区,"无首选科目要求；物理,化学(2门科目考生均须选考方可报考)",专业名称；专业代码；专业代号；计划数；学制；学费；校区；选科；专业组,以高校招生系统字段为准；若未给出专业组或字段为空，专业组边界仍需回到第19期原页及湖北官方系统核验。,官方招生系统API返回 nf=2026 且 sf=湖北。
西安医学院,data/external/issue19-b0-b1-official-sources/xiyi-2026-hubei-physics-normal.json,official_dynamic_api_json,2026,湖北,物理类,本科批,普通类,,,101101,护理学,,3,四年,6500,未央校区,无首选科目要求；生物(1门科目考生必须选考方可报考),专业名称；专业代码；专业代号；计划数；学制；学费；校区；选科；专业组,以高校招生系统字段为准；若未给出专业组或字段为空，专业组边界仍需回到第19期原页及湖北官方系统核验。,官方招生系统API返回 nf=2026 且 sf=湖北。
西安医学院,data/external/issue19-b0-b1-official-sources/xiyi-2026-hubei-physics-normal.json,official_dynamic_api_json,2026,湖北,物理类,本科批,普通类,,,100701,药学（ICC）,ICC,2,四年,36000,未央校区,"无首选科目要求；物理,化学(2门科目考生均须选考方可报考)",专业名称；专业代码；专业代号；计划数；学制；学费；校区；选科；专业组,以高校招生系统字段为准；若未给出专业组或字段为空，专业组边界仍需回到第19期原页及湖北官方系统核验。,官方招生系统API返回 nf=2026 且 sf=湖北。
西安邮电大学,data/external/issue19-b0-b1-official-sources/xupt-2026-hubei-physics-normal.json,official_dynamic_api_json,2026,湖北,物理类,本科普通批,普通类,01,A5,,通信工程,,2,,,,18418；物理+化学,专业名称；专业代码；专业代号；计划数；学制；学费；校区；选科；专业组,以高校招生系统字段为准；若未给出专业组或字段为空，专业组边界仍需回到第19期原页及湖北官方系统核验。,官方招生系统API返回 nf=2026 且 sf=湖北。
西安邮电大学,data/external/issue19-b0-b1-official-sources/xupt-2026-hubei-physics-normal.json,official_dynamic_api_json,2026,湖北,物理类,本科普通批,普通类,01,D6,,新能源材料与器件,,1,,,,21489；物理+化学,专业名称；专业代码；专业代号；计划数；学制；学费；校区；选科；专业组,以高校招生系统字段为准；若未给出专业组或字段为空，专业组边界仍需回到第19期原页及湖北官方系统核验。,官方招生系统API返回 nf=2026 且 sf=湖北。
西安邮电大学,data/external/issue19-b0-b1-official-sources/xupt-2026-hubei-physics-normal.json,official_dynamic_api_json,2026,湖北,物理类,本科普通批,普通类,01,D3,,信息对抗技术,,2,,,,17446；物理+化学,专业名称；专业代码；专业代号；计划数；学制；学费；校区；选科；专业组,以高校招生系统字段为准；若未给出专业组或字段为空，专业组边界仍需回到第19期原页及湖北官方系统核验。,官方招生系统API返回 nf=2026 且 sf=湖北。
西安邮电大学,data/external/issue19-b0-b1-official-sources/xupt-2026-hubei-physics-normal.json,official_dynamic_api_json,2026,湖北,物理类,本科普通批,普通类,01,C7,,电气工程及其自动化,,2,,,,20901；物理+化学,专业名称；专业代码；专业代号；计划数；学制；学费；校区；选科；专业组,以高校招生系统字段为准；若未给出专业组或字段为空，专业组边界仍需回到第19期原页及湖北官方系统核验。,官方招生系统API返回 nf=2026 且 sf=湖北。
西安邮电大学,data/external/issue19-b0-b1-official-sources/xupt-2026-hubei-physics-normal.json,official_dynamic_api_json,2026,湖北,物理类,本科普通批,普通类,01,D9,,邮政工程,,1,,,,22070；物理+化学,专业名称；专业代码；专业代号；计划数；学制；学费；校区；选科；专业组,以高校招生系统字段为准；若未给出专业组或字段为空，专业组边界仍需回到第19期原页及湖北官方系统核验。,官方招生系统API返回 nf=2026 且 sf=湖北。
西安邮电大学,data/external/issue19-b0-b1-official-sources/xupt-2026-hubei-physics-normal.json,official_dynamic_api_json,2026,湖北,物理类,本科普通批,普通类,01,B8,,软件工程,,3,,,,18888；物理+化学,专业名称；专业代码；专业代号；计划数；学制；学费；校区；选科；专业组,以高校招生系统字段为准；若未给出专业组或字段为空，专业组边界仍需回到第19期原页及湖北官方系统核验。,官方招生系统API返回 nf=2026 且 sf=湖北。
西安邮电大学,data/external/issue19-b0-b1-official-sources/xupt-2026-hubei-physics-normal.json,official_dynamic_api_json,2026,湖北,物理类,本科普通批,普通类,01,B5,,电子科学与技术,,4,,,,18888；物理+化学,专业名称；专业代码；专业代号；计划数；学制；学费；校区；选科；专业组,以高校招生系统字段为准；若未给出专业组或字段为空，专业组边界仍需回到第19期原页及湖北官方系统核验。,官方招生系统API返回 nf=2026 且 sf=湖北。
西安邮电大学,data/external/issue19-b0-b1-official-sources/xupt-2026-hubei-physics-normal.json,official_dynamic_api_json,2026,湖北,物理类,本科普通批,普通类,01,A1,,计算机科学与技术,,1,,,,18418；物理+化学,专业名称；专业代码；专业代号；计划数；学制；学费；校区；选科；专业组,以高校招生系统字段为准；若未给出专业组或字段为空，专业组边界仍需回到第19期原页及湖北官方系统核验。,官方招生系统API返回 nf=2026 且 sf=湖北。
西安邮电大学,data/external/issue19-b0-b1-official-sources/xupt-2026-hubei-physics-normal.json,official_dynamic_api_json,2026,湖北,物理类,本科普通批,普通类,01,A7,,电信工程及管理,,1,,,,20901；物理+化学,专业名称；专业代码；专业代号；计划数；学制；学费；校区；选科；专业组,以高校招生系统字段为准；若未给出专业组或字段为空，专业组边界仍需回到第19期原页及湖北官方系统核验。,官方招生系统API返回 nf=2026 且 sf=湖北。
西安邮电大学,data/external/issue19-b0-b1-official-sources/xupt-2026-hubei-physics-normal.json,official_dynamic_api_json,2026,湖北,物理类,本科普通批,普通类,01,C9,,信息安全,,2,,,,/；物理+化学,专业名称；专业代码；专业代号；计划数；学制；学费；校区；选科；专业组,以高校招生系统字段为准；若未给出专业组或字段为空，专业组边界仍需回到第19期原页及湖北官方系统核验。,官方招生系统API返回 nf=2026 且 sf=湖北。
西安邮电大学,data/external/issue19-b0-b1-official-sources/xupt-2026-hubei-physics-normal.json,official_dynamic_api_json,2026,湖北,物理类,本科普通批,普通类,01,B1,,集成电路设计与集成系统,,3,,,,/；物理+化学,专业名称；专业代码；专业代号；计划数；学制；学费；校区；选科；专业组,以高校招生系统字段为准；若未给出专业组或字段为空，专业组边界仍需回到第19期原页及湖北官方系统核验。,官方招生系统API返回 nf=2026 且 sf=湖北。
西安邮电大学,data/external/issue19-b0-b1-official-sources/xupt-2026-hubei-physics-normal.json,official_dynamic_api_json,2026,湖北,物理类,本科普通批,普通类,01,D2,,密码科学与技术,,1,,,,20901；物理+化学,专业名称；专业代码；专业代号；计划数；学制；学费；校区；选科；专业组,以高校招生系统字段为准；若未给出专业组或字段为空，专业组边界仍需回到第19期原页及湖北官方系统核验。,官方招生系统API返回 nf=2026 且 sf=湖北。
西安邮电大学,data/external/issue19-b0-b1-official-sources/xupt-2026-hubei-physics-normal.json,official_dynamic_api_json,2026,湖北,物理类,本科普通批,普通类,01,B7,,电磁场与无线技术,,2,,,,/；物理+化学,专业名称；专业代码；专业代号；计划数；学制；学费；校区；选科；专业组,以高校招生系统字段为准；若未给出专业组或字段为空，专业组边界仍需回到第19期原页及湖北官方系统核验。,官方招生系统API返回 nf=2026 且 sf=湖北。
西安邮电大学,data/external/issue19-b0-b1-official-sources/xupt-2026-hubei-physics-normal.json,official_dynamic_api_json,2026,湖北,物理类,本科普通批,普通类,01,D1,,网络空间安全,,2,,,,/；物理+化学,专业名称；专业代码；专业代号；计划数；学制；学费；校区；选科；专业组,以高校招生系统字段为准；若未给出专业组或字段为空，专业组边界仍需回到第19期原页及湖北官方系统核验。,官方招生系统API返回 nf=2026 且 sf=湖北。
西安邮电大学,data/external/issue19-b0-b1-official-sources/xupt-2026-hubei-physics-normal.json,official_dynamic_api_json,2026,湖北,物理类,本科普通批,普通类,01,B2,,微电子科学与工程,,2,,,,/；物理+化学,专业名称；专业代码；专业代号；计划数；学制；学费；校区；选科；专业组,以高校招生系统字段为准；若未给出专业组或字段为空，专业组边界仍需回到第19期原页及湖北官方系统核验。,官方招生系统API返回 nf=2026 且 sf=湖北。
西安邮电大学,data/external/issue19-b0-b1-official-sources/xupt-2026-hubei-physics-normal.json,official_dynamic_api_json,2026,湖北,物理类,本科普通批,普通类,01,B9,,网络工程,,2,,,,/；物理+化学,专业名称；专业代码；专业代号；计划数；学制；学费；校区；选科；专业组,以高校招生系统字段为准；若未给出专业组或字段为空，专业组边界仍需回到第19期原页及湖北官方系统核验。,官方招生系统API返回 nf=2026 且 sf=湖北。
西安邮电大学,data/external/issue19-b0-b1-official-sources/xupt-2026-hubei-physics-normal.json,official_dynamic_api_json,2026,湖北,物理类,本科普通批,普通类,01,C1,,数据科学与大数据技术,,1,,,,19885；物理+化学,专业名称；专业代码；专业代号；计划数；学制；学费；校区；选科；专业组,以高校招生系统字段为准；若未给出专业组或字段为空，专业组边界仍需回到第19期原页及湖北官方系统核验。,官方招生系统API返回 nf=2026 且 sf=湖北。
西安邮电大学,data/external/issue19-b0-b1-official-sources/xupt-2026-hubei-physics-normal.json,official_dynamic_api_json,2026,湖北,物理类,本科普通批,普通类,01,B3,,电子信息工程,,4,,,,17921；物理+化学,专业名称；专业代码；专业代号；计划数；学制；学费；校区；选科；专业组,以高校招生系统字段为准；若未给出专业组或字段为空，专业组边界仍需回到第19期原页及湖北官方系统核验。,官方招生系统API返回 nf=2026 且 sf=湖北。
西安邮电大学,data/external/issue19-b0-b1-official-sources/xupt-2026-hubei-physics-normal.json,official_dynamic_api_json,2026,湖北,物理类,本科普通批,普通类,01,C2,,数字媒体技术,,2,,,,21489；物理+化学,专业名称；专业代码；专业代号；计划数；学制；学费；校区；选科；专业组,以高校招生系统字段为准；若未给出专业组或字段为空，专业组边界仍需回到第19期原页及湖北官方系统核验。,官方招生系统API返回 nf=2026 且 sf=湖北。
西安邮电大学,data/external/issue19-b0-b1-official-sources/xupt-2026-hubei-physics-normal.json,official_dynamic_api_json,2026,湖北,物理类,本科普通批,普通类,02,E2,,大数据管理与应用,,1,,,,23725；物理,专业名称；专业代码；专业代号；计划数；学制；学费；校区；选科；专业组,以高校招生系统字段为准；若未给出专业组或字段为空，专业组边界仍需回到第19期原页及湖北官方系统核验。,官方招生系统API返回 nf=2026 且 sf=湖北。
西安邮电大学,data/external/issue19-b0-b1-official-sources/xupt-2026-hubei-physics-normal.json,official_dynamic_api_json,2026,湖北,物理类,本科普通批,普通类,02,E1,,数字经济,,1,,,,23168；物理,专业名称；专业代码；专业代号；计划数；学制；学费；校区；选科；专业组,以高校招生系统字段为准；若未给出专业组或字段为空，专业组边界仍需回到第19期原页及湖北官方系统核验。,官方招生系统API返回 nf=2026 且 sf=湖北。
西安邮电大学,data/external/issue19-b0-b1-official-sources/xupt-2026-hubei-physics-normal.json,official_dynamic_api_json,2026,湖北,物理类,本科普通批,普通类,02,E5,,邮政管理,,1,,,,/；物理,专业名称；专业代码；专业代号；计划数；学制；学费；校区；选科；专业组,以高校招生系统字段为准；若未给出专业组或字段为空，专业组边界仍需回到第19期原页及湖北官方系统核验。,官方招生系统API返回 nf=2026 且 sf=湖北。
西安邮电大学,data/external/issue19-b0-b1-official-sources/xupt-2026-hubei-physics-sino.json,official_dynamic_api_json,2026,湖北,物理类,本科普通批,中外合作,05,H3,,智能科学与技术(中外合作办学),4+0模式,2,,,,27750；物理+化学,专业名称；专业代码；专业代号；计划数；学制；学费；校区；选科；专业组,以高校招生系统字段为准；若未给出专业组或字段为空，专业组边界仍需回到第19期原页及湖北官方系统核验。,官方招生系统API返回 nf=2026 且 sf=湖北。
西安邮电大学,data/external/issue19-b0-b1-official-sources/xupt-2026-hubei-physics-sino.json,official_dynamic_api_json,2026,湖北,物理类,本科普通批,中外合作,06,H9,,信息工程(中外合作办学),4+0模式,4,,,,/；物理+化学,专业名称；专业代码；专业代号；计划数；学制；学费；校区；选科；专业组,以高校招生系统字段为准；若未给出专业组或字段为空，专业组边界仍需回到第19期原页及湖北官方系统核验。,官方招生系统API返回 nf=2026 且 sf=湖北。
西安邮电大学,data/external/issue19-b0-b1-official-sources/xupt-2026-hubei-physics-sino.json,official_dynamic_api_json,2026,湖北,物理类,本科普通批,中外合作,04,H1,,电子信息工程(中外合作办学),4+0模式,2,,,,25417；物理+化学,专业名称；专业代码；专业代号；计划数；学制；学费；校区；选科；专业组,以高校招生系统字段为准；若未给出专业组或字段为空，专业组边界仍需回到第19期原页及湖北官方系统核验。,官方招生系统API返回 nf=2026 且 sf=湖北。
喀什大学,data/external/issue19-b0-b1-official-sources/ksu-2026-undergraduate-plan.xlsx,official_attachment_xlsx_province_table,2026,湖北,,,,,,,历史学,人文学院,3,,,,,专业名称；湖北计划数；学院,附件按省份列计划，未拆湖北物理/历史/艺术类别，未给学费、学制、选科、校区、专业代号、院校专业组边界。,官网页面标题和附件文件名均为2026年普通本科招生专业与计划。
喀什大学,data/external/issue19-b0-b1-official-sources/ksu-2026-undergraduate-plan.xlsx,official_attachment_xlsx_province_table,2026,湖北,,,,,,,土木工程,土木工程学院,2,,,,,专业名称；湖北计划数；学院,附件按省份列计划，未拆湖北物理/历史/艺术类别，未给学费、学制、选科、校区、专业代号、院校专业组边界。,官网页面标题和附件文件名均为2026年普通本科招生专业与计划。
喀什大学,data/external/issue19-b0-b1-official-sources/ksu-2026-undergraduate-plan.xlsx,official_attachment_xlsx_province_table,2026,湖北,,,,,,,思想政治教育,马克思主义学院,4,,,,,专业名称；湖北计划数；学院,附件按省份列计划，未拆湖北物理/历史/艺术类别，未给学费、学制、选科、校区、专业代号、院校专业组边界。,官网页面标题和附件文件名均为2026年普通本科招生专业与计划。
喀什大学,data/external/issue19-b0-b1-official-sources/ksu-2026-undergraduate-plan.xlsx,official_attachment_xlsx_province_table,2026,湖北,,,,,,,化学,化学与环境科学学院,2,,,,,专业名称；湖北计划数；学院,附件按省份列计划，未拆湖北物理/历史/艺术类别，未给学费、学制、选科、校区、专业代号、院校专业组边界。,官网页面标题和附件文件名均为2026年普通本科招生专业与计划。
喀什大学,data/external/issue19-b0-b1-official-sources/ksu-2026-undergraduate-plan.xlsx,official_attachment_xlsx_province_table,2026,湖北,,,,,,,环境科学与工程,化学与环境科学学院,3,,,,,专业名称；湖北计划数；学院,附件按省份列计划，未拆湖北物理/历史/艺术类别，未给学费、学制、选科、校区、专业代号、院校专业组边界。,官网页面标题和附件文件名均为2026年普通本科招生专业与计划。
喀什大学,data/external/issue19-b0-b1-official-sources/ksu-2026-undergraduate-plan.xlsx,official_attachment_xlsx_province_table,2026,湖北,,,,,,,网络工程,计算机科学与技术学院,2,,,,,专业名称；湖北计划数；学院,附件按省份列计划，未拆湖北物理/历史/艺术类别，未给学费、学制、选科、校区、专业代号、院校专业组边界。,官网页面标题和附件文件名均为2026年普通本科招生专业与计划。
喀什大学,data/external/issue19-b0-b1-official-sources/ksu-2026-undergraduate-plan.xlsx,official_attachment_xlsx_province_table,2026,湖北,,,,,,,数字媒体技术,计算机科学与技术学院,2,,,,,专业名称；湖北计划数；学院,附件按省份列计划，未拆湖北物理/历史/艺术类别，未给学费、学制、选科、校区、专业代号、院校专业组边界。,官网页面标题和附件文件名均为2026年普通本科招生专业与计划。
喀什大学,data/external/issue19-b0-b1-official-sources/ksu-2026-undergraduate-plan.xlsx,official_attachment_xlsx_province_table,2026,湖北,,,,,,,电子信息科学与技术,电子与通信工程学院,2,,,,,专业名称；湖北计划数；学院,附件按省份列计划，未拆湖北物理/历史/艺术类别，未给学费、学制、选科、校区、专业代号、院校专业组边界。,官网页面标题和附件文件名均为2026年普通本科招生专业与计划。
喀什大学,data/external/issue19-b0-b1-official-sources/ksu-2026-undergraduate-plan.xlsx,official_attachment_xlsx_province_table,2026,湖北,,,,,,,通信工程,电子与通信工程学院,2,,,,,专业名称；湖北计划数；学院,附件按省份列计划，未拆湖北物理/历史/艺术类别，未给学费、学制、选科、校区、专业代号、院校专业组边界。,官网页面标题和附件文件名均为2026年普通本科招生专业与计划。
喀什大学,data/external/issue19-b0-b1-official-sources/ksu-2026-undergraduate-plan.xlsx,official_attachment_xlsx_province_table,2026,湖北,,,,,,,生物科学,生命与地理科学学院,2,,,,,专业名称；湖北计划数；学院,附件按省份列计划，未拆湖北物理/历史/艺术类别，未给学费、学制、选科、校区、专业代号、院校专业组边界。,官网页面标题和附件文件名均为2026年普通本科招生专业与计划。
喀什大学,data/external/issue19-b0-b1-official-sources/ksu-2026-undergraduate-plan.xlsx,official_attachment_xlsx_province_table,2026,湖北,,,,,,,食品科学与工程,生命与地理科学学院,2,,,,,专业名称；湖北计划数；学院,附件按省份列计划，未拆湖北物理/历史/艺术类别，未给学费、学制、选科、校区、专业代号、院校专业组边界。,官网页面标题和附件文件名均为2026年普通本科招生专业与计划。
喀什大学,data/external/issue19-b0-b1-official-sources/ksu-2026-undergraduate-plan.xlsx,official_attachment_xlsx_province_table,2026,湖北,,,,,,,翻译,外国语学院,2,,,,,专业名称；湖北计划数；学院,附件按省份列计划，未拆湖北物理/历史/艺术类别，未给学费、学制、选科、校区、专业代号、院校专业组边界。,官网页面标题和附件文件名均为2026年普通本科招生专业与计划。
喀什大学,data/external/issue19-b0-b1-official-sources/ksu-2026-undergraduate-plan.xlsx,official_attachment_xlsx_province_table,2026,湖北,,,,,,,交通工程,交通学院,2,,,,,专业名称；湖北计划数；学院,附件按省份列计划，未拆湖北物理/历史/艺术类别，未给学费、学制、选科、校区、专业代号、院校专业组边界。,官网页面标题和附件文件名均为2026年普通本科招生专业与计划。
喀什大学,data/external/issue19-b0-b1-official-sources/ksu-2026-undergraduate-plan.xlsx,official_attachment_xlsx_province_table,2026,湖北,,,,,,,道路桥梁与渡河工程,交通学院,2,,,,,专业名称；湖北计划数；学院,附件按省份列计划，未拆湖北物理/历史/艺术类别，未给学费、学制、选科、校区、专业代号、院校专业组边界。,官网页面标题和附件文件名均为2026年普通本科招生专业与计划。
喀什大学,data/external/issue19-b0-b1-official-sources/ksu-2026-undergraduate-plan.xlsx,official_attachment_xlsx_province_table,2026,湖北,,,,,,,艺术设计学,设计学院,4,,,,,专业名称；湖北计划数；学院,附件按省份列计划，未拆湖北物理/历史/艺术类别，未给学费、学制、选科、校区、专业代号、院校专业组边界。,官网页面标题和附件文件名均为2026年普通本科招生专业与计划。
喀什大学,data/external/issue19-b0-b1-official-sources/ksu-2026-undergraduate-plan.xlsx,official_attachment_xlsx_province_table,2026,湖北,,,,,,,环境设计,设计学院,4,,,,,专业名称；湖北计划数；学院,附件按省份列计划，未拆湖北物理/历史/艺术类别，未给学费、学制、选科、校区、专业代号、院校专业组边界。,官网页面标题和附件文件名均为2026年普通本科招生专业与计划。
喀什大学,data/external/issue19-b0-b1-official-sources/ksu-2026-undergraduate-plan.xlsx,official_attachment_xlsx_province_table,2026,湖北,,,,,,,产品设计,设计学院,3,,,,,专业名称；湖北计划数；学院,附件按省份列计划，未拆湖北物理/历史/艺术类别，未给学费、学制、选科、校区、专业代号、院校专业组边界。,官网页面标题和附件文件名均为2026年普通本科招生专业与计划。
喀什大学,data/external/issue19-b0-b1-official-sources/ksu-2026-undergraduate-plan.xlsx,official_attachment_xlsx_province_table,2026,湖北,,,,,,,护理学,医学院,2,,,,,专业名称；湖北计划数；学院,附件按省份列计划，未拆湖北物理/历史/艺术类别，未给学费、学制、选科、校区、专业代号、院校专业组边界。,官网页面标题和附件文件名均为2026年普通本科招生专业与计划。
喀什大学,data/external/issue19-b0-b1-official-sources/ksu-2026-undergraduate-plan.xlsx,official_attachment_xlsx_province_table,2026,湖北,,,,,,,预防医学,医学院,2,,,,,专业名称；湖北计划数；学院,附件按省份列计划，未拆湖北物理/历史/艺术类别，未给学费、学制、选科、校区、专业代号、院校专业组边界。,官网页面标题和附件文件名均为2026年普通本科招生专业与计划。
喀什大学,data/external/issue19-b0-b1-official-sources/ksu-2026-undergraduate-plan.xlsx,official_attachment_xlsx_province_table,2026,湖北,,,,,,,卫生检验与检疫,医学院,2,,,,,专业名称；湖北计划数；学院,附件按省份列计划，未拆湖北物理/历史/艺术类别，未给学费、学制、选科、校区、专业代号、院校专业组边界。,官网页面标题和附件文件名均为2026年普通本科招生专业与计划。
喀什大学,data/external/issue19-b0-b1-official-sources/ksu-2026-undergraduate-plan.xlsx,official_attachment_xlsx_province_table,2026,湖北,,,,,,,设施农业科学与工程,现代农学院,2,,,,,专业名称；湖北计划数；学院,附件按省份列计划，未拆湖北物理/历史/艺术类别，未给学费、学制、选科、校区、专业代号、院校专业组边界。,官网页面标题和附件文件名均为2026年普通本科招生专业与计划。
喀什大学,data/external/issue19-b0-b1-official-sources/ksu-2026-undergraduate-plan.xlsx,official_attachment_xlsx_province_table,2026,湖北,,,,,,,物理学,物理与电气工程学院,2,,,,,专业名称；湖北计划数；学院,附件按省份列计划，未拆湖北物理/历史/艺术类别，未给学费、学制、选科、校区、专业代号、院校专业组边界。,官网页面标题和附件文件名均为2026年普通本科招生专业与计划。
喀什大学,data/external/issue19-b0-b1-official-sources/ksu-2026-undergraduate-plan.xlsx,official_attachment_xlsx_province_table,2026,湖北,,,,,,,电气工程及其自动化,物理与电气工程学院,2,,,,,专业名称；湖北计划数；学院,附件按省份列计划，未拆湖北物理/历史/艺术类别，未给学费、学制、选科、校区、专业代号、院校专业组边界。,官网页面标题和附件文件名均为2026年普通本科招生专业与计划。
喀什大学,data/external/issue19-b0-b1-official-sources/ksu-2026-undergraduate-plan.xlsx,official_attachment_xlsx_province_table,2026,湖北,,,,,,,建筑学,建筑学院,2,,,,,专业名称；湖北计划数；学院,附件按省份列计划，未拆湖北物理/历史/艺术类别，未给学费、学制、选科、校区、专业代号、院校专业组边界。,官网页面标题和附件文件名均为2026年普通本科招生专业与计划。
喀什大学,data/external/issue19-b0-b1-official-sources/ksu-2026-undergraduate-plan.xlsx,official_attachment_xlsx_province_table,2026,湖北,,,,,,,财务管理,经济与管理学院,2,,,,,专业名称；湖北计划数；学院,附件按省份列计划，未拆湖北物理/历史/艺术类别，未给学费、学制、选科、校区、专业代号、院校专业组边界。,官网页面标题和附件文件名均为2026年普通本科招生专业与计划。
喀什大学,data/external/issue19-b0-b1-official-sources/ksu-2026-undergraduate-plan.xlsx,official_attachment_xlsx_province_table,2026,湖北,,,,,,,音乐学,音乐与舞蹈学院,10,,,,,专业名称；湖北计划数；学院,附件按省份列计划，未拆湖北物理/历史/艺术类别，未给学费、学制、选科、校区、专业代号、院校专业组边界。,官网页面标题和附件文件名均为2026年普通本科招生专业与计划。
喀什大学,data/external/issue19-b0-b1-official-sources/ksu-2026-undergraduate-plan.xlsx,official_attachment_xlsx_province_table,2026,湖北,,,,,,,舞蹈表演,音乐与舞蹈学院,4,,,,,专业名称；湖北计划数；学院,附件按省份列计划，未拆湖北物理/历史/艺术类别，未给学费、学制、选科、校区、专业代号、院校专业组边界。,官网页面标题和附件文件名均为2026年普通本科招生专业与计划。
喀什大学,data/external/issue19-b0-b1-official-sources/ksu-2026-undergraduate-plan.xlsx,official_attachment_xlsx_province_table,2026,湖北,,,,,,,美术学,美术学院,7,,,,,专业名称；湖北计划数；学院,附件按省份列计划，未拆湖北物理/历史/艺术类别，未给学费、学制、选科、校区、专业代号、院校专业组边界。,官网页面标题和附件文件名均为2026年普通本科招生专业与计划。
喀什大学,data/external/issue19-b0-b1-official-sources/ksu-2026-undergraduate-plan.xlsx,official_attachment_xlsx_province_table,2026,湖北,,,,,,,旅游管理,旅游学院,4,,,,,专业名称；湖北计划数；学院,附件按省份列计划，未拆湖北物理/历史/艺术类别，未给学费、学制、选科、校区、专业代号、院校专业组边界。,官网页面标题和附件文件名均为2026年普通本科招生专业与计划。
喀什大学,data/external/issue19-b0-b1-official-sources/ksu-2026-undergraduate-plan.xlsx,official_attachment_xlsx_province_table,2026,湖北,,,,,,,广告学,新闻传播学院,4,,,,,专业名称；湖北计划数；学院,附件按省份列计划，未拆湖北物理/历史/艺术类别，未给学费、学制、选科、校区、专业代号、院校专业组边界。,官网页面标题和附件文件名均为2026年普通本科招生专业与计划。
喀什大学,data/external/issue19-b0-b1-official-sources/ksu-2026-undergraduate-plan.xlsx,official_attachment_xlsx_province_table,2026,湖北,,,,,,,应用统计学,数学与统计学院,2,,,,,专业名称；湖北计划数；学院,附件按省份列计划，未拆湖北物理/历史/艺术类别，未给学费、学制、选科、校区、专业代号、院校专业组边界。,官网页面标题和附件文件名均为2026年普通本科招生专业与计划。
杭州电子科技大学,data/external/issue19-b0-b1-official-sources/hdu-2026-hubei-plan.xlsx,official_attachment_xlsx_row_plan,2026,湖北,物理类,本科普通批,普通类；非定向,,,,工商管理,,2,四年,,第一学年在绍兴校区，第二学年起在下沙校区,不提科目要求,专业名称；科类；批次；选考科目；湖北物理类计划数；学制；就学地点,官网XLSX按逐专业计划列出湖北物理类字段，但未给湖北院校专业组代码、专业代号和组内调剂边界。,官网页面标题为2026年湖北招生计划，附件逐行给出湖北物理类本科普通批计划。
杭州电子科技大学,data/external/issue19-b0-b1-official-sources/hdu-2026-hubei-plan.xlsx,official_attachment_xlsx_row_plan,2026,湖北,物理类,本科普通批,普通类；非定向,,,,会计学,,4,四年,,第一学年在绍兴校区，第二学年起在下沙校区,不提科目要求,专业名称；科类；批次；选考科目；湖北物理类计划数；学制；就学地点,官网XLSX按逐专业计划列出湖北物理类字段，但未给湖北院校专业组代码、专业代号和组内调剂边界。,官网页面标题为2026年湖北招生计划，附件逐行给出湖北物理类本科普通批计划。
杭州电子科技大学,data/external/issue19-b0-b1-official-sources/hdu-2026-hubei-plan.xlsx,official_attachment_xlsx_row_plan,2026,湖北,物理类,本科普通批,普通类；非定向,,,,金融学,,2,四年,,第一学年在绍兴校区，第二学年起在下沙校区,不提科目要求,专业名称；科类；批次；选考科目；湖北物理类计划数；学制；就学地点,官网XLSX按逐专业计划列出湖北物理类字段，但未给湖北院校专业组代码、专业代号和组内调剂边界。,官网页面标题为2026年湖北招生计划，附件逐行给出湖北物理类本科普通批计划。
杭州电子科技大学,data/external/issue19-b0-b1-official-sources/hdu-2026-hubei-plan.xlsx,official_attachment_xlsx_row_plan,2026,湖北,物理类,本科普通批,普通类；非定向,,,,工业工程,招考方向：与计算机双学士学位,2,四年,,第一学年在绍兴校区，第二学年起在下沙校区,物理(1门科目考生必须选考方可报考),专业名称；科类；批次；选考科目；湖北物理类计划数；学制；就学地点,官网XLSX按逐专业计划列出湖北物理类字段，但未给湖北院校专业组代码、专业代号和组内调剂边界。,官网页面标题为2026年湖北招生计划，附件逐行给出湖北物理类本科普通批计划。
杭州电子科技大学,data/external/issue19-b0-b1-official-sources/hdu-2026-hubei-plan.xlsx,official_attachment_xlsx_row_plan,2026,湖北,物理类,本科普通批,普通类；非定向,,,,管理科学与工程类,类内所含专业：信息管理与信息系统、保密管理,2,四年,,第一学年在绍兴校区，第二学年起在下沙校区,物理(1门科目考生必须选考方可报考),专业名称；科类；批次；选考科目；湖北物理类计划数；学制；就学地点,官网XLSX按逐专业计划列出湖北物理类字段，但未给湖北院校专业组代码、专业代号和组内调剂边界。,官网页面标题为2026年湖北招生计划，附件逐行给出湖北物理类本科普通批计划。
杭州电子科技大学,data/external/issue19-b0-b1-official-sources/hdu-2026-hubei-plan.xlsx,official_attachment_xlsx_row_plan,2026,湖北,物理类,本科普通批,普通类；非定向,,,,数字经济,,2,四年,,第一学年在绍兴校区，第二学年起在下沙校区,物理(1门科目考生必须选考方可报考),专业名称；科类；批次；选考科目；湖北物理类计划数；学制；就学地点,官网XLSX按逐专业计划列出湖北物理类字段，但未给湖北院校专业组代码、专业代号和组内调剂边界。,官网页面标题为2026年湖北招生计划，附件逐行给出湖北物理类本科普通批计划。
杭州电子科技大学,data/external/issue19-b0-b1-official-sources/hdu-2026-hubei-plan.xlsx,official_attachment_xlsx_row_plan,2026,湖北,物理类,本科普通批,普通类；非定向,,,,电子信息类,招考方向：电子信息学院；类内所含专业：电子信息工程、电子科学与技术,2,四年,,第一学年在绍兴校区，第二学年起在下沙校区,"物理,化学(2门科目考生均须选考方可报考)",专业名称；科类；批次；选考科目；湖北物理类计划数；学制；就学地点,官网XLSX按逐专业计划列出湖北物理类字段，但未给湖北院校专业组代码、专业代号和组内调剂边界。,官网页面标题为2026年湖北招生计划，附件逐行给出湖北物理类本科普通批计划。
杭州电子科技大学,data/external/issue19-b0-b1-official-sources/hdu-2026-hubei-plan.xlsx,official_attachment_xlsx_row_plan,2026,湖北,物理类,本科普通批,普通类；非定向,,,,统计学,,4,四年,,第一学年在绍兴校区，第二学年起在下沙校区,"物理,化学(2门科目考生均须选考方可报考)",专业名称；科类；批次；选考科目；湖北物理类计划数；学制；就学地点,官网XLSX按逐专业计划列出湖北物理类字段，但未给湖北院校专业组代码、专业代号和组内调剂边界。,官网页面标题为2026年湖北招生计划，附件逐行给出湖北物理类本科普通批计划。
杭州电子科技大学,data/external/issue19-b0-b1-official-sources/hdu-2026-hubei-plan.xlsx,official_attachment_xlsx_row_plan,2026,湖北,物理类,本科普通批,普通类；非定向,,,,机械设计制造及其自动化,,2,四年,,第一学年在绍兴校区，第二学年起在下沙校区,"物理,化学(2门科目考生均须选考方可报考)",专业名称；科类；批次；选考科目；湖北物理类计划数；学制；就学地点,官网XLSX按逐专业计划列出湖北物理类字段，但未给湖北院校专业组代码、专业代号和组内调剂边界。,官网页面标题为2026年湖北招生计划，附件逐行给出湖北物理类本科普通批计划。
杭州电子科技大学,data/external/issue19-b0-b1-official-sources/hdu-2026-hubei-plan.xlsx,official_attachment_xlsx_row_plan,2026,湖北,物理类,本科普通批,普通类；非定向,,,,数字媒体技术,,2,四年,,第一学年在绍兴校区，第二学年起在下沙校区,"物理,化学(2门科目考生均须选考方可报考)",专业名称；科类；批次；选考科目；湖北物理类计划数；学制；就学地点,官网XLSX按逐专业计划列出湖北物理类字段，但未给湖北院校专业组代码、专业代号和组内调剂边界。,官网页面标题为2026年湖北招生计划，附件逐行给出湖北物理类本科普通批计划。
杭州电子科技大学,data/external/issue19-b0-b1-official-sources/hdu-2026-hubei-plan.xlsx,official_attachment_xlsx_row_plan,2026,湖北,物理类,本科普通批,普通类；非定向,,,,自动化,,2,四年,,第一学年在绍兴校区，第二学年起在下沙校区,"物理,化学(2门科目考生均须选考方可报考)",专业名称；科类；批次；选考科目；湖北物理类计划数；学制；就学地点,官网XLSX按逐专业计划列出湖北物理类字段，但未给湖北院校专业组代码、专业代号和组内调剂边界。,官网页面标题为2026年湖北招生计划，附件逐行给出湖北物理类本科普通批计划。
杭州电子科技大学,data/external/issue19-b0-b1-official-sources/hdu-2026-hubei-plan.xlsx,official_attachment_xlsx_row_plan,2026,湖北,物理类,本科普通批,普通类；非定向,,,,数学类,类内所含专业：数学与应用数学、信息与计算科学,3,四年,,第一学年在绍兴校区，第二学年起在下沙校区,"物理,化学(2门科目考生均须选考方可报考)",专业名称；科类；批次；选考科目；湖北物理类计划数；学制；就学地点,官网XLSX按逐专业计划列出湖北物理类字段，但未给湖北院校专业组代码、专业代号和组内调剂边界。,官网页面标题为2026年湖北招生计划，附件逐行给出湖北物理类本科普通批计划。
杭州电子科技大学,data/external/issue19-b0-b1-official-sources/hdu-2026-hubei-plan.xlsx,official_attachment_xlsx_row_plan,2026,湖北,物理类,本科普通批,普通类；非定向,,,,光电信息科学与工程,,2,四年,,第一学年在绍兴校区，第二学年起在下沙校区,"物理,化学(2门科目考生均须选考方可报考)",专业名称；科类；批次；选考科目；湖北物理类计划数；学制；就学地点,官网XLSX按逐专业计划列出湖北物理类字段，但未给湖北院校专业组代码、专业代号和组内调剂边界。,官网页面标题为2026年湖北招生计划，附件逐行给出湖北物理类本科普通批计划。
杭州电子科技大学,data/external/issue19-b0-b1-official-sources/hdu-2026-hubei-plan.xlsx,official_attachment_xlsx_row_plan,2026,湖北,物理类,本科普通批,普通类；非定向,,,,计算机科学与技术,,4,四年,,下沙校区,"物理,化学(2门科目考生均须选考方可报考)",专业名称；科类；批次；选考科目；湖北物理类计划数；学制；就学地点,官网XLSX按逐专业计划列出湖北物理类字段，但未给湖北院校专业组代码、专业代号和组内调剂边界。,官网页面标题为2026年湖北招生计划，附件逐行给出湖北物理类本科普通批计划。
杭州电子科技大学,data/external/issue19-b0-b1-official-sources/hdu-2026-hubei-plan.xlsx,official_attachment_xlsx_row_plan,2026,湖北,物理类,本科普通批,普通类；非定向,,,,人工智能,,2,四年,,第一学年在绍兴校区，第二学年起在下沙校区,"物理,化学(2门科目考生均须选考方可报考)",专业名称；科类；批次；选考科目；湖北物理类计划数；学制；就学地点,官网XLSX按逐专业计划列出湖北物理类字段，但未给湖北院校专业组代码、专业代号和组内调剂边界。,官网页面标题为2026年湖北招生计划，附件逐行给出湖北物理类本科普通批计划。
杭州电子科技大学,data/external/issue19-b0-b1-official-sources/hdu-2026-hubei-plan.xlsx,official_attachment_xlsx_row_plan,2026,湖北,物理类,本科普通批,普通类；非定向,,,,智能车辆工程,,3,四年,,第一学年在绍兴校区，第二学年起在下沙校区,"物理,化学(2门科目考生均须选考方可报考)",专业名称；科类；批次；选考科目；湖北物理类计划数；学制；就学地点,官网XLSX按逐专业计划列出湖北物理类字段，但未给湖北院校专业组代码、专业代号和组内调剂边界。,官网页面标题为2026年湖北招生计划，附件逐行给出湖北物理类本科普通批计划。
杭州电子科技大学,data/external/issue19-b0-b1-official-sources/hdu-2026-hubei-plan.xlsx,official_attachment_xlsx_row_plan,2026,湖北,物理类,本科普通批,普通类；非定向,,,,自动化(中外合作办学),,4,四年,,下沙校区,"物理,化学(2门科目考生均须选考方可报考)",专业名称；科类；批次；选考科目；湖北物理类计划数；学制；就学地点,官网XLSX按逐专业计划列出湖北物理类字段，但未给湖北院校专业组代码、专业代号和组内调剂边界。,官网页面标题为2026年湖北招生计划，附件逐行给出湖北物理类本科普通批计划。
杭州电子科技大学,data/external/issue19-b0-b1-official-sources/hdu-2026-hubei-plan.xlsx,official_attachment_xlsx_row_plan,2026,湖北,物理类,本科普通批,普通类；非定向,,,,计算机科学与技术(中外合作办学),,2,四年,,下沙校区,"物理,化学(2门科目考生均须选考方可报考)",专业名称；科类；批次；选考科目；湖北物理类计划数；学制；就学地点,官网XLSX按逐专业计划列出湖北物理类字段，但未给湖北院校专业组代码、专业代号和组内调剂边界。,官网页面标题为2026年湖北招生计划，附件逐行给出湖北物理类本科普通批计划。
杭州电子科技大学,data/external/issue19-b0-b1-official-sources/hdu-2026-hubei-plan.xlsx,official_attachment_xlsx_row_plan,2026,湖北,物理类,本科普通批,普通类；非定向,,,,人工智能(中外合作办学),,3,四年,,第一学年在绍兴校区，第二学年起在下沙校区,"物理,化学(2门科目考生均须选考方可报考)",专业名称；科类；批次；选考科目；湖北物理类计划数；学制；就学地点,官网XLSX按逐专业计划列出湖北物理类字段，但未给湖北院校专业组代码、专业代号和组内调剂边界。,官网页面标题为2026年湖北招生计划，附件逐行给出湖北物理类本科普通批计划。
杭州电子科技大学,data/external/issue19-b0-b1-official-sources/hdu-2026-hubei-plan.xlsx,official_attachment_xlsx_row_plan,2026,湖北,物理类,本科普通批,普通类；非定向,,,,电子信息工程(中外合作办学),,4,四年,,第一学年在绍兴校区，第二学年起在下沙校区,"物理,化学(2门科目考生均须选考方可报考)",专业名称；科类；批次；选考科目；湖北物理类计划数；学制；就学地点,官网XLSX按逐专业计划列出湖北物理类字段，但未给湖北院校专业组代码、专业代号和组内调剂边界。,官网页面标题为2026年湖北招生计划，附件逐行给出湖北物理类本科普通批计划。
杭州电子科技大学,data/external/issue19-b0-b1-official-sources/hdu-2026-hubei-plan.xlsx,official_attachment_xlsx_row_plan,2026,湖北,物理类,本科普通批,普通类；非定向,,,,集成电路设计与集成系统(中外合作办学),,4,四年,,第一学年在绍兴校区，第二学年起在下沙校区,"物理,化学(2门科目考生均须选考方可报考)",专业名称；科类；批次；选考科目；湖北物理类计划数；学制；就学地点,官网XLSX按逐专业计划列出湖北物理类字段，但未给湖北院校专业组代码、专业代号和组内调剂边界。,官网页面标题为2026年湖北招生计划，附件逐行给出湖北物理类本科普通批计划。
忻州师范学院,data/external/issue19-b0-b1-official-sources/xztu-2026-hubei-physics-plan-extracted.csv,official_pdf_table_extracted_csv,2026,湖北,物理类,,,,,,英语(师范),原始PDF：data/external/issue19-b0-b1-official-sources/xztu-2026-province-major-plan.pdf；页码：1；系：外语系,1,4,4950,主校区,,专业名称；湖北物理类计划数；学制；学费；校区；PDF页码,由高校官网PDF宽表抽取湖北列；未给湖北院校专业组代码和专业代号，需与第19期原页及湖北官方系统对齐。,高校官网2026年分省分专业招生计划PDF经表格抽取留存。
忻州师范学院,data/external/issue19-b0-b1-official-sources/xztu-2026-hubei-physics-plan-extracted.csv,official_pdf_table_extracted_csv,2026,湖北,物理类,,,,,,翻译,原始PDF：data/external/issue19-b0-b1-official-sources/xztu-2026-province-major-plan.pdf；页码：1；系：外语系,1,4,5800,主校区,,专业名称；湖北物理类计划数；学制；学费；校区；PDF页码,由高校官网PDF宽表抽取湖北列；未给湖北院校专业组代码和专业代号，需与第19期原页及湖北官方系统对齐。,高校官网2026年分省分专业招生计划PDF经表格抽取留存。
忻州师范学院,data/external/issue19-b0-b1-official-sources/xztu-2026-hubei-physics-plan-extracted.csv,official_pdf_table_extracted_csv,2026,湖北,物理类,,,,,,数学与应用数学(师范),原始PDF：data/external/issue19-b0-b1-official-sources/xztu-2026-province-major-plan.pdf；页码：1；系：数学系,1,4,4950,主校区,,专业名称；湖北物理类计划数；学制；学费；校区；PDF页码,由高校官网PDF宽表抽取湖北列；未给湖北院校专业组代码和专业代号，需与第19期原页及湖北官方系统对齐。,高校官网2026年分省分专业招生计划PDF经表格抽取留存。
忻州师范学院,data/external/issue19-b0-b1-official-sources/xztu-2026-hubei-physics-plan-extracted.csv,official_pdf_table_extracted_csv,2026,湖北,物理类,,,,,,统计学,原始PDF：data/external/issue19-b0-b1-official-sources/xztu-2026-province-major-plan.pdf；页码：1；系：数学系,1,4,4500,主校区,,专业名称；湖北物理类计划数；学制；学费；校区；PDF页码,由高校官网PDF宽表抽取湖北列；未给湖北院校专业组代码和专业代号，需与第19期原页及湖北官方系统对齐。,高校官网2026年分省分专业招生计划PDF经表格抽取留存。
忻州师范学院,data/external/issue19-b0-b1-official-sources/xztu-2026-hubei-physics-plan-extracted.csv,official_pdf_table_extracted_csv,2026,湖北,物理类,,,,,,物理学(师范),原始PDF：data/external/issue19-b0-b1-official-sources/xztu-2026-province-major-plan.pdf；页码：1；系：物理系,1,4,4950,主校区,,专业名称；湖北物理类计划数；学制；学费；校区；PDF页码,由高校官网PDF宽表抽取湖北列；未给湖北院校专业组代码和专业代号，需与第19期原页及湖北官方系统对齐。,高校官网2026年分省分专业招生计划PDF经表格抽取留存。
忻州师范学院,data/external/issue19-b0-b1-official-sources/xztu-2026-hubei-physics-plan-extracted.csv,official_pdf_table_extracted_csv,2026,湖北,物理类,,,,,,科学教育(师范),原始PDF：data/external/issue19-b0-b1-official-sources/xztu-2026-province-major-plan.pdf；页码：1；系：物理系,1,4,4950,主校区,,专业名称；湖北物理类计划数；学制；学费；校区；PDF页码,由高校官网PDF宽表抽取湖北列；未给湖北院校专业组代码和专业代号，需与第19期原页及湖北官方系统对齐。,高校官网2026年分省分专业招生计划PDF经表格抽取留存。
忻州师范学院,data/external/issue19-b0-b1-official-sources/xztu-2026-hubei-physics-plan-extracted.csv,official_pdf_table_extracted_csv,2026,湖北,物理类,,,,,,应用化学,原始PDF：data/external/issue19-b0-b1-official-sources/xztu-2026-province-major-plan.pdf；页码：1；系：化学系,1,4,4950,主校区,,专业名称；湖北物理类计划数；学制；学费；校区；PDF页码,由高校官网PDF宽表抽取湖北列；未给湖北院校专业组代码和专业代号，需与第19期原页及湖北官方系统对齐。,高校官网2026年分省分专业招生计划PDF经表格抽取留存。
忻州师范学院,data/external/issue19-b0-b1-official-sources/xztu-2026-hubei-physics-plan-extracted.csv,official_pdf_table_extracted_csv,2026,湖北,物理类,,,,,,生物科学(师范),原始PDF：data/external/issue19-b0-b1-official-sources/xztu-2026-province-major-plan.pdf；页码：1；系：生命科学系,4,4,4950,主校区,,专业名称；湖北物理类计划数；学制；学费；校区；PDF页码,由高校官网PDF宽表抽取湖北列；未给湖北院校专业组代码和专业代号，需与第19期原页及湖北官方系统对齐。,高校官网2026年分省分专业招生计划PDF经表格抽取留存。
忻州师范学院,data/external/issue19-b0-b1-official-sources/xztu-2026-hubei-physics-plan-extracted.csv,official_pdf_table_extracted_csv,2026,湖北,物理类,,,,,,生物技术,原始PDF：data/external/issue19-b0-b1-official-sources/xztu-2026-province-major-plan.pdf；页码：1；系：生命科学系,2,4,4500,主校区,,专业名称；湖北物理类计划数；学制；学费；校区；PDF页码,由高校官网PDF宽表抽取湖北列；未给湖北院校专业组代码和专业代号，需与第19期原页及湖北官方系统对齐。,高校官网2026年分省分专业招生计划PDF经表格抽取留存。
忻州师范学院,data/external/issue19-b0-b1-official-sources/xztu-2026-hubei-physics-plan-extracted.csv,official_pdf_table_extracted_csv,2026,湖北,物理类,,,,,,电子信息科学与技术,原始PDF：data/external/issue19-b0-b1-official-sources/xztu-2026-province-major-plan.pdf；页码：1；系：电子系,1,4,5280,主校区,,专业名称；湖北物理类计划数；学制；学费；校区；PDF页码,由高校官网PDF宽表抽取湖北列；未给湖北院校专业组代码和专业代号，需与第19期原页及湖北官方系统对齐。,高校官网2026年分省分专业招生计划PDF经表格抽取留存。
忻州师范学院,data/external/issue19-b0-b1-official-sources/xztu-2026-hubei-physics-plan-extracted.csv,official_pdf_table_extracted_csv,2026,湖北,物理类,,,,,,通信工程,原始PDF：data/external/issue19-b0-b1-official-sources/xztu-2026-province-major-plan.pdf；页码：1；系：电子系,1,4,5280,主校区,,专业名称；湖北物理类计划数；学制；学费；校区；PDF页码,由高校官网PDF宽表抽取湖北列；未给湖北院校专业组代码和专业代号，需与第19期原页及湖北官方系统对齐。,高校官网2026年分省分专业招生计划PDF经表格抽取留存。
忻州师范学院,data/external/issue19-b0-b1-official-sources/xztu-2026-hubei-physics-plan-extracted.csv,official_pdf_table_extracted_csv,2026,湖北,物理类,,,,,,计算机科学与技术(师范),原始PDF：data/external/issue19-b0-b1-official-sources/xztu-2026-province-major-plan.pdf；页码：1；系：人工智能与数据科学系,2,4,5280,主校区,,专业名称；湖北物理类计划数；学制；学费；校区；PDF页码,由高校官网PDF宽表抽取湖北列；未给湖北院校专业组代码和专业代号，需与第19期原页及湖北官方系统对齐。,高校官网2026年分省分专业招生计划PDF经表格抽取留存。
忻州师范学院,data/external/issue19-b0-b1-official-sources/xztu-2026-hubei-physics-plan-extracted.csv,official_pdf_table_extracted_csv,2026,湖北,物理类,,,,,,数字媒体技术,原始PDF：data/external/issue19-b0-b1-official-sources/xztu-2026-province-major-plan.pdf；页码：1；系：人工智能与数据科学系,1,4,4800,主校区,,专业名称；湖北物理类计划数；学制；学费；校区；PDF页码,由高校官网PDF宽表抽取湖北列；未给湖北院校专业组代码和专业代号，需与第19期原页及湖北官方系统对齐。,高校官网2026年分省分专业招生计划PDF经表格抽取留存。
忻州师范学院,data/external/issue19-b0-b1-official-sources/xztu-2026-hubei-physics-plan-extracted.csv,official_pdf_table_extracted_csv,2026,湖北,物理类,,,,,,数据科学与大数据技术,原始PDF：data/external/issue19-b0-b1-official-sources/xztu-2026-province-major-plan.pdf；页码：1；系：人工智能与数据科学系,1,4,4800,主校区,,专业名称；湖北物理类计划数；学制；学费；校区；PDF页码,由高校官网PDF宽表抽取湖北列；未给湖北院校专业组代码和专业代号，需与第19期原页及湖北官方系统对齐。,高校官网2026年分省分专业招生计划PDF经表格抽取留存。
忻州师范学院,data/external/issue19-b0-b1-official-sources/xztu-2026-hubei-physics-plan-extracted.csv,official_pdf_table_extracted_csv,2026,湖北,物理类,,,,,,旅游管理,原始PDF：data/external/issue19-b0-b1-official-sources/xztu-2026-province-major-plan.pdf；页码：1；系：旅游管理系,1,4,4950,主校区,,专业名称；湖北物理类计划数；学制；学费；校区；PDF页码,由高校官网PDF宽表抽取湖北列；未给湖北院校专业组代码和专业代号，需与第19期原页及湖北官方系统对齐。,高校官网2026年分省分专业招生计划PDF经表格抽取留存。
