来源期号,来源PDF_SHA256,数据阶段,最终可用,核验状态,学校官方来源队列ID,院校代码,院校名称OCR,B0组数,B1组数,B0B1专业组数,逐专业核验任务数,涉及专业组代码,涉及PDF页码,官网来源状态,官网来源优先级,官网URL,本地留存路径,本地留存状态,是否可核湖北2026,可核字段,局限性,官方源缺口,补源优先级,高校官网计划检索式,招生章程检索式,下一步
湖北招生考试2026年19期·本科普通批（下）,ee61fc69389f24a9a7830167113cf0ddc0447f8fa4b2743cd3241be60a9bd86d,issue19_candidate_v3_b0_b1_official_crosscheck_queue,false,pending_school_official_source_review,SSQ-8629b3cb6c4f85ec,A022,北京林业大学,0,1,1,8,A02211,16,has_partial_source_needs_followup,中,https://zsb.bjfu.edu.cn/zsw/zsjh.html,data/external/issue19-b0-b1-official-sources/bjfu-zsjh-entry.html,has_local_retention_metadata,可能,官方招生计划入口；筛选维度；页面模板含专业、科类、类型、学制、计划数、专业组,API端点已定位但命令行请求返回禁止访问，尚未留存湖北2026物理类结果，不能核计划字段,已有部分官网线索，但仍需补齐湖北普通本科物理专业组或逐专业字段,S3-B1单组学校按页码推进,北京林业大学 2026 湖北 招生计划 本科 专业组 招生网,北京林业大学 2026 普通本科 招生章程,优先找高校官网湖北2026普通本科物理招生计划；若没有固定计划页，则至少补招生章程，并回到湖北官方系统或省招办计划兜底。
湖北招生考试2026年19期·本科普通批（下）,ee61fc69389f24a9a7830167113cf0ddc0447f8fa4b2743cd3241be60a9bd86d,issue19_candidate_v3_b0_b1_official_crosscheck_queue,false,pending_school_official_source_review,SSQ-6bda02ad65e820e1,A032,北京语言大学,1,0,1,1,A03208,17,has_partial_source_needs_followup,中,https://zsb.blcu.edu.cn/sjz/zsdt/xxgk.htm,未留存,pending_local_retention,可能,招生计划入口；招生章程入口；历年分数入口,需进入动态查询入口核湖北2026，本地尚未留存具体湖北计划结果,已有部分官网线索，但仍需补齐湖北普通本科物理专业组或逐专业字段,S0-B0历史候选学校优先补源,北京语言大学 2026 湖北 招生计划 本科 专业组 招生网,北京语言大学 2026 普通本科 招生章程,优先找高校官网湖北2026普通本科物理招生计划；若没有固定计划页，则至少补招生章程，并回到湖北官方系统或省招办计划兜底。
湖北招生考试2026年19期·本科普通批（下）,ee61fc69389f24a9a7830167113cf0ddc0447f8fa4b2743cd3241be60a9bd86d,issue19_candidate_v3_b0_b1_official_crosscheck_queue,false,pending_school_official_source_review,SSQ-a956af714641bfb2,A033,中国传媒大学,0,2,2,9,A03312；A03313,18,has_reusable_2026_hubei_plan_source,高,http://zszx.cuc.edu.cn/f/ajax_zsjh,data/external/issue19-b0-b1-official-sources/cuc-2026-hubei-physics-normal-zsjh.json,has_local_retention_metadata,是,湖北2026物理类普通类专业名称；专业代码；专业代号；计划数；学制；学费；选科；校区；专业组名称,未直接给出湖北院校专业组代码，专业组边界需同第19期原页和湖北官方系统对齐,需逐字段比对第19期、湖北官方系统和高校官网字段,S1-已有官网计划源先做字段对照,中国传媒大学 2026 湖北 招生计划 本科 专业组 招生网,中国传媒大学 2026 普通本科 招生章程,优先找高校官网湖北2026普通本科物理招生计划；若没有固定计划页，则至少补招生章程，并回到湖北官方系统或省招办计划兜底。
湖北招生考试2026年19期·本科普通批（下）,ee61fc69389f24a9a7830167113cf0ddc0447f8fa4b2743cd3241be60a9bd86d,issue19_candidate_v3_b0_b1_official_crosscheck_queue,false,pending_school_official_source_review,SSQ-726b92ca38c19793,A135,山东大学,0,1,1,6,A13506,36,has_reusable_2026_hubei_plan_source,高,http://www.bkzssys.sdu.edu.cn/f/ajax_zsjh,data/external/issue19-b0-b1-official-sources/sdu-2026-hubei-physics-normal-zsjh.json,has_local_retention_metadata,是,湖北2026物理类普通类专业名称；专业代码；专业代号；计划数；学制；学费；选科；校区；专业组名称,未直接给出湖北院校专业组代码，专业组边界需同第19期原页和湖北官方系统对齐,需逐字段比对第19期、湖北官方系统和高校官网字段,S1-已有官网计划源先做字段对照,山东大学 2026 湖北 招生计划 本科 专业组 招生网,山东大学 2026 普通本科 招生章程,优先找高校官网湖北2026普通本科物理招生计划；若没有固定计划页，则至少补招生章程，并回到湖北官方系统或省招办计划兜底。
湖北招生考试2026年19期·本科普通批（下）,ee61fc69389f24a9a7830167113cf0ddc0447f8fa4b2743cd3241be60a9bd86d,issue19_candidate_v3_b0_b1_official_crosscheck_queue,false,pending_school_official_source_review,SSQ-62762b221f744c7b,A195,兰州大学,0,1,1,8,A19511,56,has_reusable_2026_hubei_plan_source,高,https://zsdata.lzu.edu.cn/lqxx/s/api/front/lqxx2/getList?type=zsjh,data/external/issue19-b0-b1-official-sources/lzu-2026-hubei-physics-normal-zsjh.json,has_local_retention_metadata,是,湖北2026物理类普通类专业名称；计划数；学制；选科；专业组线索,学费和校区为空，专业组不是湖北院校专业组代码，边界仍需湖北官方系统确认,需逐字段比对第19期、湖北官方系统和高校官网字段,S1-已有官网计划源先做字段对照,兰州大学 2026 湖北 招生计划 本科 专业组 招生网,兰州大学 2026 普通本科 招生章程,优先找高校官网湖北2026普通本科物理招生计划；若没有固定计划页，则至少补招生章程，并回到湖北官方系统或省招办计划兜底。
湖北招生考试2026年19期·本科普通批（下）,ee61fc69389f24a9a7830167113cf0ddc0447f8fa4b2743cd3241be60a9bd86d,issue19_candidate_v3_b0_b1_official_crosscheck_queue,false,pending_school_official_source_review,SSQ-e691c5f660a9d7bc,A197,西北民族大学,0,1,1,4,A19722,57,has_reusable_2026_hubei_plan_source,高,http://210.26.14.219/lqxx/s/api/front/lqxx2/getList?type=zsjh,data/external/issue19-b0-b1-official-sources/xbmu-2026-hubei-physics-normal-zsjh.json,has_local_retention_metadata,是,湖北2026物理类普通类专业名称；计划数；科类；类别；校区,学制、学费、选科、专业组字段为空，无湖北院校专业组代码和边界,需逐字段比对第19期、湖北官方系统和高校官网字段,S1-已有官网计划源先做字段对照,西北民族大学 2026 湖北 招生计划 本科 专业组 招生网,西北民族大学 2026 普通本科 招生章程,优先找高校官网湖北2026普通本科物理招生计划；若没有固定计划页，则至少补招生章程，并回到湖北官方系统或省招办计划兜底。
湖北招生考试2026年19期·本科普通批（下）,ee61fc69389f24a9a7830167113cf0ddc0447f8fa4b2743cd3241be60a9bd86d,issue19_candidate_v3_b0_b1_official_crosscheck_queue,false,pending_school_official_source_review,SSQ-572e3ac50be84606,C107,武汉体育学院,3,0,3,11,C10702；C10703；C10704,69,charter_or_rules_only_no_plan,低,https://zs.whsu.edu.cn/info/1151/22357.htm,未留存,pending_local_retention,否,招生章程；录取规则；专业范围,未找到湖北专业组计划页,当前只可辅助核招生章程或规则，不能核湖北2026专业组计划,S0-B0历史候选学校优先补源,武汉体育学院 2026 湖北 招生计划 本科 专业组 招生网,武汉体育学院 2026 普通本科 招生章程,优先找高校官网湖北2026普通本科物理招生计划；若没有固定计划页，则至少补招生章程，并回到湖北官方系统或省招办计划兜底。
湖北招生考试2026年19期·本科普通批（下）,ee61fc69389f24a9a7830167113cf0ddc0447f8fa4b2743cd3241be60a9bd86d,issue19_candidate_v3_b0_b1_official_crosscheck_queue,false,pending_school_official_source_review,SSQ-592213f0fbc6d1a2,C108,江汉大学,0,2,2,19,C10811；C10820,69；70,has_partial_source_needs_followup,高,https://zsdata.jhun.edu.cn/zsdata/lqxx/,data/external/issue19-b0-b1-official-sources/jhun-2026-hubei-physics-normal-lqxx2.json,has_local_retention_metadata,部分,湖北2026物理类普通类专业名称；专业代码；专业代号；计划数；学制；专业备注,官方接口未直接给出湖北院校专业组代码和组内边界，且汇总为湖北物理类普通批全量专业,已有部分官网线索，但仍需补齐湖北普通本科物理专业组或逐专业字段,S2-多组学校优先补源,江汉大学 2026 湖北 招生计划 本科 专业组 招生网,江汉大学 2026 普通本科 招生章程,优先找高校官网湖北2026普通本科物理招生计划；若没有固定计划页，则至少补招生章程，并回到湖北官方系统或省招办计划兜底。
湖北招生考试2026年19期·本科普通批（下）,ee61fc69389f24a9a7830167113cf0ddc0447f8fa4b2743cd3241be60a9bd86d,issue19_candidate_v3_b0_b1_official_crosscheck_queue,false,pending_school_official_source_review,SSQ-fc2c8ede0a31d365,C125,武汉轻工大学,1,0,1,21,C12508,74,needs_official_plan_source_search,中低,,未留存,pending_local_retention,未见,暂无,未定位官方2026湖北普通本科计划页,未定位可复用的高校官网湖北2026普通本科物理招生计划，需要优先补源,S0-B0历史候选学校优先补源,武汉轻工大学 2026 湖北 招生计划 本科 专业组 招生网,武汉轻工大学 2026 普通本科 招生章程,优先找高校官网湖北2026普通本科物理招生计划；若没有固定计划页，则至少补招生章程，并回到湖北官方系统或省招办计划兜底。
湖北招生考试2026年19期·本科普通批（下）,ee61fc69389f24a9a7830167113cf0ddc0447f8fa4b2743cd3241be60a9bd86d,issue19_candidate_v3_b0_b1_official_crosscheck_queue,false,pending_school_official_source_review,SSQ-c29b9732fa4b4b2f,C133,湖北师范大学,0,1,1,15,C13310,78,needs_official_plan_source_search,待补源,,,pending_local_retention,未见,,,未定位可复用的高校官网湖北2026普通本科物理招生计划，需要优先补源,S3-B1单组学校按页码推进,湖北师范大学 2026 湖北 招生计划 本科 专业组 招生网,湖北师范大学 2026 普通本科 招生章程,优先找高校官网湖北2026普通本科物理招生计划；若没有固定计划页，则至少补招生章程，并回到湖北官方系统或省招办计划兜底。
湖北招生考试2026年19期·本科普通批（下）,ee61fc69389f24a9a7830167113cf0ddc0447f8fa4b2743cd3241be60a9bd86d,issue19_candidate_v3_b0_b1_official_crosscheck_queue,false,pending_school_official_source_review,SSQ-fbc5584667edef02,C150,武汉商学院,5,0,5,35,C15003；C15004；C15005；C15006；C15007,80；81,has_reusable_2026_hubei_plan_source,高,https://zs.wbu.edu.cn/2026/0618/c1351a89857/page.htm；https://zs.wbu.edu.cn/2026/0618/c1351a89856/page.htm,data/external/issue19-sample-school-official/wbu-2026-source-plan.html；data/external/issue19-sample-school-official/wbu-2026-undergraduate-plan.html,has_local_retention_metadata,是,湖北分专业计划；计划数；学费；选科,不含院校专业组代码和专业代号，需与第19期对齐,需逐字段比对第19期、湖北官方系统和高校官网字段,S0-B0历史候选学校优先补源,武汉商学院 2026 湖北 招生计划 本科 专业组 招生网,武汉商学院 2026 普通本科 招生章程,优先找高校官网湖北2026普通本科物理招生计划；若没有固定计划页，则至少补招生章程，并回到湖北官方系统或省招办计划兜底。
湖北招生考试2026年19期·本科普通批（下）,ee61fc69389f24a9a7830167113cf0ddc0447f8fa4b2743cd3241be60a9bd86d,issue19_candidate_v3_b0_b1_official_crosscheck_queue,false,pending_school_official_source_review,SSQ-c6e65b39b6af609f,F002,北方工业大学,0,1,1,21,F00202,92,charter_or_rules_only_no_plan,中,https://bkzs.ncut.edu.cn/zs/ptbk/zsjh.htm,data/external/issue19-b0-b1-official-sources/ncut-zsjh-column-old-plan.html,has_local_retention_metadata,否,招生计划栏目入口；旧版分省计划表结构,页面元信息和检索结果显示为旧版/2022京外计划，不能核2026湖北物理类字段,当前只可辅助核招生章程或规则，不能核湖北2026专业组计划,S3-B1单组学校按页码推进,北方工业大学 2026 湖北 招生计划 本科 专业组 招生网,北方工业大学 2026 普通本科 招生章程,优先找高校官网湖北2026普通本科物理招生计划；若没有固定计划页，则至少补招生章程，并回到湖北官方系统或省招办计划兜底。
湖北招生考试2026年19期·本科普通批（下）,ee61fc69389f24a9a7830167113cf0ddc0447f8fa4b2743cd3241be60a9bd86d,issue19_candidate_v3_b0_b1_official_crosscheck_queue,false,pending_school_official_source_review,SSQ-6cec4e28875dbe37,F099,天津外国语大学,0,1,1,1,F09910,96,has_reusable_2026_hubei_plan_source,高,https://luquchaxun.tjfsu.edu.cn/api/zhaoshengjihuas/listjihua/2026?enrollmentunit=%E6%B9%96%E5%8C%97&enrollorder=%E6%9C%AC%E7%A7%91%E6%99%AE%E9%80%9A%E6%89%B9&kelei=%E7%89%A9%E7%90%86,data/external/issue19-b0-b1-official-sources/tjfsu-2026-hubei-physics-normal-zsjh.json,has_local_retention_metadata,是,湖北2026本科普通批物理专业名称；计划数；科类；批次；省份,不含学费、学制、选科、校区/备注、院校专业组代码,需逐字段比对第19期、湖北官方系统和高校官网字段,S1-已有官网计划源先做字段对照,天津外国语大学 2026 湖北 招生计划 本科 专业组 招生网,天津外国语大学 2026 普通本科 招生章程,优先找高校官网湖北2026普通本科物理招生计划；若没有固定计划页，则至少补招生章程，并回到湖北官方系统或省招办计划兜底。
湖北招生考试2026年19期·本科普通批（下）,ee61fc69389f24a9a7830167113cf0ddc0447f8fa4b2743cd3241be60a9bd86d,issue19_candidate_v3_b0_b1_official_crosscheck_queue,false,pending_school_official_source_review,SSQ-bd95061854a9738a,F305,忻州师范学院,0,1,1,4,F30508,109,has_partial_source_needs_followup,高,https://zs.xztu.edu.cn/info/1015/1095.htm,data/external/issue19-b0-b1-official-sources/xztu-2026-province-major-plan.pdf,has_local_retention_metadata,部分,2026分省分专业计划PDF；湖北计划数；专业名称；科类；学费；学制；校区,PDF附件未结构化到湖北院校专业组代码和组内边界，计划字段需与第19期原页及湖北官方系统对齐,已有部分官网线索，但仍需补齐湖北普通本科物理专业组或逐专业字段,S3-B1单组学校按页码推进,忻州师范学院 2026 湖北 招生计划 本科 专业组 招生网,忻州师范学院 2026 普通本科 招生章程,优先找高校官网湖北2026普通本科物理招生计划；若没有固定计划页，则至少补招生章程，并回到湖北官方系统或省招办计划兜底。
湖北招生考试2026年19期·本科普通批（下）,ee61fc69389f24a9a7830167113cf0ddc0447f8fa4b2743cd3241be60a9bd86d,issue19_candidate_v3_b0_b1_official_crosscheck_queue,false,pending_school_official_source_review,SSQ-32db708946d4719d,F582,长春工业大学,0,1,1,11,F58204,119,needs_official_plan_source_search,待补源,,,pending_local_retention,未见,,,未定位可复用的高校官网湖北2026普通本科物理招生计划，需要优先补源,S3-B1单组学校按页码推进,长春工业大学 2026 湖北 招生计划 本科 专业组 招生网,长春工业大学 2026 普通本科 招生章程,优先找高校官网湖北2026普通本科物理招生计划；若没有固定计划页，则至少补招生章程，并回到湖北官方系统或省招办计划兜底。
湖北招生考试2026年19期·本科普通批（下）,ee61fc69389f24a9a7830167113cf0ddc0447f8fa4b2743cd3241be60a9bd86d,issue19_candidate_v3_b0_b1_official_crosscheck_queue,false,pending_school_official_source_review,SSQ-d66c1d9337713dcd,F902,江苏理工学院,0,1,1,15,F90202,135,has_partial_source_needs_followup,高,https://zs.jsut.edu.cn/,data/external/issue19-b0-b1-official-sources/jsut-2026-hubei-physics-plan-extracted.csv,has_local_retention_metadata,部分,湖北2026物理类普通类专业名称；计划数；学制；学费,来源为招生官网首页挂出的官方公众号计划图片并已转录为逐专业表，未直接给出湖北院校专业组代码和专业代号，组边界需回到第19期原页及湖北官方系统确认,已有部分官网线索，但仍需补齐湖北普通本科物理专业组或逐专业字段,S3-B1单组学校按页码推进,江苏理工学院 2026 湖北 招生计划 本科 专业组 招生网,江苏理工学院 2026 普通本科 招生章程,优先找高校官网湖北2026普通本科物理招生计划；若没有固定计划页，则至少补招生章程，并回到湖北官方系统或省招办计划兜底。
湖北招生考试2026年19期·本科普通批（下）,ee61fc69389f24a9a7830167113cf0ddc0447f8fa4b2743cd3241be60a9bd86d,issue19_candidate_v3_b0_b1_official_crosscheck_queue,false,pending_school_official_source_review,SSQ-dd346c0ebe3653b5,H001,杭州电子科技大学,0,1,1,10,H00104,137,has_partial_source_needs_followup,高,https://zhaosheng.hdu.edu.cn/art.php?aid=2471,data/external/issue19-b0-b1-official-sources/hdu-2026-hubei-plan.xlsx,has_local_retention_metadata,部分,湖北2026逐专业计划；科类；批次；选考科目；计划数；学制；就学地点,官网附件未直接给出湖北院校专业组代码和专业代号，组内边界需回到第19期原页及湖北官方系统确认,已有部分官网线索，但仍需补齐湖北普通本科物理专业组或逐专业字段,S3-B1单组学校按页码推进,杭州电子科技大学 2026 湖北 招生计划 本科 专业组 招生网,杭州电子科技大学 2026 普通本科 招生章程,优先找高校官网湖北2026普通本科物理招生计划；若没有固定计划页，则至少补招生章程，并回到湖北官方系统或省招办计划兜底。
湖北招生考试2026年19期·本科普通批（下）,ee61fc69389f24a9a7830167113cf0ddc0447f8fa4b2743cd3241be60a9bd86d,issue19_candidate_v3_b0_b1_official_crosscheck_queue,false,pending_school_official_source_review,SSQ-5e90ddcc5f88086c,H002,浙江工业大学,0,1,1,6,H00204,137,needs_official_plan_source_search,待补源,,,pending_local_retention,未见,,,未定位可复用的高校官网湖北2026普通本科物理招生计划，需要优先补源,S3-B1单组学校按页码推进,浙江工业大学 2026 湖北 招生计划 本科 专业组 招生网,浙江工业大学 2026 普通本科 招生章程,优先找高校官网湖北2026普通本科物理招生计划；若没有固定计划页，则至少补招生章程，并回到湖北官方系统或省招办计划兜底。
湖北招生考试2026年19期·本科普通批（下）,ee61fc69389f24a9a7830167113cf0ddc0447f8fa4b2743cd3241be60a9bd86d,issue19_candidate_v3_b0_b1_official_crosscheck_queue,false,pending_school_official_source_review,SSQ-a2ea2dbe0c4c3351,H026,浙江传媒学院,0,1,1,7,H02606,141,needs_official_plan_source_search,待补源,,,pending_local_retention,未见,,,未定位可复用的高校官网湖北2026普通本科物理招生计划，需要优先补源,S3-B1单组学校按页码推进,浙江传媒学院 2026 湖北 招生计划 本科 专业组 招生网,浙江传媒学院 2026 普通本科 招生章程,优先找高校官网湖北2026普通本科物理招生计划；若没有固定计划页，则至少补招生章程，并回到湖北官方系统或省招办计划兜底。
湖北招生考试2026年19期·本科普通批（下）,ee61fc69389f24a9a7830167113cf0ddc0447f8fa4b2743cd3241be60a9bd86d,issue19_candidate_v3_b0_b1_official_crosscheck_queue,false,pending_school_official_source_review,SSQ-5d16c3a7f6fe2434,H439,山东财经大学,0,1,1,5,H43904,168,has_partial_source_needs_followup,中,https://zhaosheng.sdufe.edu.cn/zsw/zsjh.html,data/external/issue19-b0-b1-official-sources/sdufe-zsjh-entry.html,has_local_retention_metadata,可能,官方招生计划动态入口；页面包含计划查询线索,命令行未成功取得湖北2026物理类返回结果，尚不能核专业计划数和专业组字段,已有部分官网线索，但仍需补齐湖北普通本科物理专业组或逐专业字段,S3-B1单组学校按页码推进,山东财经大学 2026 湖北 招生计划 本科 专业组 招生网,山东财经大学 2026 普通本科 招生章程,优先找高校官网湖北2026普通本科物理招生计划；若没有固定计划页，则至少补招生章程，并回到湖北官方系统或省招办计划兜底。
湖北招生考试2026年19期·本科普通批（下）,ee61fc69389f24a9a7830167113cf0ddc0447f8fa4b2743cd3241be60a9bd86d,issue19_candidate_v3_b0_b1_official_crosscheck_queue,false,pending_school_official_source_review,SSQ-eabc407838923d71,H450,山东工商学院,0,1,1,16,H45004,169,has_partial_source_needs_followup,高,https://zs.sdtbu.edu.cn/info/2018/6284.htm,data/external/issue19-b0-b1-official-sources/sdtbu-2026-province-major-plan.pdf,has_local_retention_metadata,部分,2026分省分专业计划PDF；专业名称；湖北计划数；学费等附件字段,PDF附件未直接结构化到湖北院校专业组代码和专业代号，需与第19期原页及湖北官方系统对齐,已有部分官网线索，但仍需补齐湖北普通本科物理专业组或逐专业字段,S3-B1单组学校按页码推进,山东工商学院 2026 湖北 招生计划 本科 专业组 招生网,山东工商学院 2026 普通本科 招生章程,优先找高校官网湖北2026普通本科物理招生计划；若没有固定计划页，则至少补招生章程，并回到湖北官方系统或省招办计划兜底。
湖北招生考试2026年19期·本科普通批（下）,ee61fc69389f24a9a7830167113cf0ddc0447f8fa4b2743cd3241be60a9bd86d,issue19_candidate_v3_b0_b1_official_crosscheck_queue,false,pending_school_official_source_review,SSQ-4fc5eeacb8538e85,H775,韶关学院,0,1,1,1,H77505,187,needs_official_plan_source_search,待补源,,,pending_local_retention,未见,,,未定位可复用的高校官网湖北2026普通本科物理招生计划，需要优先补源,S3-B1单组学校按页码推进,韶关学院 2026 湖北 招生计划 本科 专业组 招生网,韶关学院 2026 普通本科 招生章程,优先找高校官网湖北2026普通本科物理招生计划；若没有固定计划页，则至少补招生章程，并回到湖北官方系统或省招办计划兜底。
湖北招生考试2026年19期·本科普通批（下）,ee61fc69389f24a9a7830167113cf0ddc0447f8fa4b2743cd3241be60a9bd86d,issue19_candidate_v3_b0_b1_official_crosscheck_queue,false,pending_school_official_source_review,SSQ-3e072bbe7bd8ada5,H945,南宁学院,0,1,1,5,H94505,199,has_partial_source_needs_followup,高,https://zs.unn.edu.cn/bkzn/zsjh.htm,data/external/issue19-b0-b1-official-sources/unn-2026-undergraduate-plan-page.html,has_local_retention_metadata,部分,湖北2026普通本科批物理类专业名称；计划数；学费；选科；学院；页面专业组编号,页面专业组编号不是湖北志愿系统院校专业组代码，且未给专业代号和湖北专业组边界,已有部分官网线索，但仍需补齐湖北普通本科物理专业组或逐专业字段,S3-B1单组学校按页码推进,南宁学院 2026 湖北 招生计划 本科 专业组 招生网,南宁学院 2026 普通本科 招生章程,优先找高校官网湖北2026普通本科物理招生计划；若没有固定计划页，则至少补招生章程，并回到湖北官方系统或省招办计划兜底。
湖北招生考试2026年19期·本科普通批（下）,ee61fc69389f24a9a7830167113cf0ddc0447f8fa4b2743cd3241be60a9bd86d,issue19_candidate_v3_b0_b1_official_crosscheck_queue,false,pending_school_official_source_review,SSQ-6dcef5bef53d73ae,K151,成都理工大学,1,1,2,4,K15123；K15114,208；208；209,has_partial_source_needs_followup,中,https://zsdata.cdut.edu.cn/zsdata/lqxx/,未留存,pending_local_retention,可能,官方招生信息动态查询入口；省份/年份/科类筛选,页面需动态查询，本地尚未保存湖北2026物理类结果,已有部分官网线索，但仍需补齐湖北普通本科物理专业组或逐专业字段,S0-B0历史候选学校优先补源,成都理工大学 2026 湖北 招生计划 本科 专业组 招生网,成都理工大学 2026 普通本科 招生章程,优先找高校官网湖北2026普通本科物理招生计划；若没有固定计划页，则至少补招生章程，并回到湖北官方系统或省招办计划兜底。
湖北招生考试2026年19期·本科普通批（下）,ee61fc69389f24a9a7830167113cf0ddc0447f8fa4b2743cd3241be60a9bd86d,issue19_candidate_v3_b0_b1_official_crosscheck_queue,false,pending_school_official_source_review,SSQ-b1754cf2497371da,K153,成都信息工程大学,0,1,1,22,K15306,209,has_partial_source_needs_followup,高,https://zs.cuit.edu.cn/info/1096/1688.htm,data/external/issue19-b0-b1-official-sources/cuit-2026-undergraduate-plan.html,has_local_retention_metadata,部分,湖北2026分专业计划；专业代码；湖北计划数；学费；学院；校区,未直接给出湖北院校专业组代码和专业代号，需与第19期原页及湖北官方系统对齐,已有部分官网线索，但仍需补齐湖北普通本科物理专业组或逐专业字段,S3-B1单组学校按页码推进,成都信息工程大学 2026 湖北 招生计划 本科 专业组 招生网,成都信息工程大学 2026 普通本科 招生章程,优先找高校官网湖北2026普通本科物理招生计划；若没有固定计划页，则至少补招生章程，并回到湖北官方系统或省招办计划兜底。
湖北招生考试2026年19期·本科普通批（下）,ee61fc69389f24a9a7830167113cf0ddc0447f8fa4b2743cd3241be60a9bd86d,issue19_candidate_v3_b0_b1_official_crosscheck_queue,false,pending_school_official_source_review,SSQ-b71a7435d076fb04,K178,成都医学院,2,0,2,2,K17801；K17802,212,charter_or_rules_only_no_plan,中,https://zs.cmc.edu.cn/page.jsp?urltype=news.NewsContentUrl&wbnewsid=1392&wbtreeid=1004,未留存,pending_local_retention,否,招生章程；医学限制；录取规则,不能核专业组计划数,当前只可辅助核招生章程或规则，不能核湖北2026专业组计划,S0-B0历史候选学校优先补源,成都医学院 2026 湖北 招生计划 本科 专业组 招生网,成都医学院 2026 普通本科 招生章程,优先找高校官网湖北2026普通本科物理招生计划；若没有固定计划页，则至少补招生章程，并回到湖北官方系统或省招办计划兜底。
湖北招生考试2026年19期·本科普通批（下）,ee61fc69389f24a9a7830167113cf0ddc0447f8fa4b2743cd3241be60a9bd86d,issue19_candidate_v3_b0_b1_official_crosscheck_queue,false,pending_school_official_source_review,SSQ-3ce0eb918487a15d,K179,成都师范学院,1,1,2,2,K17903；K17905,212,needs_official_plan_source_search,待继续核验,,未留存,pending_local_retention,未见,暂无,未定位官方2026湖北计划页,未定位可复用的高校官网湖北2026普通本科物理招生计划，需要优先补源,S0-B0历史候选学校优先补源,成都师范学院 2026 湖北 招生计划 本科 专业组 招生网,成都师范学院 2026 普通本科 招生章程,优先找高校官网湖北2026普通本科物理招生计划；若没有固定计划页，则至少补招生章程，并回到湖北官方系统或省招办计划兜底。
湖北招生考试2026年19期·本科普通批（下）,ee61fc69389f24a9a7830167113cf0ddc0447f8fa4b2743cd3241be60a9bd86d,issue19_candidate_v3_b0_b1_official_crosscheck_queue,false,pending_school_official_source_review,SSQ-c8ceab2ba455c40b,K345,云南大学,0,1,1,11,K34509,217,has_partial_source_needs_followup,中,https://zsfz.ynu.edu.cn/zsw/zsjh.html,data/external/issue19-b0-b1-official-sources/ynu-zsjh-entry.html,has_local_retention_metadata,可能,官方招生计划动态入口；参数包含省市、年份、类型、科类；页面模板含专业名称、学费、人数、专业备注,接口端点已定位但命令行请求返回禁止访问，尚未留存湖北2026物理类结果，不能核计划字段,已有部分官网线索，但仍需补齐湖北普通本科物理专业组或逐专业字段,S3-B1单组学校按页码推进,云南大学 2026 湖北 招生计划 本科 专业组 招生网,云南大学 2026 普通本科 招生章程,优先找高校官网湖北2026普通本科物理招生计划；若没有固定计划页，则至少补招生章程，并回到湖北官方系统或省招办计划兜底。
湖北招生考试2026年19期·本科普通批（下）,ee61fc69389f24a9a7830167113cf0ddc0447f8fa4b2743cd3241be60a9bd86d,issue19_candidate_v3_b0_b1_official_crosscheck_queue,false,pending_school_official_source_review,SSQ-b5ed60f24b589276,K465,西安建筑科技大学,1,0,1,1,K46505,223,has_partial_source_needs_followup,中,https://zhaosheng.xauat.edu.cn/,未留存,pending_local_retention,部分,招生计划入口；招生章程入口；历年分数入口,首页有招生计划入口但本地未留存湖北2026查询结果,已有部分官网线索，但仍需补齐湖北普通本科物理专业组或逐专业字段,S0-B0历史候选学校优先补源,西安建筑科技大学 2026 湖北 招生计划 本科 专业组 招生网,西安建筑科技大学 2026 普通本科 招生章程,优先找高校官网湖北2026普通本科物理招生计划；若没有固定计划页，则至少补招生章程，并回到湖北官方系统或省招办计划兜底。
湖北招生考试2026年19期·本科普通批（下）,ee61fc69389f24a9a7830167113cf0ddc0447f8fa4b2743cd3241be60a9bd86d,issue19_candidate_v3_b0_b1_official_crosscheck_queue,false,pending_school_official_source_review,SSQ-c8916c0748ffb71b,K485,西安财经大学,1,0,1,1,K48504,226,has_partial_source_needs_followup,高,https://zhaosheng.xaufe.edu.cn/zsdata/lqxx/,data/external/issue19-b0-b1-official-sources/xaufe-2026-hubei-physics-normal.json,has_local_retention_metadata,部分,湖北2026理工/物理类普通类专业名称；计划数；专业备注,专业组、专业代号、学费、选科、校区字段为空或不足，不能单独核专业组边界,已有部分官网线索，但仍需补齐湖北普通本科物理专业组或逐专业字段,S0-B0历史候选学校优先补源,西安财经大学 2026 湖北 招生计划 本科 专业组 招生网,西安财经大学 2026 普通本科 招生章程,优先找高校官网湖北2026普通本科物理招生计划；若没有固定计划页，则至少补招生章程，并回到湖北官方系统或省招办计划兜底。
湖北招生考试2026年19期·本科普通批（下）,ee61fc69389f24a9a7830167113cf0ddc0447f8fa4b2743cd3241be60a9bd86d,issue19_candidate_v3_b0_b1_official_crosscheck_queue,false,pending_school_official_source_review,SSQ-ee88a8061ae52bb4,K486,西安邮电大学,0,1,1,19,K48603,226,has_reusable_2026_hubei_plan_source,高,https://zsdata.xupt.edu.cn/zsdata/lqxx/,data/external/issue19-b0-b1-official-sources/xupt-2026-hubei-physics-normal.json,has_local_retention_metadata,是,湖北2026物理类普通类专业组；专业名称；专业代号；计划数；选科；类别,动态接口专业组号需与第19期湖北院校专业组代码映射核对，学费和校区还需第19期或章程补齐,需逐字段比对第19期、湖北官方系统和高校官网字段,S1-已有官网计划源先做字段对照,西安邮电大学 2026 湖北 招生计划 本科 专业组 招生网,西安邮电大学 2026 普通本科 招生章程,优先找高校官网湖北2026普通本科物理招生计划；若没有固定计划页，则至少补招生章程，并回到湖北官方系统或省招办计划兜底。
湖北招生考试2026年19期·本科普通批（下）,ee61fc69389f24a9a7830167113cf0ddc0447f8fa4b2743cd3241be60a9bd86d,issue19_candidate_v3_b0_b1_official_crosscheck_queue,false,pending_school_official_source_review,SSQ-998a4a5fd0965005,K487,西安航空学院,2,0,2,3,K48703；K48704,226,needs_official_plan_source_search,中,https://zb.xaau.edu.cn/,未留存,pending_local_retention,未见,官方招生入口；章程/合作办学线索,未定位湖北2026专页,未定位可复用的高校官网湖北2026普通本科物理招生计划，需要优先补源,S0-B0历史候选学校优先补源,西安航空学院 2026 湖北 招生计划 本科 专业组 招生网,西安航空学院 2026 普通本科 招生章程,优先找高校官网湖北2026普通本科物理招生计划；若没有固定计划页，则至少补招生章程，并回到湖北官方系统或省招办计划兜底。
湖北招生考试2026年19期·本科普通批（下）,ee61fc69389f24a9a7830167113cf0ddc0447f8fa4b2743cd3241be60a9bd86d,issue19_candidate_v3_b0_b1_official_crosscheck_queue,false,pending_school_official_source_review,SSQ-b01891c25796b9cb,K488,西安医学院,2,0,2,2,K48804；K48805,226,has_partial_source_needs_followup,高,http://luqu.xiyi.edu.cn/zsdata/lqxx/,data/external/issue19-b0-b1-official-sources/xiyi-2026-hubei-physics-normal.json,has_local_retention_metadata,部分,湖北2026物理类普通类专业名称；专业代码；计划数；学制；学费；校区；选科要求；专业备注,旧版接口可用但未直接给出湖北院校专业组代码和专业代号，且医学/ICC费用风险需章程核实,已有部分官网线索，但仍需补齐湖北普通本科物理专业组或逐专业字段,S0-B0历史候选学校优先补源,西安医学院 2026 湖北 招生计划 本科 专业组 招生网,西安医学院 2026 普通本科 招生章程,优先找高校官网湖北2026普通本科物理招生计划；若没有固定计划页，则至少补招生章程，并回到湖北官方系统或省招办计划兜底。
湖北招生考试2026年19期·本科普通批（下）,ee61fc69389f24a9a7830167113cf0ddc0447f8fa4b2743cd3241be60a9bd86d,issue19_candidate_v3_b0_b1_official_crosscheck_queue,false,pending_school_official_source_review,SSQ-5fd9d8ef54a1ad47,K533,西安工商学院,0,1,1,5,K53303,227,charter_or_rules_only_no_plan,中,https://zs.bxait.cn/zxyd/webinfo/2026/06/1783995515234374.htm,data/external/issue19-b0-b1-official-sources/bxait-2026-guide.html,has_local_retention_metadata,否,2026报考指南/招生简章线索,未见湖北2026物理类分省分专业计划，不能核专业组、专业计划数、选科、校区等计划字段,当前只可辅助核招生章程或规则，不能核湖北2026专业组计划,S3-B1单组学校按页码推进,西安工商学院 2026 湖北 招生计划 本科 专业组 招生网,西安工商学院 2026 普通本科 招生章程,优先找高校官网湖北2026普通本科物理招生计划；若没有固定计划页，则至少补招生章程，并回到湖北官方系统或省招办计划兜底。
湖北招生考试2026年19期·本科普通批（下）,ee61fc69389f24a9a7830167113cf0ddc0447f8fa4b2743cd3241be60a9bd86d,issue19_candidate_v3_b0_b1_official_crosscheck_queue,false,pending_school_official_source_review,SSQ-ee7a1a91415a59d0,K753,喀什大学,0,1,1,8,K75307,235,has_partial_source_needs_followup,高,https://xgb.ksu.edu.cn/info/1511/9361.htm,data/external/issue19-b0-b1-official-sources/ksu-2026-undergraduate-plan.xlsx,has_local_retention_metadata,部分,湖北分专业计划数；专业名称；学院,附件按省份列计划，未拆湖北物理/历史/艺术类别，未给学费、学制、选科、校区、专业代号、院校专业组边界,已有部分官网线索，但仍需补齐湖北普通本科物理专业组或逐专业字段,S3-B1单组学校按页码推进,喀什大学 2026 湖北 招生计划 本科 专业组 招生网,喀什大学 2026 普通本科 招生章程,优先找高校官网湖北2026普通本科物理招生计划；若没有固定计划页，则至少补招生章程，并回到湖北官方系统或省招办计划兜底。
湖北招生考试2026年19期·本科普通批（下）,ee61fc69389f24a9a7830167113cf0ddc0447f8fa4b2743cd3241be60a9bd86d,issue19_candidate_v3_b0_b1_official_crosscheck_queue,false,pending_school_official_source_review,SSQ-bea54902f6629815,X502,新疆天山职业技术大学,0,1,1,5,X50202,240,charter_or_rules_only_no_plan,中,https://www.xjtsxy.cn/news_view/64/1263,data/external/issue19-b0-b1-official-sources/xjtsxy-2026-charter.html,has_local_retention_metadata,否,招生章程；录取规则；调剂规则；体检限制；校区地址,章程明确分省分专业计划和选考要求由省级招考部门公布，官网未见湖北2026物理类计划表，不能核计划数和专业组,当前只可辅助核招生章程或规则，不能核湖北2026专业组计划,S3-B1单组学校按页码推进,新疆天山职业技术大学 2026 湖北 招生计划 本科 专业组 招生网,新疆天山职业技术大学 2026 普通本科 招生章程,优先找高校官网湖北2026普通本科物理招生计划；若没有固定计划页，则至少补招生章程，并回到湖北官方系统或省招办计划兜底。
