官方不可得抽样页列执行队列ID,来源抽样页列包公开账本,来源抽样复核Overlay公开账本,来源本地抽样复核Overlay,来源本地抽样页列核验包,来源期号,来源PDF_SHA256,数据阶段,主表粒度,任务粒度,最终可用,可进入下一阶段,是否允许作为志愿推荐依据,是否允许生成学校专业建议,是否允许自动写回主表,是否允许官网证据替代湖北官方计划,是否允许写回字段事实,来源页码,版面列,页码版面键,页列包排序,执行队列总序,执行泳道,执行优先级,人工核验方式,人工最小动作,抽检失败升级规则,页列抽样明细数,涉及专业行数,涉及专业组数,高风险100%核验明细数,C0冲突明细数,C1官网补缺明细数,C7官网未匹配明细数,C2强辅证抽样明细数,P3低风险抽样明细数,R4阻断明细数,R3高风险明细数,R1低风险明细数,R0观察明细数,双人复核明细数,PDF原页必核明细数,湖北官方侧必核明细数,高校辅证必核明细数,高校辅证待补源明细数,PDF原页已填字段数,湖北官方侧已填字段数,高校辅证已填字段数,三方一致性可评估明细数,抽检失败明细数,升级要求明细数,首轮复核完成明细数,次轮复核完成明细数,页列完成状态,字段事实写回状态,私有页图证据编号,私有页图SHA256,私有OCR摘要证据编号,私有OCR摘要SHA256,私有页列CSV证据编号,私有页列CSV_SHA256,私有页列HTML证据编号,私有页列HTML_SHA256,公开安全策略,下一步
SAMPLINGEXECQ-91660ec0052de8e6,data/working/issue19-official-unavailable-sampling-review-packets-public-ledger.csv,data/working/issue19-official-unavailable-sampling-review-overlay-public-ledger.csv,local_sampling_review_overlay_not_public,local_sampling_review_packet_not_public,湖北招生考试2026年19期·本科普通批（下）,ee61fc69389f24a9a7830167113cf0ddc0447f8fa4b2743cd3241be60a9bd86d,issue19_official_unavailable_sampling_review_execution_queue,PDF页码×版面列,官方不可得抽样页列核验执行队列,false,false,false,false,false,false,false,135,left,135-left,4,1,E0-冲突/错位先核,00-先核PDF原页和湖北官方侧冲突,双人优先,逐条核 PDF 原页、湖北官方侧和必要高校辅证；冲突未消除前不得写回字段。,同页列100%；同校出现2个失败则同校100%；同专业组失败则整组100%。,11,11,2,10,10,0,0,0,1,10,0,0,1,10,11,11,10,1,0,0,0,0,0,0,0,0,R0-未开始私有核验记录,blocked_until_private_overlay_pdf_hubei_review_closed,sampling-review-page-135-image,c6bdb619e23f376d0be395e803de9ece928e0219c77a08dfad956006dc4773cd,sampling-review-page-135-ocr-summary,0be10230dee9f8ffb9631d0486efde85f7e345cad7355fe982a3de60748a24d9,sampling-review-135-left-csv,ace536821cd11ad2f048c1596e68e0d82a14d9bcc6722f1c2b27a15e2169d259,sampling-review-135-left-html,92582e5f94adc064de989b9ce12f775c4a35cde6c81439e89b4980875233e527,公开队列只保存页列计数、执行状态、证据编号和SHA；学校专业明细、字段记录、OCR明细和人工记录只留在本地私有包。,按执行队列总序打开本地页列HTML/CSV；把PDF原页、湖北官方侧、高校辅证和双人复核结论写回本地抽样复核Overlay。
SAMPLINGEXECQ-b809c0f6d16fc192,data/working/issue19-official-unavailable-sampling-review-packets-public-ledger.csv,data/working/issue19-official-unavailable-sampling-review-overlay-public-ledger.csv,local_sampling_review_overlay_not_public,local_sampling_review_packet_not_public,湖北招生考试2026年19期·本科普通批（下）,ee61fc69389f24a9a7830167113cf0ddc0447f8fa4b2743cd3241be60a9bd86d,issue19_official_unavailable_sampling_review_execution_queue,PDF页码×版面列,官方不可得抽样页列核验执行队列,false,false,false,false,false,false,false,209,right,209-right,5,2,E0-冲突/错位先核,00-先核PDF原页和湖北官方侧冲突,双人优先,逐条核 PDF 原页、湖北官方侧和必要高校辅证；冲突未消除前不得写回字段。,同页列100%；同校出现2个失败则同校100%；同专业组失败则整组100%。,13,13,1,9,2,4,3,4,0,2,7,4,0,5,13,13,13,0,0,0,0,0,0,0,0,0,R0-未开始私有核验记录,blocked_until_private_overlay_pdf_hubei_review_closed,sampling-review-page-209-image,337319545a8e1edf5715aaa7b029ef8d17fe80c292f94c3f2029acb31192c0c6,sampling-review-page-209-ocr-summary,520d92ba4334d4b40d89fb3db44c45f283e2cfeba5ac01c717626e097c981217,sampling-review-209-right-csv,55cee1cbeb8c57b6cb058487fc2747fb42fc589f42a07478a5657779a0e68f9c,sampling-review-209-right-html,a9faf24d62b12270fd6c2e2cdf7ce657b45519a87ceb9883bcde3c9e6a177df0,公开队列只保存页列计数、执行状态、证据编号和SHA；学校专业明细、字段记录、OCR明细和人工记录只留在本地私有包。,按执行队列总序打开本地页列HTML/CSV；把PDF原页、湖北官方侧、高校辅证和双人复核结论写回本地抽样复核Overlay。
SAMPLINGEXECQ-80d6faaa3dec7b77,data/working/issue19-official-unavailable-sampling-review-packets-public-ledger.csv,data/working/issue19-official-unavailable-sampling-review-overlay-public-ledger.csv,local_sampling_review_overlay_not_public,local_sampling_review_packet_not_public,湖北招生考试2026年19期·本科普通批（下）,ee61fc69389f24a9a7830167113cf0ddc0447f8fa4b2743cd3241be60a9bd86d,issue19_official_unavailable_sampling_review_execution_queue,PDF页码×版面列,官方不可得抽样页列核验执行队列,false,false,false,false,false,false,false,199,left,199-left,8,3,E0-冲突/错位先核,00-先核PDF原页和湖北官方侧冲突,双人优先,逐条核 PDF 原页、湖北官方侧和必要高校辅证；冲突未消除前不得写回字段。,同页列100%；同校出现2个失败则同校100%；同专业组失败则整组100%。,5,5,1,4,3,0,1,1,0,3,1,1,0,4,5,5,5,0,0,0,0,0,0,0,0,0,R0-未开始私有核验记录,blocked_until_private_overlay_pdf_hubei_review_closed,sampling-review-page-199-image,04a13d07b958a2165704e51511b21dd8118c1335395644eb673a1f635a140903,sampling-review-page-199-ocr-summary,2ae6fc4cdede1ac2acb60fa71836d17c1e43d420f4e29bff25a05f11f53a114c,sampling-review-199-left-csv,e4c2a5baf1aab5db38b7ba058ae28fed61f86de0b7be075c233c45b93d789b2b,sampling-review-199-left-html,df237f05456d0bbd699e0422c46ba2a4ccdcd9b8605f386d7c3eb4cd42f9622a,公开队列只保存页列计数、执行状态、证据编号和SHA；学校专业明细、字段记录、OCR明细和人工记录只留在本地私有包。,按执行队列总序打开本地页列HTML/CSV；把PDF原页、湖北官方侧、高校辅证和双人复核结论写回本地抽样复核Overlay。
SAMPLINGEXECQ-995976f8c93f6cee,data/working/issue19-official-unavailable-sampling-review-packets-public-ledger.csv,data/working/issue19-official-unavailable-sampling-review-overlay-public-ledger.csv,local_sampling_review_overlay_not_public,local_sampling_review_packet_not_public,湖北招生考试2026年19期·本科普通批（下）,ee61fc69389f24a9a7830167113cf0ddc0447f8fa4b2743cd3241be60a9bd86d,issue19_official_unavailable_sampling_review_execution_queue,PDF页码×版面列,官方不可得抽样页列核验执行队列,false,false,false,false,false,false,false,37,left,037-left,10,4,E0-冲突/错位先核,00-先核PDF原页和湖北官方侧冲突,双人优先,逐条核 PDF 原页、湖北官方侧和必要高校辅证；冲突未消除前不得写回字段。,同页列100%；同校出现2个失败则同校100%；同专业组失败则整组100%。,4,4,1,3,1,0,2,1,0,1,2,1,0,3,4,4,4,0,0,0,0,0,0,0,0,0,R0-未开始私有核验记录,blocked_until_private_overlay_pdf_hubei_review_closed,sampling-review-page-037-image,0f71485e0cc4cbe486a173fab6d3297d5f95051a59147d56aa098be032713dff,sampling-review-page-037-ocr-summary,15166656bdbaad58678026a88161e252db2e9bce912ead6631331d738f676ce9,sampling-review-037-left-csv,1955cc20c1a0d9c903467d34e321bb7362fa4d043cd999b0b6c6834239dbc3c6,sampling-review-037-left-html,45897c0c640d7a6024e695496487a32b5fcb924937cfe13e4c47d803da44ba2c,公开队列只保存页列计数、执行状态、证据编号和SHA；学校专业明细、字段记录、OCR明细和人工记录只留在本地私有包。,按执行队列总序打开本地页列HTML/CSV；把PDF原页、湖北官方侧、高校辅证和双人复核结论写回本地抽样复核Overlay。
SAMPLINGEXECQ-a2ff09a42dc7c99f,data/working/issue19-official-unavailable-sampling-review-packets-public-ledger.csv,data/working/issue19-official-unavailable-sampling-review-overlay-public-ledger.csv,local_sampling_review_overlay_not_public,local_sampling_review_packet_not_public,湖北招生考试2026年19期·本科普通批（下）,ee61fc69389f24a9a7830167113cf0ddc0447f8fa4b2743cd3241be60a9bd86d,issue19_official_unavailable_sampling_review_execution_queue,PDF页码×版面列,官方不可得抽样页列核验执行队列,false,false,false,false,false,false,false,169,right,169-right,2,5,E0-冲突/错位先核,00-先核PDF原页和湖北官方侧冲突,双人优先,逐条核 PDF 原页、湖北官方侧和必要高校辅证；冲突未消除前不得写回字段。,同页列100%；同校出现2个失败则同校100%；同专业组失败则整组100%。,14,14,1,12,1,10,1,2,0,1,11,2,0,2,14,14,14,0,0,0,0,0,0,0,0,0,R0-未开始私有核验记录,blocked_until_private_overlay_pdf_hubei_review_closed,sampling-review-page-169-image,68154a8768710ed161ae9744da6f34c0186a97e0ea1823cd0bea01436a70a3f1,sampling-review-page-169-ocr-summary,18292a8fa070135424a25d704f78f3bd8e18d0b477ce5beff8c5e3dd4049be34,sampling-review-169-right-csv,21186d2fcded4553f6fdfd86bfb68e06a310a6858ae93c2aa9ee2a5fad559d96,sampling-review-169-right-html,4b11dec05f1c35fb1673c1794b8ecce6b1a519a3833e8a6fc8b7eda77bd819ad,公开队列只保存页列计数、执行状态、证据编号和SHA；学校专业明细、字段记录、OCR明细和人工记录只留在本地私有包。,按执行队列总序打开本地页列HTML/CSV；把PDF原页、湖北官方侧、高校辅证和双人复核结论写回本地抽样复核Overlay。
SAMPLINGEXECQ-e6ec274b0f698293,data/working/issue19-official-unavailable-sampling-review-packets-public-ledger.csv,data/working/issue19-official-unavailable-sampling-review-overlay-public-ledger.csv,local_sampling_review_overlay_not_public,local_sampling_review_packet_not_public,湖北招生考试2026年19期·本科普通批（下）,ee61fc69389f24a9a7830167113cf0ddc0447f8fa4b2743cd3241be60a9bd86d,issue19_official_unavailable_sampling_review_execution_queue,PDF页码×版面列,官方不可得抽样页列核验执行队列,false,false,false,false,false,false,false,18,left,018-left,6,6,E0-冲突/错位先核,00-先核PDF原页和湖北官方侧冲突,双人优先,逐条核 PDF 原页、湖北官方侧和必要高校辅证；冲突未消除前不得写回字段。,同页列100%；同校出现2个失败则同校100%；同专业组失败则整组100%。,9,9,2,9,1,8,0,0,0,1,8,0,0,1,9,9,9,0,0,0,0,0,0,0,0,0,R0-未开始私有核验记录,blocked_until_private_overlay_pdf_hubei_review_closed,sampling-review-page-018-image,2e91f8dd3ddf578f1c137e511205ccfa4349e914cc6897563e39219ad2331f1c,sampling-review-page-018-ocr-summary,14f4ea716ab5b84c083b7b1a282fd39062c23426ccdcbc8b72b3b5d3f0d27279,sampling-review-018-left-csv,ced8b77d5b7196a70159a87ca16524656eabf7f5b5477503d14f0891cfae3085,sampling-review-018-left-html,e6d562b42f032a7b9d30a7ffb27a35583795a9459507ec3e8c80a22dec42e448,公开队列只保存页列计数、执行状态、证据编号和SHA；学校专业明细、字段记录、OCR明细和人工记录只留在本地私有包。,按执行队列总序打开本地页列HTML/CSV；把PDF原页、湖北官方侧、高校辅证和双人复核结论写回本地抽样复核Overlay。
SAMPLINGEXECQ-78395c670448d8e7,data/working/issue19-official-unavailable-sampling-review-packets-public-ledger.csv,data/working/issue19-official-unavailable-sampling-review-overlay-public-ledger.csv,local_sampling_review_overlay_not_public,local_sampling_review_packet_not_public,湖北招生考试2026年19期·本科普通批（下）,ee61fc69389f24a9a7830167113cf0ddc0447f8fa4b2743cd3241be60a9bd86d,issue19_official_unavailable_sampling_review_execution_queue,PDF页码×版面列,官方不可得抽样页列核验执行队列,false,false,false,false,false,false,false,137,right,137-right,20,7,E0-冲突/错位先核,00-先核PDF原页和湖北官方侧冲突,双人优先,逐条核 PDF 原页、湖北官方侧和必要高校辅证；冲突未消除前不得写回字段。,同页列100%；同校出现2个失败则同校100%；同专业组失败则整组100%。,4,4,2,1,1,0,0,2,1,1,0,2,1,1,4,4,3,1,0,0,0,0,0,0,0,0,R0-未开始私有核验记录,blocked_until_private_overlay_pdf_hubei_review_closed,sampling-review-page-137-image,35edae1167745f43f2b7b2907fa17a4150c9e60938893ca1d78a41a4a3895e40,sampling-review-page-137-ocr-summary,cdf690a0ad7024134f4106f13b158ff7680097db5b3441bd4debf41df886a7e4,sampling-review-137-right-csv,29e39cde5b731480d0d2e9dc63fbd90384a5a15ae90c92d87cf21d561ebe18a9,sampling-review-137-right-html,1184a0e105da2d3d5fc489b1f2d6d2f8f85d3255a4f884b357ccd0fb29c05bc5,公开队列只保存页列计数、执行状态、证据编号和SHA；学校专业明细、字段记录、OCR明细和人工记录只留在本地私有包。,按执行队列总序打开本地页列HTML/CSV；把PDF原页、湖北官方侧、高校辅证和双人复核结论写回本地抽样复核Overlay。
SAMPLINGEXECQ-784e5743f5cd9ea9,data/working/issue19-official-unavailable-sampling-review-packets-public-ledger.csv,data/working/issue19-official-unavailable-sampling-review-overlay-public-ledger.csv,local_sampling_review_overlay_not_public,local_sampling_review_packet_not_public,湖北招生考试2026年19期·本科普通批（下）,ee61fc69389f24a9a7830167113cf0ddc0447f8fa4b2743cd3241be60a9bd86d,issue19_official_unavailable_sampling_review_execution_queue,PDF页码×版面列,官方不可得抽样页列核验执行队列,false,false,false,false,false,false,false,70,right,070-right,3,8,E1-官网未匹配专业名归属,01-先确认专业名和归属,双人优先,先确认 PDF 原页专业名、组内位置和湖北官方侧，再用高校辅证确认是否同一专业。,同页列100%；同校出现2个失败则同校100%；同专业组失败则整组100%。,11,11,1,11,0,0,11,0,0,0,11,0,0,11,11,11,11,0,0,0,0,0,0,0,0,0,R0-未开始私有核验记录,blocked_until_private_overlay_pdf_hubei_review_closed,sampling-review-page-070-image,31a8fa321c47651c5e47aa7518b6066580a4f8430352effc2afdbc7ed7a7d909,sampling-review-page-070-ocr-summary,8c63d3c1beb34f1581118eee112ddd7131a1353c7836c8f4d885bf507efde235,sampling-review-070-right-csv,16cda1675d27f98b46e6256ddd3c3326c06687b9ce61fc98ccc98222849738e4,sampling-review-070-right-html,532c9c20dbadc253aa0583c1410b84659351deea9d1558fb63a40f39804e25cf,公开队列只保存页列计数、执行状态、证据编号和SHA；学校专业明细、字段记录、OCR明细和人工记录只留在本地私有包。,按执行队列总序打开本地页列HTML/CSV；把PDF原页、湖北官方侧、高校辅证和双人复核结论写回本地抽样复核Overlay。
SAMPLINGEXECQ-0ba31b56673f7d1a,data/working/issue19-official-unavailable-sampling-review-packets-public-ledger.csv,data/working/issue19-official-unavailable-sampling-review-overlay-public-ledger.csv,local_sampling_review_overlay_not_public,local_sampling_review_packet_not_public,湖北招生考试2026年19期·本科普通批（下）,ee61fc69389f24a9a7830167113cf0ddc0447f8fa4b2743cd3241be60a9bd86d,issue19_official_unavailable_sampling_review_execution_queue,PDF页码×版面列,官方不可得抽样页列核验执行队列,false,false,false,false,false,false,false,135,right,135-right,11,9,E1-官网未匹配专业名归属,01-先确认专业名和归属,双人优先,先确认 PDF 原页专业名、组内位置和湖北官方侧，再用高校辅证确认是否同一专业。,同页列100%；同校出现2个失败则同校100%；同专业组失败则整组100%。,4,4,1,3,0,0,3,1,0,0,3,1,0,3,4,4,4,0,0,0,0,0,0,0,0,0,R0-未开始私有核验记录,blocked_until_private_overlay_pdf_hubei_review_closed,sampling-review-page-135-image,c6bdb619e23f376d0be395e803de9ece928e0219c77a08dfad956006dc4773cd,sampling-review-page-135-ocr-summary,0be10230dee9f8ffb9631d0486efde85f7e345cad7355fe982a3de60748a24d9,sampling-review-135-right-csv,e5e0e78d4ec59874f80f3ae53eb945be53e7ab4b435f59d3b7b1b937d0308c69,sampling-review-135-right-html,73e9ca9d6f28f000b2659e7822a2d087d2c67f99a230dca98d4cb1e6cc41cf54,公开队列只保存页列计数、执行状态、证据编号和SHA；学校专业明细、字段记录、OCR明细和人工记录只留在本地私有包。,按执行队列总序打开本地页列HTML/CSV；把PDF原页、湖北官方侧、高校辅证和双人复核结论写回本地抽样复核Overlay。
SAMPLINGEXECQ-f893e6bf310f5449,data/working/issue19-official-unavailable-sampling-review-packets-public-ledger.csv,data/working/issue19-official-unavailable-sampling-review-overlay-public-ledger.csv,local_sampling_review_overlay_not_public,local_sampling_review_packet_not_public,湖北招生考试2026年19期·本科普通批（下）,ee61fc69389f24a9a7830167113cf0ddc0447f8fa4b2743cd3241be60a9bd86d,issue19_official_unavailable_sampling_review_execution_queue,PDF页码×版面列,官方不可得抽样页列核验执行队列,false,false,false,false,false,false,false,235,left,235-left,12,10,E1-官网未匹配专业名归属,01-先确认专业名和归属,双人优先,先确认 PDF 原页专业名、组内位置和湖北官方侧，再用高校辅证确认是否同一专业。,同页列100%；同校出现2个失败则同校100%；同专业组失败则整组100%。,4,4,1,2,0,0,2,2,0,0,2,2,0,2,4,4,4,0,0,0,0,0,0,0,0,0,R0-未开始私有核验记录,blocked_until_private_overlay_pdf_hubei_review_closed,sampling-review-page-235-image,35dde950859ace5ee66fbede63cc6db980e73af80cc874be0e78cee08b6dafc0,sampling-review-page-235-ocr-summary,9c6c8b614284932a95cdbed73246d2a036c49715d39169064f9b109cd505bf1e,sampling-review-235-left-csv,205b1f9a78b709c74cbaddeb5d06d50bfe1582be4c1c01f03b5047eabf93e19e,sampling-review-235-left-html,378ed2ab052ba6c1cbddda22fc4738f2f9cf9729215191abc85a3a4486ede1c0,公开队列只保存页列计数、执行状态、证据编号和SHA；学校专业明细、字段记录、OCR明细和人工记录只留在本地私有包。,按执行队列总序打开本地页列HTML/CSV；把PDF原页、湖北官方侧、高校辅证和双人复核结论写回本地抽样复核Overlay。
SAMPLINGEXECQ-002330b37f2388a9,data/working/issue19-official-unavailable-sampling-review-packets-public-ledger.csv,data/working/issue19-official-unavailable-sampling-review-overlay-public-ledger.csv,local_sampling_review_overlay_not_public,local_sampling_review_packet_not_public,湖北招生考试2026年19期·本科普通批（下）,ee61fc69389f24a9a7830167113cf0ddc0447f8fa4b2743cd3241be60a9bd86d,issue19_official_unavailable_sampling_review_execution_queue,PDF页码×版面列,官方不可得抽样页列核验执行队列,false,false,false,false,false,false,false,226,left,226-left,1,11,E1-官网未匹配专业名归属,01-先确认专业名和归属,双人优先,先确认 PDF 原页专业名、组内位置和湖北官方侧，再用高校辅证确认是否同一专业。,同页列100%；同校出现2个失败则同校100%；同专业组失败则整组100%。,20,20,2,20,0,19,1,0,0,0,20,0,0,1,20,20,20,0,0,0,0,0,0,0,0,0,R0-未开始私有核验记录,blocked_until_private_overlay_pdf_hubei_review_closed,sampling-review-page-226-image,73ef360e7be622ca02a9ca899f1258fa97cafa1f495d4fe787929a8a75f042ab,sampling-review-page-226-ocr-summary,45fefb3ba866c44d30fb0a050453d4a27945f5cff66e1a3f0bb336155eb42a97,sampling-review-226-left-csv,ab36702b41b0cb6e0dd17179d183eb9c601ccec4751699bbc6f68a26234c6971,sampling-review-226-left-html,ed04a218603a4b61b1daa6d58adc91a415abfd5210cc33bf2db8c7dca5530fe6,公开队列只保存页列计数、执行状态、证据编号和SHA；学校专业明细、字段记录、OCR明细和人工记录只留在本地私有包。,按执行队列总序打开本地页列HTML/CSV；把PDF原页、湖北官方侧、高校辅证和双人复核结论写回本地抽样复核Overlay。
SAMPLINGEXECQ-2644316b4c71b529,data/working/issue19-official-unavailable-sampling-review-packets-public-ledger.csv,data/working/issue19-official-unavailable-sampling-review-overlay-public-ledger.csv,local_sampling_review_overlay_not_public,local_sampling_review_packet_not_public,湖北招生考试2026年19期·本科普通批（下）,ee61fc69389f24a9a7830167113cf0ddc0447f8fa4b2743cd3241be60a9bd86d,issue19_official_unavailable_sampling_review_execution_queue,PDF页码×版面列,官方不可得抽样页列核验执行队列,false,false,false,false,false,false,false,56,left,056-left,7,12,E1-官网未匹配专业名归属,01-先确认专业名和归属,双人优先,先确认 PDF 原页专业名、组内位置和湖北官方侧，再用高校辅证确认是否同一专业。,同页列100%；同校出现2个失败则同校100%；同专业组失败则整组100%。,8,8,1,8,0,7,1,0,0,0,8,0,0,1,8,8,8,0,0,0,0,0,0,0,0,0,R0-未开始私有核验记录,blocked_until_private_overlay_pdf_hubei_review_closed,sampling-review-page-056-image,7e678674f04d3caffbdb708e4f1d763c325bcd9497a03cd60b650e1d31cf32b5,sampling-review-page-056-ocr-summary,9b0eb1f04a449850b963b9e54618c81f8381a7741cf36c9060205a21b50310cc,sampling-review-056-left-csv,4bf6f58abd12fe3fb6fd869c3eb8a0a75400a5c0b87360b472b3eb646e218506,sampling-review-056-left-html,1d4a840011d0438b8353f0194518208130e3eba816f5b98ad50651b9dc343d9f,公开队列只保存页列计数、执行状态、证据编号和SHA；学校专业明细、字段记录、OCR明细和人工记录只留在本地私有包。,按执行队列总序打开本地页列HTML/CSV；把PDF原页、湖北官方侧、高校辅证和双人复核结论写回本地抽样复核Overlay。
SAMPLINGEXECQ-9c89187d508418cb,data/working/issue19-official-unavailable-sampling-review-packets-public-ledger.csv,data/working/issue19-official-unavailable-sampling-review-overlay-public-ledger.csv,local_sampling_review_overlay_not_public,local_sampling_review_packet_not_public,湖北招生考试2026年19期·本科普通批（下）,ee61fc69389f24a9a7830167113cf0ddc0447f8fa4b2743cd3241be60a9bd86d,issue19_official_unavailable_sampling_review_execution_queue,PDF页码×版面列,官方不可得抽样页列核验执行队列,false,false,false,false,false,false,false,80,right,080-right,17,13,E1-官网未匹配专业名归属,01-先确认专业名和归属,双人优先,先确认 PDF 原页专业名、组内位置和湖北官方侧，再用高校辅证确认是否同一专业。,同页列100%；同校出现2个失败则同校100%；同专业组失败则整组100%。,5,5,4,1,0,0,1,4,0,0,1,4,0,1,5,5,5,0,0,0,0,0,0,0,0,0,R0-未开始私有核验记录,blocked_until_private_overlay_pdf_hubei_review_closed,sampling-review-page-080-image,19aa99b47345c817b0477ca2ec84bbf4d25ea260340fd9d33b96c4132d579389,sampling-review-page-080-ocr-summary,ec3dbfa287d7cf94e3a37cb7b5db46bcb277f080af827a7ef4e47499960798b1,sampling-review-080-right-csv,19ed8b0c74c8c08935b9ebdc9c79541985789e381363d4a2c0093d29fc08c948,sampling-review-080-right-html,176ea13561ed22fd193e2a0e379213c2cf60835f8fcef746a656046c7809aed1,公开队列只保存页列计数、执行状态、证据编号和SHA；学校专业明细、字段记录、OCR明细和人工记录只留在本地私有包。,按执行队列总序打开本地页列HTML/CSV；把PDF原页、湖北官方侧、高校辅证和双人复核结论写回本地抽样复核Overlay。
SAMPLINGEXECQ-2a7d96672c1821e9,data/working/issue19-official-unavailable-sampling-review-packets-public-ledger.csv,data/working/issue19-official-unavailable-sampling-review-overlay-public-ledger.csv,local_sampling_review_overlay_not_public,local_sampling_review_packet_not_public,湖北招生考试2026年19期·本科普通批（下）,ee61fc69389f24a9a7830167113cf0ddc0447f8fa4b2743cd3241be60a9bd86d,issue19_official_unavailable_sampling_review_execution_queue,PDF页码×版面列,官方不可得抽样页列核验执行队列,false,false,false,false,false,false,false,57,left,057-left,15,14,E1-官网未匹配专业名归属,01-先确认专业名和归属,双人优先,先确认 PDF 原页专业名、组内位置和湖北官方侧，再用高校辅证确认是否同一专业。,同页列100%；同校出现2个失败则同校100%；同专业组失败则整组100%。,2,2,1,1,0,0,1,1,0,0,1,1,0,1,2,2,2,0,0,0,0,0,0,0,0,0,R0-未开始私有核验记录,blocked_until_private_overlay_pdf_hubei_review_closed,sampling-review-page-057-image,84a344a8b022584fd78721abd6e1af9b81d95309e66439a5630a6aed1dd08daf,sampling-review-page-057-ocr-summary,0055cdb00054c9bd3fba9fc7caaacc5e8d63ecf51acd79ce977866808128d8af,sampling-review-057-left-csv,721ff0316d116882a4e9613ec8f90fe90687f9ee29c87f474a0fc298d65f5493,sampling-review-057-left-html,865952efc6774ce91ff561ba64964de2d9bd4d4add15309260de7f0813062274,公开队列只保存页列计数、执行状态、证据编号和SHA；学校专业明细、字段记录、OCR明细和人工记录只留在本地私有包。,按执行队列总序打开本地页列HTML/CSV；把PDF原页、湖北官方侧、高校辅证和双人复核结论写回本地抽样复核Overlay。
SAMPLINGEXECQ-caa2334f146a01f8,data/working/issue19-official-unavailable-sampling-review-packets-public-ledger.csv,data/working/issue19-official-unavailable-sampling-review-overlay-public-ledger.csv,local_sampling_review_overlay_not_public,local_sampling_review_packet_not_public,湖北招生考试2026年19期·本科普通批（下）,ee61fc69389f24a9a7830167113cf0ddc0447f8fa4b2743cd3241be60a9bd86d,issue19_official_unavailable_sampling_review_execution_queue,PDF页码×版面列,官方不可得抽样页列核验执行队列,false,false,false,false,false,false,false,36,right,036-right,14,15,E1-官网未匹配专业名归属,01-先确认专业名和归属,双人优先,先确认 PDF 原页专业名、组内位置和湖北官方侧，再用高校辅证确认是否同一专业。,同页列100%；同校出现2个失败则同校100%；同专业组失败则整组100%。,1,1,1,1,0,0,1,0,0,0,1,0,0,1,1,1,1,0,0,0,0,0,0,0,0,0,R0-未开始私有核验记录,blocked_until_private_overlay_pdf_hubei_review_closed,sampling-review-page-036-image,3f61fdab5d7bc5f1e51617a4c0014c9a1d8b4195f1cac9221f3e9813ea52161b,sampling-review-page-036-ocr-summary,6e6db40dcfd572d05ffb59958407ba6bfb598bbf17691041f5c4b4ec4390808e,sampling-review-036-right-csv,739844d27e9324ba4ce5a4284cb91722802a35a9ac33ecdba65bfd15c681f02f,sampling-review-036-right-html,2d43870a264630400022c83657bef14f8c357fc53e9a90006180c4b85b248990,公开队列只保存页列计数、执行状态、证据编号和SHA；学校专业明细、字段记录、OCR明细和人工记录只留在本地私有包。,按执行队列总序打开本地页列HTML/CSV；把PDF原页、湖北官方侧、高校辅证和双人复核结论写回本地抽样复核Overlay。
SAMPLINGEXECQ-c3668bd124cb8e6b,data/working/issue19-official-unavailable-sampling-review-packets-public-ledger.csv,data/working/issue19-official-unavailable-sampling-review-overlay-public-ledger.csv,local_sampling_review_overlay_not_public,local_sampling_review_packet_not_public,湖北招生考试2026年19期·本科普通批（下）,ee61fc69389f24a9a7830167113cf0ddc0447f8fa4b2743cd3241be60a9bd86d,issue19_official_unavailable_sampling_review_execution_queue,PDF页码×版面列,官方不可得抽样页列核验执行队列,false,false,false,false,false,false,false,70,left,070-left,16,16,E1-官网未匹配专业名归属,01-先确认专业名和归属,双人优先,先确认 PDF 原页专业名、组内位置和湖北官方侧，再用高校辅证确认是否同一专业。,同页列100%；同校出现2个失败则同校100%；同专业组失败则整组100%。,1,1,1,1,0,0,1,0,0,0,1,0,0,1,1,1,1,0,0,0,0,0,0,0,0,0,R0-未开始私有核验记录,blocked_until_private_overlay_pdf_hubei_review_closed,sampling-review-page-070-image,31a8fa321c47651c5e47aa7518b6066580a4f8430352effc2afdbc7ed7a7d909,sampling-review-page-070-ocr-summary,8c63d3c1beb34f1581118eee112ddd7131a1353c7836c8f4d885bf507efde235,sampling-review-070-left-csv,49ccfacd084bb1da7c7335f886fb1352ceb42771c0d6a7c44dd424294ec46ee8,sampling-review-070-left-html,c7e7cf8110e133e4a76bd4fb9299238096f0a8430093d9e0252d1eedecca0b9c,公开队列只保存页列计数、执行状态、证据编号和SHA；学校专业明细、字段记录、OCR明细和人工记录只留在本地私有包。,按执行队列总序打开本地页列HTML/CSV；把PDF原页、湖北官方侧、高校辅证和双人复核结论写回本地抽样复核Overlay。
SAMPLINGEXECQ-26d9994f4fef6b19,data/working/issue19-official-unavailable-sampling-review-packets-public-ledger.csv,data/working/issue19-official-unavailable-sampling-review-overlay-public-ledger.csv,local_sampling_review_overlay_not_public,local_sampling_review_packet_not_public,湖北招生考试2026年19期·本科普通批（下）,ee61fc69389f24a9a7830167113cf0ddc0447f8fa4b2743cd3241be60a9bd86d,issue19_official_unavailable_sampling_review_execution_queue,PDF页码×版面列,官方不可得抽样页列核验执行队列,false,false,false,false,false,false,false,81,left,081-left,18,17,E1-官网未匹配专业名归属,01-先确认专业名和归属,双人优先,先确认 PDF 原页专业名、组内位置和湖北官方侧，再用高校辅证确认是否同一专业。,同页列100%；同校出现2个失败则同校100%；同专业组失败则整组100%。,1,1,1,1,0,0,1,0,0,0,1,0,0,1,1,1,1,0,0,0,0,0,0,0,0,0,R0-未开始私有核验记录,blocked_until_private_overlay_pdf_hubei_review_closed,sampling-review-page-081-image,88e8264c3f18f63a1343fd197fa808d7d42897f73b041c25b2729650a6ed4d8a,sampling-review-page-081-ocr-summary,1e163ac65473bc0aa14b43a6192a4d93f1ab38bea4e694f1d4fb0b204d728302,sampling-review-081-left-csv,11eba00094a61cf4ea42a3cb44481ecaf59f5a6173649775dabfa508ea68581e,sampling-review-081-left-html,b9770bdf30cff9adfd41c22915c4f0718f1858482af0d628e73f40985bfaad28,公开队列只保存页列计数、执行状态、证据编号和SHA；学校专业明细、字段记录、OCR明细和人工记录只留在本地私有包。,按执行队列总序打开本地页列HTML/CSV；把PDF原页、湖北官方侧、高校辅证和双人复核结论写回本地抽样复核Overlay。
SAMPLINGEXECQ-2cf1ea6e9a52e377,data/working/issue19-official-unavailable-sampling-review-packets-public-ledger.csv,data/working/issue19-official-unavailable-sampling-review-overlay-public-ledger.csv,local_sampling_review_overlay_not_public,local_sampling_review_packet_not_public,湖北招生考试2026年19期·本科普通批（下）,ee61fc69389f24a9a7830167113cf0ddc0447f8fa4b2743cd3241be60a9bd86d,issue19_official_unavailable_sampling_review_execution_queue,PDF页码×版面列,官方不可得抽样页列核验执行队列,false,false,false,false,false,false,false,96,right,096-right,19,18,E1-官网未匹配专业名归属,01-先确认专业名和归属,双人优先,先确认 PDF 原页专业名、组内位置和湖北官方侧，再用高校辅证确认是否同一专业。,同页列100%；同校出现2个失败则同校100%；同专业组失败则整组100%。,1,1,1,1,0,0,1,0,0,0,1,0,0,1,1,1,1,0,0,0,0,0,0,0,0,0,R0-未开始私有核验记录,blocked_until_private_overlay_pdf_hubei_review_closed,sampling-review-page-096-image,9018005425e6c32672316c5a46908b04de1658cf2732dcd68be62448f5a88be4,sampling-review-page-096-ocr-summary,decca3dfd2654307bbbb8bb18ec930019fa01cd6ec28f1678eaa03ae291c5a62,sampling-review-096-right-csv,465b8e7c6c4b04a47e757f7fde31a29a4bc9896368862a311de01de7452a16d1,sampling-review-096-right-html,d01d70567b132df797dbbb863dadeca3b4ea8adecbb002f9106f262e79077f24,公开队列只保存页列计数、执行状态、证据编号和SHA；学校专业明细、字段记录、OCR明细和人工记录只留在本地私有包。,按执行队列总序打开本地页列HTML/CSV；把PDF原页、湖北官方侧、高校辅证和双人复核结论写回本地抽样复核Overlay。
SAMPLINGEXECQ-8170b39e108de758,data/working/issue19-official-unavailable-sampling-review-packets-public-ledger.csv,data/working/issue19-official-unavailable-sampling-review-overlay-public-ledger.csv,local_sampling_review_overlay_not_public,local_sampling_review_packet_not_public,湖北招生考试2026年19期·本科普通批（下）,ee61fc69389f24a9a7830167113cf0ddc0447f8fa4b2743cd3241be60a9bd86d,issue19_official_unavailable_sampling_review_execution_queue,PDF页码×版面列,官方不可得抽样页列核验执行队列,false,false,false,false,false,false,false,109,left,109-left,9,19,E2-官网补缺候选核页,02-核PDF原页缺口和湖北官方侧,单人初核加抽检,用高校辅证作为提示，回看 PDF 原页和湖北官方侧补齐缺口字段。,同页列100%；同校出现2个失败则同校100%；同专业组失败则整组100%。,4,4,1,4,0,4,0,0,0,0,4,0,0,0,4,4,4,0,0,0,0,0,0,0,0,0,R0-未开始私有核验记录,blocked_until_private_overlay_pdf_hubei_review_closed,sampling-review-page-109-image,533edd540e60b82207ab620eebfe0228378dafe8f0faa4eb9d8e9a32c656f5ed,sampling-review-page-109-ocr-summary,dda5ab96dfb245083f70f722239b426934d4da0592aec2d5ab1fda0307e670f9,sampling-review-109-left-csv,aa91de620c01358981d7befe68eef2f46d3bf893c30aaeaa92096acaee4095be,sampling-review-109-left-html,3ef1f3cada0bf607e63fb9db763016d8cf27d0fbc6e18b8d03d1fe218d54f6c5,公开队列只保存页列计数、执行状态、证据编号和SHA；学校专业明细、字段记录、OCR明细和人工记录只留在本地私有包。,按执行队列总序打开本地页列HTML/CSV；把PDF原页、湖北官方侧、高校辅证和双人复核结论写回本地抽样复核Overlay。
SAMPLINGEXECQ-fd85fe3ba76726b8,data/working/issue19-official-unavailable-sampling-review-packets-public-ledger.csv,data/working/issue19-official-unavailable-sampling-review-overlay-public-ledger.csv,local_sampling_review_overlay_not_public,local_sampling_review_packet_not_public,湖北招生考试2026年19期·本科普通批（下）,ee61fc69389f24a9a7830167113cf0ddc0447f8fa4b2743cd3241be60a9bd86d,issue19_official_unavailable_sampling_review_execution_queue,PDF页码×版面列,官方不可得抽样页列核验执行队列,false,false,false,false,false,false,false,137,left,137-left,21,20,E2-官网补缺候选核页,02-核PDF原页缺口和湖北官方侧,单人初核加抽检,用高校辅证作为提示，回看 PDF 原页和湖北官方侧补齐缺口字段。,同页列100%；同校出现2个失败则同校100%；同专业组失败则整组100%。,4,4,1,1,0,1,0,3,0,0,1,3,0,0,4,4,4,0,0,0,0,0,0,0,0,0,R0-未开始私有核验记录,blocked_until_private_overlay_pdf_hubei_review_closed,sampling-review-page-137-image,35edae1167745f43f2b7b2907fa17a4150c9e60938893ca1d78a41a4a3895e40,sampling-review-page-137-ocr-summary,cdf690a0ad7024134f4106f13b158ff7680097db5b3441bd4debf41df886a7e4,sampling-review-137-left-csv,f60167b2b5255e62400ee8a86b0ca272df2142593ceffcea1444850200b85d14,sampling-review-137-left-html,c4d48a5c7a9fec1e8c04be1e9bf1dad3c74a39e38b8765a839089c7b127c1592,公开队列只保存页列计数、执行状态、证据编号和SHA；学校专业明细、字段记录、OCR明细和人工记录只留在本地私有包。,按执行队列总序打开本地页列HTML/CSV；把PDF原页、湖北官方侧、高校辅证和双人复核结论写回本地抽样复核Overlay。
SAMPLINGEXECQ-61a5fe266788b879,data/working/issue19-official-unavailable-sampling-review-packets-public-ledger.csv,data/working/issue19-official-unavailable-sampling-review-overlay-public-ledger.csv,local_sampling_review_overlay_not_public,local_sampling_review_packet_not_public,湖北招生考试2026年19期·本科普通批（下）,ee61fc69389f24a9a7830167113cf0ddc0447f8fa4b2743cd3241be60a9bd86d,issue19_official_unavailable_sampling_review_execution_queue,PDF页码×版面列,官方不可得抽样页列核验执行队列,false,false,false,false,false,false,false,226,right,226-right,13,21,E2-官网补缺候选核页,02-核PDF原页缺口和湖北官方侧,单人初核加抽检,用高校辅证作为提示，回看 PDF 原页和湖北官方侧补齐缺口字段。,同页列100%；同校出现2个失败则同校100%；同专业组失败则整组100%。,2,2,2,2,0,2,0,0,0,0,2,0,0,0,2,2,2,0,0,0,0,0,0,0,0,0,R0-未开始私有核验记录,blocked_until_private_overlay_pdf_hubei_review_closed,sampling-review-page-226-image,73ef360e7be622ca02a9ca899f1258fa97cafa1f495d4fe787929a8a75f042ab,sampling-review-page-226-ocr-summary,45fefb3ba866c44d30fb0a050453d4a27945f5cff66e1a3f0bb336155eb42a97,sampling-review-226-right-csv,cc3eed848f903621bc56838367b0db03b4668aa225a01b270119b39c42bc687c,sampling-review-226-right-html,846a7e742fa922dc8c49f8fc98246458eee861c7b34247fea23ee1fc55798e48,公开队列只保存页列计数、执行状态、证据编号和SHA；学校专业明细、字段记录、OCR明细和人工记录只留在本地私有包。,按执行队列总序打开本地页列HTML/CSV；把PDF原页、湖北官方侧、高校辅证和双人复核结论写回本地抽样复核Overlay。
SAMPLINGEXECQ-9be60b6923dfa3ef,data/working/issue19-official-unavailable-sampling-review-packets-public-ledger.csv,data/working/issue19-official-unavailable-sampling-review-overlay-public-ledger.csv,local_sampling_review_overlay_not_public,local_sampling_review_packet_not_public,湖北招生考试2026年19期·本科普通批（下）,ee61fc69389f24a9a7830167113cf0ddc0447f8fa4b2743cd3241be60a9bd86d,issue19_official_unavailable_sampling_review_execution_queue,PDF页码×版面列,官方不可得抽样页列核验执行队列,false,false,false,false,false,false,false,69,right,069-right,22,22,E3-C2强辅证抽检,03-强辅证样本抽检,单人初核加抽检,核 PDF 原页和湖北官方侧；若样本失败，按同页列、同校或同组升级。,同页列100%；同校出现2个失败则同校100%；同专业组失败则整组100%。,3,3,1,0,0,0,0,3,0,0,0,3,0,0,3,3,3,0,0,0,0,0,0,0,0,0,R0-未开始私有核验记录,blocked_until_private_overlay_pdf_hubei_review_closed,sampling-review-page-069-image,6ff6e44cf7b51f54a0ccbfffdfbf1abad11b038412355c1cb50eb1d305f246da,sampling-review-page-069-ocr-summary,92d421d19ed23f48069c26a16d84c99698fb030d0f8d505491e98e3f173654ad,sampling-review-069-right-csv,2b45ae20ebc504aae8f37155df8eadef14fffdd7516f384e2ea64858e17bbe3c,sampling-review-069-right-html,09263d218a71843e23fb9122435f21ce1ad189f5ce3596829d0b905bad955164,公开队列只保存页列计数、执行状态、证据编号和SHA；学校专业明细、字段记录、OCR明细和人工记录只留在本地私有包。,按执行队列总序打开本地页列HTML/CSV；把PDF原页、湖北官方侧、高校辅证和双人复核结论写回本地抽样复核Overlay。
SAMPLINGEXECQ-0b253b8b45c42c8a,data/working/issue19-official-unavailable-sampling-review-packets-public-ledger.csv,data/working/issue19-official-unavailable-sampling-review-overlay-public-ledger.csv,local_sampling_review_overlay_not_public,local_sampling_review_packet_not_public,湖北招生考试2026年19期·本科普通批（下）,ee61fc69389f24a9a7830167113cf0ddc0447f8fa4b2743cd3241be60a9bd86d,issue19_official_unavailable_sampling_review_execution_queue,PDF页码×版面列,官方不可得抽样页列核验执行队列,false,false,false,false,false,false,false,80,left,080-left,23,23,E3-C2强辅证抽检,03-强辅证样本抽检,单人初核加抽检,核 PDF 原页和湖北官方侧；若样本失败，按同页列、同校或同组升级。,同页列100%；同校出现2个失败则同校100%；同专业组失败则整组100%。,1,1,1,0,0,0,0,1,0,0,0,1,0,0,1,1,1,0,0,0,0,0,0,0,0,0,R0-未开始私有核验记录,blocked_until_private_overlay_pdf_hubei_review_closed,sampling-review-page-080-image,19aa99b47345c817b0477ca2ec84bbf4d25ea260340fd9d33b96c4132d579389,sampling-review-page-080-ocr-summary,ec3dbfa287d7cf94e3a37cb7b5db46bcb277f080af827a7ef4e47499960798b1,sampling-review-080-left-csv,94b2736c6ee1a938c72e4db5bff49e74d0fbbec1568289ae8241ec013ea36656,sampling-review-080-left-html,a60aa3bd574ec377b7cb82cc0ec3749d78a327762f1cca4d7ed75c742953b665,公开队列只保存页列计数、执行状态、证据编号和SHA；学校专业明细、字段记录、OCR明细和人工记录只留在本地私有包。,按执行队列总序打开本地页列HTML/CSV；把PDF原页、湖北官方侧、高校辅证和双人复核结论写回本地抽样复核Overlay。
SAMPLINGEXECQ-b0ed52fac9d035ee,data/working/issue19-official-unavailable-sampling-review-packets-public-ledger.csv,data/working/issue19-official-unavailable-sampling-review-overlay-public-ledger.csv,local_sampling_review_overlay_not_public,local_sampling_review_packet_not_public,湖北招生考试2026年19期·本科普通批（下）,ee61fc69389f24a9a7830167113cf0ddc0447f8fa4b2743cd3241be60a9bd86d,issue19_official_unavailable_sampling_review_execution_queue,PDF页码×版面列,官方不可得抽样页列核验执行队列,false,false,false,false,false,false,false,101,left,101-left,24,24,E4-P3低风险抽检,04-低风险样本验收,单人抽检,抽检 PDF 原页和湖北官方侧；失败即升级，不得因为低风险直接定稿。,同页列100%；同校出现2个失败则同校100%；同专业组失败则整组100%。,1,1,1,0,0,0,0,0,1,0,0,0,1,0,1,1,0,1,0,0,0,0,0,0,0,0,R0-未开始私有核验记录,blocked_until_private_overlay_pdf_hubei_review_closed,sampling-review-page-101-image,708f6c78ad58d1fa3ab6c380db8bd8c0364ca98bccf9cb7d8ad5c4fc8f01e915,sampling-review-page-101-ocr-summary,963fa6c275a35e98b64707353c463e0bc3868050b25e5f9e4ee9169d58c0f83b,sampling-review-101-left-csv,c9986b29a08e4aafd3a799468492cfc3c497dd5a9437eedc0879f6b007d28b13,sampling-review-101-left-html,f66abc2f014aac7d39d876566beb4a169387b0ec596069a6e0b26cf89f020a30,公开队列只保存页列计数、执行状态、证据编号和SHA；学校专业明细、字段记录、OCR明细和人工记录只留在本地私有包。,按执行队列总序打开本地页列HTML/CSV；把PDF原页、湖北官方侧、高校辅证和双人复核结论写回本地抽样复核Overlay。
SAMPLINGEXECQ-61845269f724e6ee,data/working/issue19-official-unavailable-sampling-review-packets-public-ledger.csv,data/working/issue19-official-unavailable-sampling-review-overlay-public-ledger.csv,local_sampling_review_overlay_not_public,local_sampling_review_packet_not_public,湖北招生考试2026年19期·本科普通批（下）,ee61fc69389f24a9a7830167113cf0ddc0447f8fa4b2743cd3241be60a9bd86d,issue19_official_unavailable_sampling_review_execution_queue,PDF页码×版面列,官方不可得抽样页列核验执行队列,false,false,false,false,false,false,false,102,left,102-left,25,25,E4-P3低风险抽检,04-低风险样本验收,单人抽检,抽检 PDF 原页和湖北官方侧；失败即升级，不得因为低风险直接定稿。,同页列100%；同校出现2个失败则同校100%；同专业组失败则整组100%。,1,1,1,0,0,0,0,0,1,0,0,0,1,0,1,1,0,1,0,0,0,0,0,0,0,0,R0-未开始私有核验记录,blocked_until_private_overlay_pdf_hubei_review_closed,sampling-review-page-102-image,9a2d0b25c49680d3e33faa1b6a65da26eb1e36923eb247bbe720350a07c429c1,sampling-review-page-102-ocr-summary,062a9878170a71cb17e85d50eb2370e46e0a20bbf5cf1102b289931884d7e81b,sampling-review-102-left-csv,35c7204b23aa52a3e4601f98b1ac36ca25598cf30c71f24370517acd61865d4b,sampling-review-102-left-html,95502fb00c5f083f1c366c34b560cd4ded562097f0563d1271ccd1c0da908c6b,公开队列只保存页列计数、执行状态、证据编号和SHA；学校专业明细、字段记录、OCR明细和人工记录只留在本地私有包。,按执行队列总序打开本地页列HTML/CSV；把PDF原页、湖北官方侧、高校辅证和双人复核结论写回本地抽样复核Overlay。
SAMPLINGEXECQ-0f4aed19bba1d8e0,data/working/issue19-official-unavailable-sampling-review-packets-public-ledger.csv,data/working/issue19-official-unavailable-sampling-review-overlay-public-ledger.csv,local_sampling_review_overlay_not_public,local_sampling_review_packet_not_public,湖北招生考试2026年19期·本科普通批（下）,ee61fc69389f24a9a7830167113cf0ddc0447f8fa4b2743cd3241be60a9bd86d,issue19_official_unavailable_sampling_review_execution_queue,PDF页码×版面列,官方不可得抽样页列核验执行队列,false,false,false,false,false,false,false,103,right,103-right,26,26,E4-P3低风险抽检,04-低风险样本验收,单人抽检,抽检 PDF 原页和湖北官方侧；失败即升级，不得因为低风险直接定稿。,同页列100%；同校出现2个失败则同校100%；同专业组失败则整组100%。,1,1,1,0,0,0,0,0,1,0,0,0,1,0,1,1,0,1,0,0,0,0,0,0,0,0,R0-未开始私有核验记录,blocked_until_private_overlay_pdf_hubei_review_closed,sampling-review-page-103-image,4ed437a97d0ce2f98b569896154fbee8a4662b40261fa79eadfb4c9a6aa9d245,sampling-review-page-103-ocr-summary,d87b055f4857cf629b1e09976437fae4373c853b91dec5a39fe8fd73b776fcc3,sampling-review-103-right-csv,2fa7e9fcf3ac172f6d401b842a43ed0020c33a9a991abaca3b4782693410da11,sampling-review-103-right-html,827ad7d66aa6dda24b47a5fa575899d31ebfaee5319846373509bd6308ed8c22,公开队列只保存页列计数、执行状态、证据编号和SHA；学校专业明细、字段记录、OCR明细和人工记录只留在本地私有包。,按执行队列总序打开本地页列HTML/CSV；把PDF原页、湖北官方侧、高校辅证和双人复核结论写回本地抽样复核Overlay。
SAMPLINGEXECQ-0a93d79416745ca4,data/working/issue19-official-unavailable-sampling-review-packets-public-ledger.csv,data/working/issue19-official-unavailable-sampling-review-overlay-public-ledger.csv,local_sampling_review_overlay_not_public,local_sampling_review_packet_not_public,湖北招生考试2026年19期·本科普通批（下）,ee61fc69389f24a9a7830167113cf0ddc0447f8fa4b2743cd3241be60a9bd86d,issue19_official_unavailable_sampling_review_execution_queue,PDF页码×版面列,官方不可得抽样页列核验执行队列,false,false,false,false,false,false,false,105,right,105-right,27,27,E4-P3低风险抽检,04-低风险样本验收,单人抽检,抽检 PDF 原页和湖北官方侧；失败即升级，不得因为低风险直接定稿。,同页列100%；同校出现2个失败则同校100%；同专业组失败则整组100%。,1,1,1,0,0,0,0,0,1,0,0,0,1,0,1,1,0,1,0,0,0,0,0,0,0,0,R0-未开始私有核验记录,blocked_until_private_overlay_pdf_hubei_review_closed,sampling-review-page-105-image,080ab136ae6eac81300ff919c7589b89c1359121029cc50cfb06df1df4eeb390,sampling-review-page-105-ocr-summary,c6939dd510748248676ac72e2eb1a3cef93a15c230a1bebdae92c7afc2231e31,sampling-review-105-right-csv,d49ec19e8c4f84803aaa5d9d44431c7adef604bed9fdec44b97612b890fbf129,sampling-review-105-right-html,d1ccd8a0f2dd61009a78ab117f45457eceb43c930bb7b16b3d7a51ab2f980876,公开队列只保存页列计数、执行状态、证据编号和SHA；学校专业明细、字段记录、OCR明细和人工记录只留在本地私有包。,按执行队列总序打开本地页列HTML/CSV；把PDF原页、湖北官方侧、高校辅证和双人复核结论写回本地抽样复核Overlay。
SAMPLINGEXECQ-e2ff8bcf19c15f6d,data/working/issue19-official-unavailable-sampling-review-packets-public-ledger.csv,data/working/issue19-official-unavailable-sampling-review-overlay-public-ledger.csv,local_sampling_review_overlay_not_public,local_sampling_review_packet_not_public,湖北招生考试2026年19期·本科普通批（下）,ee61fc69389f24a9a7830167113cf0ddc0447f8fa4b2743cd3241be60a9bd86d,issue19_official_unavailable_sampling_review_execution_queue,PDF页码×版面列,官方不可得抽样页列核验执行队列,false,false,false,false,false,false,false,106,left,106-left,28,28,E4-P3低风险抽检,04-低风险样本验收,单人抽检,抽检 PDF 原页和湖北官方侧；失败即升级，不得因为低风险直接定稿。,同页列100%；同校出现2个失败则同校100%；同专业组失败则整组100%。,1,1,1,0,0,0,0,0,1,0,0,0,1,0,1,1,0,1,0,0,0,0,0,0,0,0,R0-未开始私有核验记录,blocked_until_private_overlay_pdf_hubei_review_closed,sampling-review-page-106-image,b1e67bd82feb84105a6bb8cb9af934f1dbd26934af18900e4932d1326d063df0,sampling-review-page-106-ocr-summary,8c313d2c69a6fdf1639aa8545dc38fbab8b483e0607157f92344104f338c3684,sampling-review-106-left-csv,cec7a0abcb8cb56ecaf8fe1b36ed72a8e9535a7a94cedeb652db1f4222370192,sampling-review-106-left-html,91d07c5f5896c71b15fb5c280b95f1e91873179794b86d1eb60a69e7b1bb48a1,公开队列只保存页列计数、执行状态、证据编号和SHA；学校专业明细、字段记录、OCR明细和人工记录只留在本地私有包。,按执行队列总序打开本地页列HTML/CSV；把PDF原页、湖北官方侧、高校辅证和双人复核结论写回本地抽样复核Overlay。
SAMPLINGEXECQ-c648d189fc20ad65,data/working/issue19-official-unavailable-sampling-review-packets-public-ledger.csv,data/working/issue19-official-unavailable-sampling-review-overlay-public-ledger.csv,local_sampling_review_overlay_not_public,local_sampling_review_packet_not_public,湖北招生考试2026年19期·本科普通批（下）,ee61fc69389f24a9a7830167113cf0ddc0447f8fa4b2743cd3241be60a9bd86d,issue19_official_unavailable_sampling_review_execution_queue,PDF页码×版面列,官方不可得抽样页列核验执行队列,false,false,false,false,false,false,false,107,left,107-left,29,29,E4-P3低风险抽检,04-低风险样本验收,单人抽检,抽检 PDF 原页和湖北官方侧；失败即升级，不得因为低风险直接定稿。,同页列100%；同校出现2个失败则同校100%；同专业组失败则整组100%。,1,1,1,0,0,0,0,0,1,0,0,0,1,0,1,1,0,1,0,0,0,0,0,0,0,0,R0-未开始私有核验记录,blocked_until_private_overlay_pdf_hubei_review_closed,sampling-review-page-107-image,7e303265f415a1e02e9080c0651a360e30d072c265a8c9ff0d43fc22ad70425c,sampling-review-page-107-ocr-summary,c207c69b694235c183d5fd69e1d2c9ada9b4d17f642006c3ca077465f68adc05,sampling-review-107-left-csv,4af2503380bc95f0f1b2b6c863b93de22dafb98a5b0bf28d82b8ef626ea5c63a,sampling-review-107-left-html,3d1136dccab937bb73be5314b78a0fe91a3e58a49a44e2d29b8dd45cf7661356,公开队列只保存页列计数、执行状态、证据编号和SHA；学校专业明细、字段记录、OCR明细和人工记录只留在本地私有包。,按执行队列总序打开本地页列HTML/CSV；把PDF原页、湖北官方侧、高校辅证和双人复核结论写回本地抽样复核Overlay。
SAMPLINGEXECQ-9d43f0baffdb47ae,data/working/issue19-official-unavailable-sampling-review-packets-public-ledger.csv,data/working/issue19-official-unavailable-sampling-review-overlay-public-ledger.csv,local_sampling_review_overlay_not_public,local_sampling_review_packet_not_public,湖北招生考试2026年19期·本科普通批（下）,ee61fc69389f24a9a7830167113cf0ddc0447f8fa4b2743cd3241be60a9bd86d,issue19_official_unavailable_sampling_review_execution_queue,PDF页码×版面列,官方不可得抽样页列核验执行队列,false,false,false,false,false,false,false,108,left,108-left,30,30,E4-P3低风险抽检,04-低风险样本验收,单人抽检,抽检 PDF 原页和湖北官方侧；失败即升级，不得因为低风险直接定稿。,同页列100%；同校出现2个失败则同校100%；同专业组失败则整组100%。,1,1,1,0,0,0,0,0,1,0,0,0,1,0,1,1,0,1,0,0,0,0,0,0,0,0,R0-未开始私有核验记录,blocked_until_private_overlay_pdf_hubei_review_closed,sampling-review-page-108-image,e41f87cb91cc30fe98547c8cdea4efea074cb94f1263a6cb6fb8fa4824e1d422,sampling-review-page-108-ocr-summary,4acf856946cad3d668dd8f4d516cc444455317d8563f669dd35bfd204a77d8ea,sampling-review-108-left-csv,dedaf7506cdd2acbd0ee0c6b543064efe929f7a5a14e3af3591b7578d260e56a,sampling-review-108-left-html,1b17cc5ba473f108129e0b20089e933ff585e3c29d2aa7beaa1b5d2c72183de7,公开队列只保存页列计数、执行状态、证据编号和SHA；学校专业明细、字段记录、OCR明细和人工记录只留在本地私有包。,按执行队列总序打开本地页列HTML/CSV；把PDF原页、湖北官方侧、高校辅证和双人复核结论写回本地抽样复核Overlay。
SAMPLINGEXECQ-88c5fa8768957e32,data/working/issue19-official-unavailable-sampling-review-packets-public-ledger.csv,data/working/issue19-official-unavailable-sampling-review-overlay-public-ledger.csv,local_sampling_review_overlay_not_public,local_sampling_review_packet_not_public,湖北招生考试2026年19期·本科普通批（下）,ee61fc69389f24a9a7830167113cf0ddc0447f8fa4b2743cd3241be60a9bd86d,issue19_official_unavailable_sampling_review_execution_queue,PDF页码×版面列,官方不可得抽样页列核验执行队列,false,false,false,false,false,false,false,109,right,109-right,31,31,E4-P3低风险抽检,04-低风险样本验收,单人抽检,抽检 PDF 原页和湖北官方侧；失败即升级，不得因为低风险直接定稿。,同页列100%；同校出现2个失败则同校100%；同专业组失败则整组100%。,1,1,1,0,0,0,0,0,1,0,0,0,1,0,1,1,0,1,0,0,0,0,0,0,0,0,R0-未开始私有核验记录,blocked_until_private_overlay_pdf_hubei_review_closed,sampling-review-page-109-image,533edd540e60b82207ab620eebfe0228378dafe8f0faa4eb9d8e9a32c656f5ed,sampling-review-page-109-ocr-summary,dda5ab96dfb245083f70f722239b426934d4da0592aec2d5ab1fda0307e670f9,sampling-review-109-right-csv,6da3002a73b5203e5b8c4f3dcca23613f26f13b2fbf8c8d8fdeb9a776d4efc09,sampling-review-109-right-html,4bacd4032ddb9d6e104bd62fa26d635ca5a2ad1cf326a80bef11ca243fc4a353,公开队列只保存页列计数、执行状态、证据编号和SHA；学校专业明细、字段记录、OCR明细和人工记录只留在本地私有包。,按执行队列总序打开本地页列HTML/CSV；把PDF原页、湖北官方侧、高校辅证和双人复核结论写回本地抽样复核Overlay。
SAMPLINGEXECQ-cc2a8148ee1092c6,data/working/issue19-official-unavailable-sampling-review-packets-public-ledger.csv,data/working/issue19-official-unavailable-sampling-review-overlay-public-ledger.csv,local_sampling_review_overlay_not_public,local_sampling_review_packet_not_public,湖北招生考试2026年19期·本科普通批（下）,ee61fc69389f24a9a7830167113cf0ddc0447f8fa4b2743cd3241be60a9bd86d,issue19_official_unavailable_sampling_review_execution_queue,PDF页码×版面列,官方不可得抽样页列核验执行队列,false,false,false,false,false,false,false,110,left,110-left,32,32,E4-P3低风险抽检,04-低风险样本验收,单人抽检,抽检 PDF 原页和湖北官方侧；失败即升级，不得因为低风险直接定稿。,同页列100%；同校出现2个失败则同校100%；同专业组失败则整组100%。,1,1,1,0,0,0,0,0,1,0,0,0,1,0,1,1,0,1,0,0,0,0,0,0,0,0,R0-未开始私有核验记录,blocked_until_private_overlay_pdf_hubei_review_closed,sampling-review-page-110-image,979383f5b7e3754c7b967be02809f6da2789eb482925145efef544807a894b94,sampling-review-page-110-ocr-summary,5534b79f3ac63757ce141d9a14d298f4d246b8a13457fa58f4f50b63435b758d,sampling-review-110-left-csv,7c7b819af1948dfda38c633aedfd841cab944232bc5afa4a36422c8c6bd4e8a1,sampling-review-110-left-html,def71aeac390ef848af4a5d0f6e4f20dab871fc3853ed5270af8188fab654d11,公开队列只保存页列计数、执行状态、证据编号和SHA；学校专业明细、字段记录、OCR明细和人工记录只留在本地私有包。,按执行队列总序打开本地页列HTML/CSV；把PDF原页、湖北官方侧、高校辅证和双人复核结论写回本地抽样复核Overlay。
SAMPLINGEXECQ-df348ef7bb648e79,data/working/issue19-official-unavailable-sampling-review-packets-public-ledger.csv,data/working/issue19-official-unavailable-sampling-review-overlay-public-ledger.csv,local_sampling_review_overlay_not_public,local_sampling_review_packet_not_public,湖北招生考试2026年19期·本科普通批（下）,ee61fc69389f24a9a7830167113cf0ddc0447f8fa4b2743cd3241be60a9bd86d,issue19_official_unavailable_sampling_review_execution_queue,PDF页码×版面列,官方不可得抽样页列核验执行队列,false,false,false,false,false,false,false,111,left,111-left,33,33,E4-P3低风险抽检,04-低风险样本验收,单人抽检,抽检 PDF 原页和湖北官方侧；失败即升级，不得因为低风险直接定稿。,同页列100%；同校出现2个失败则同校100%；同专业组失败则整组100%。,1,1,1,0,0,0,0,0,1,0,0,0,1,0,1,1,0,1,0,0,0,0,0,0,0,0,R0-未开始私有核验记录,blocked_until_private_overlay_pdf_hubei_review_closed,sampling-review-page-111-image,4983ca1459ce6680b6d04d1cfd7e7095b4b197c8a00bf6ad388d8a8391615678,sampling-review-page-111-ocr-summary,f0161adc512b3ee692b72c52d3b9f600830470d3d91f78f3ea9656dd74ddff1f,sampling-review-111-left-csv,55810ec454d0611343f1991d46d4f858b63cf45091dabc33669de53ff57730b7,sampling-review-111-left-html,6045205366df0a9e9688e7b7a3431536366f763394c874faaa8ceaed7fbdc9d5,公开队列只保存页列计数、执行状态、证据编号和SHA；学校专业明细、字段记录、OCR明细和人工记录只留在本地私有包。,按执行队列总序打开本地页列HTML/CSV；把PDF原页、湖北官方侧、高校辅证和双人复核结论写回本地抽样复核Overlay。
SAMPLINGEXECQ-6a1d8426b7fbf9f3,data/working/issue19-official-unavailable-sampling-review-packets-public-ledger.csv,data/working/issue19-official-unavailable-sampling-review-overlay-public-ledger.csv,local_sampling_review_overlay_not_public,local_sampling_review_packet_not_public,湖北招生考试2026年19期·本科普通批（下）,ee61fc69389f24a9a7830167113cf0ddc0447f8fa4b2743cd3241be60a9bd86d,issue19_official_unavailable_sampling_review_execution_queue,PDF页码×版面列,官方不可得抽样页列核验执行队列,false,false,false,false,false,false,false,112,left,112-left,34,34,E4-P3低风险抽检,04-低风险样本验收,单人抽检,抽检 PDF 原页和湖北官方侧；失败即升级，不得因为低风险直接定稿。,同页列100%；同校出现2个失败则同校100%；同专业组失败则整组100%。,1,1,1,0,0,0,0,0,1,0,0,0,1,0,1,1,0,1,0,0,0,0,0,0,0,0,R0-未开始私有核验记录,blocked_until_private_overlay_pdf_hubei_review_closed,sampling-review-page-112-image,886f385295300b8841e9934e018f7c6f96f1c6f6ca243dd408c211d7ef1ad225,sampling-review-page-112-ocr-summary,31cba734ab936f0902cab3f79cf304fc48e89ea9f0a1172fa641629964dd0202,sampling-review-112-left-csv,f2b9298eb34dd320ded6f40ef4044cbc147bda0e20de0cf1748df5e0e07d361e,sampling-review-112-left-html,c59f543e0062651439009e6f8ea355d99ccb8fdecefeee6559f297e010ac38d6,公开队列只保存页列计数、执行状态、证据编号和SHA；学校专业明细、字段记录、OCR明细和人工记录只留在本地私有包。,按执行队列总序打开本地页列HTML/CSV；把PDF原页、湖北官方侧、高校辅证和双人复核结论写回本地抽样复核Overlay。
SAMPLINGEXECQ-7f94a6d850bd4903,data/working/issue19-official-unavailable-sampling-review-packets-public-ledger.csv,data/working/issue19-official-unavailable-sampling-review-overlay-public-ledger.csv,local_sampling_review_overlay_not_public,local_sampling_review_packet_not_public,湖北招生考试2026年19期·本科普通批（下）,ee61fc69389f24a9a7830167113cf0ddc0447f8fa4b2743cd3241be60a9bd86d,issue19_official_unavailable_sampling_review_execution_queue,PDF页码×版面列,官方不可得抽样页列核验执行队列,false,false,false,false,false,false,false,113,right,113-right,35,35,E4-P3低风险抽检,04-低风险样本验收,单人抽检,抽检 PDF 原页和湖北官方侧；失败即升级，不得因为低风险直接定稿。,同页列100%；同校出现2个失败则同校100%；同专业组失败则整组100%。,1,1,1,0,0,0,0,0,1,0,0,0,1,0,1,1,0,1,0,0,0,0,0,0,0,0,R0-未开始私有核验记录,blocked_until_private_overlay_pdf_hubei_review_closed,sampling-review-page-113-image,1cacbf75577c5289574a34170a1411adbce41661a5ad8b8bcdbda52c807a801d,sampling-review-page-113-ocr-summary,d2fe63c732dba85f9f2079c7721bc5c5e3bc47a62808aac7415cfc08126cbb9f,sampling-review-113-right-csv,eb00b3cc1687a3ca9310d89aae980131981793a2acaec1bf10d0dc4047564fcb,sampling-review-113-right-html,bbace4984fdcac46eb3ac14d162c2751aecae6ee6a05abfbe5877efe38f0e315,公开队列只保存页列计数、执行状态、证据编号和SHA；学校专业明细、字段记录、OCR明细和人工记录只留在本地私有包。,按执行队列总序打开本地页列HTML/CSV；把PDF原页、湖北官方侧、高校辅证和双人复核结论写回本地抽样复核Overlay。
SAMPLINGEXECQ-30352fdc770bcafe,data/working/issue19-official-unavailable-sampling-review-packets-public-ledger.csv,data/working/issue19-official-unavailable-sampling-review-overlay-public-ledger.csv,local_sampling_review_overlay_not_public,local_sampling_review_packet_not_public,湖北招生考试2026年19期·本科普通批（下）,ee61fc69389f24a9a7830167113cf0ddc0447f8fa4b2743cd3241be60a9bd86d,issue19_official_unavailable_sampling_review_execution_queue,PDF页码×版面列,官方不可得抽样页列核验执行队列,false,false,false,false,false,false,false,114,left,114-left,36,36,E4-P3低风险抽检,04-低风险样本验收,单人抽检,抽检 PDF 原页和湖北官方侧；失败即升级，不得因为低风险直接定稿。,同页列100%；同校出现2个失败则同校100%；同专业组失败则整组100%。,1,1,1,0,0,0,0,0,1,0,0,0,1,0,1,1,0,1,0,0,0,0,0,0,0,0,R0-未开始私有核验记录,blocked_until_private_overlay_pdf_hubei_review_closed,sampling-review-page-114-image,fb7c88b52463b9e64a1ee613c7ff785dfc68e2f99def776238959cbba0d8058b,sampling-review-page-114-ocr-summary,cadacd667c41bc95f1772a0b6d1b848d35f46f002806be4d0255a9529466b466,sampling-review-114-left-csv,7571f666c4fb05cfe0e827640a75a3300937a0157ed75ae9f0c79ad4d3e0f8a6,sampling-review-114-left-html,1d56e098838e7ff47e07b3df0e88d451f6350d84a6e886f430d6572f33e55e2f,公开队列只保存页列计数、执行状态、证据编号和SHA；学校专业明细、字段记录、OCR明细和人工记录只留在本地私有包。,按执行队列总序打开本地页列HTML/CSV；把PDF原页、湖北官方侧、高校辅证和双人复核结论写回本地抽样复核Overlay。
SAMPLINGEXECQ-fbdc40f838969d69,data/working/issue19-official-unavailable-sampling-review-packets-public-ledger.csv,data/working/issue19-official-unavailable-sampling-review-overlay-public-ledger.csv,local_sampling_review_overlay_not_public,local_sampling_review_packet_not_public,湖北招生考试2026年19期·本科普通批（下）,ee61fc69389f24a9a7830167113cf0ddc0447f8fa4b2743cd3241be60a9bd86d,issue19_official_unavailable_sampling_review_execution_queue,PDF页码×版面列,官方不可得抽样页列核验执行队列,false,false,false,false,false,false,false,116,right,116-right,37,37,E4-P3低风险抽检,04-低风险样本验收,单人抽检,抽检 PDF 原页和湖北官方侧；失败即升级，不得因为低风险直接定稿。,同页列100%；同校出现2个失败则同校100%；同专业组失败则整组100%。,1,1,1,0,0,0,0,0,1,0,0,0,1,0,1,1,0,1,0,0,0,0,0,0,0,0,R0-未开始私有核验记录,blocked_until_private_overlay_pdf_hubei_review_closed,sampling-review-page-116-image,88fcd569320ac6e1083c0e2e30a843f91cda3330a639db67b72b914ddc871e05,sampling-review-page-116-ocr-summary,6b9f1df2b732597835fe2901eb307516a0d218cf3f094e4d98106390f72d2fdf,sampling-review-116-right-csv,e039b87fa815c09928e76d71de5a63d850183356fbd5888d1a68ec7bbfba6d62,sampling-review-116-right-html,9b476f4cf642f10de00217e6dff040e9fe5da86954d66f4fac6bd07778fab5bc,公开队列只保存页列计数、执行状态、证据编号和SHA；学校专业明细、字段记录、OCR明细和人工记录只留在本地私有包。,按执行队列总序打开本地页列HTML/CSV；把PDF原页、湖北官方侧、高校辅证和双人复核结论写回本地抽样复核Overlay。
SAMPLINGEXECQ-8a3f106cedf87a53,data/working/issue19-official-unavailable-sampling-review-packets-public-ledger.csv,data/working/issue19-official-unavailable-sampling-review-overlay-public-ledger.csv,local_sampling_review_overlay_not_public,local_sampling_review_packet_not_public,湖北招生考试2026年19期·本科普通批（下）,ee61fc69389f24a9a7830167113cf0ddc0447f8fa4b2743cd3241be60a9bd86d,issue19_official_unavailable_sampling_review_execution_queue,PDF页码×版面列,官方不可得抽样页列核验执行队列,false,false,false,false,false,false,false,117,left,117-left,38,38,E4-P3低风险抽检,04-低风险样本验收,单人抽检,抽检 PDF 原页和湖北官方侧；失败即升级，不得因为低风险直接定稿。,同页列100%；同校出现2个失败则同校100%；同专业组失败则整组100%。,1,1,1,0,0,0,0,0,1,0,0,0,1,0,1,1,0,1,0,0,0,0,0,0,0,0,R0-未开始私有核验记录,blocked_until_private_overlay_pdf_hubei_review_closed,sampling-review-page-117-image,06af8c2e9ef994c40124332658c967af7878247187c1d1f074d6f383f83ac2c5,sampling-review-page-117-ocr-summary,176b0fdc6bbc2b4e505353774b07db887f3ec52f2fb02e1061dd678cde4265ae,sampling-review-117-left-csv,20feb97be8add55ab0dbe771148213d603413fb6862bb1e01f39fdcd343f06e5,sampling-review-117-left-html,82ba452864accf221ad272dd3dff9c9713135e6efdfcc2fa6de9c1cf4aeea116,公开队列只保存页列计数、执行状态、证据编号和SHA；学校专业明细、字段记录、OCR明细和人工记录只留在本地私有包。,按执行队列总序打开本地页列HTML/CSV；把PDF原页、湖北官方侧、高校辅证和双人复核结论写回本地抽样复核Overlay。
SAMPLINGEXECQ-5f547bdcfb167231,data/working/issue19-official-unavailable-sampling-review-packets-public-ledger.csv,data/working/issue19-official-unavailable-sampling-review-overlay-public-ledger.csv,local_sampling_review_overlay_not_public,local_sampling_review_packet_not_public,湖北招生考试2026年19期·本科普通批（下）,ee61fc69389f24a9a7830167113cf0ddc0447f8fa4b2743cd3241be60a9bd86d,issue19_official_unavailable_sampling_review_execution_queue,PDF页码×版面列,官方不可得抽样页列核验执行队列,false,false,false,false,false,false,false,118,left,118-left,39,39,E4-P3低风险抽检,04-低风险样本验收,单人抽检,抽检 PDF 原页和湖北官方侧；失败即升级，不得因为低风险直接定稿。,同页列100%；同校出现2个失败则同校100%；同专业组失败则整组100%。,1,1,1,0,0,0,0,0,1,0,0,0,1,0,1,1,0,1,0,0,0,0,0,0,0,0,R0-未开始私有核验记录,blocked_until_private_overlay_pdf_hubei_review_closed,sampling-review-page-118-image,40171c5f4c46c13b515b5b36eaa0d8820aa2189aeaf83fabd8d1c7f4f7808434,sampling-review-page-118-ocr-summary,e5d7b49372fb1d8f1799dccd345e1468d762408b8f82476a3d22b279dec1a6da,sampling-review-118-left-csv,6a707e9d37a584909b68542535dea5744d41094b2623c19ea99ea6732066c433,sampling-review-118-left-html,b14d858754b582787a4a5687d665f1ccada290e67876e70fa5b91ce474239182,公开队列只保存页列计数、执行状态、证据编号和SHA；学校专业明细、字段记录、OCR明细和人工记录只留在本地私有包。,按执行队列总序打开本地页列HTML/CSV；把PDF原页、湖北官方侧、高校辅证和双人复核结论写回本地抽样复核Overlay。
SAMPLINGEXECQ-f2b407b18c1dba5c,data/working/issue19-official-unavailable-sampling-review-packets-public-ledger.csv,data/working/issue19-official-unavailable-sampling-review-overlay-public-ledger.csv,local_sampling_review_overlay_not_public,local_sampling_review_packet_not_public,湖北招生考试2026年19期·本科普通批（下）,ee61fc69389f24a9a7830167113cf0ddc0447f8fa4b2743cd3241be60a9bd86d,issue19_official_unavailable_sampling_review_execution_queue,PDF页码×版面列,官方不可得抽样页列核验执行队列,false,false,false,false,false,false,false,120,right,120-right,40,40,E4-P3低风险抽检,04-低风险样本验收,单人抽检,抽检 PDF 原页和湖北官方侧；失败即升级，不得因为低风险直接定稿。,同页列100%；同校出现2个失败则同校100%；同专业组失败则整组100%。,1,1,1,0,0,0,0,0,1,0,0,0,1,0,1,1,0,1,0,0,0,0,0,0,0,0,R0-未开始私有核验记录,blocked_until_private_overlay_pdf_hubei_review_closed,sampling-review-page-120-image,58bacd2fb07e05210e2cd4fea118e64ac1ddf619f1ff53eba21a5f96fbb5fc9e,sampling-review-page-120-ocr-summary,2d1f0a46ce8f674953d219261b990e6dbc2d5aaa8410d15143ba6037fdcc4530,sampling-review-120-right-csv,94859721964ab4f463b21dda955f48c7e3b3abc6644fde41ab77dafd92c6100a,sampling-review-120-right-html,cd42be4d9b8d363a163c0885a87e58034eb91a90ab5e870d217175863b129dc8,公开队列只保存页列计数、执行状态、证据编号和SHA；学校专业明细、字段记录、OCR明细和人工记录只留在本地私有包。,按执行队列总序打开本地页列HTML/CSV；把PDF原页、湖北官方侧、高校辅证和双人复核结论写回本地抽样复核Overlay。
SAMPLINGEXECQ-7870242d5fb94a7b,data/working/issue19-official-unavailable-sampling-review-packets-public-ledger.csv,data/working/issue19-official-unavailable-sampling-review-overlay-public-ledger.csv,local_sampling_review_overlay_not_public,local_sampling_review_packet_not_public,湖北招生考试2026年19期·本科普通批（下）,ee61fc69389f24a9a7830167113cf0ddc0447f8fa4b2743cd3241be60a9bd86d,issue19_official_unavailable_sampling_review_execution_queue,PDF页码×版面列,官方不可得抽样页列核验执行队列,false,false,false,false,false,false,false,121,left,121-left,41,41,E4-P3低风险抽检,04-低风险样本验收,单人抽检,抽检 PDF 原页和湖北官方侧；失败即升级，不得因为低风险直接定稿。,同页列100%；同校出现2个失败则同校100%；同专业组失败则整组100%。,1,1,1,0,0,0,0,0,1,0,0,0,1,0,1,1,0,1,0,0,0,0,0,0,0,0,R0-未开始私有核验记录,blocked_until_private_overlay_pdf_hubei_review_closed,sampling-review-page-121-image,87fc22e979d17dcc3e9d2513c25a1ff18898cc7929c32505bb82720f4a693e38,sampling-review-page-121-ocr-summary,7cc73c34cf0474ddd69c50b1a46c22926df860ee67e07dc7f354bc0eb9d1932c,sampling-review-121-left-csv,195efe9024a43a1f21c83a3f1c63026ac414e459223dddce738ea594c4b84713,sampling-review-121-left-html,aa7ac7a9e2b415b518697b54bf9286aefa5af1ab37c539f98ec6fcdd7a455c86,公开队列只保存页列计数、执行状态、证据编号和SHA；学校专业明细、字段记录、OCR明细和人工记录只留在本地私有包。,按执行队列总序打开本地页列HTML/CSV；把PDF原页、湖北官方侧、高校辅证和双人复核结论写回本地抽样复核Overlay。
SAMPLINGEXECQ-5f4908300f03169b,data/working/issue19-official-unavailable-sampling-review-packets-public-ledger.csv,data/working/issue19-official-unavailable-sampling-review-overlay-public-ledger.csv,local_sampling_review_overlay_not_public,local_sampling_review_packet_not_public,湖北招生考试2026年19期·本科普通批（下）,ee61fc69389f24a9a7830167113cf0ddc0447f8fa4b2743cd3241be60a9bd86d,issue19_official_unavailable_sampling_review_execution_queue,PDF页码×版面列,官方不可得抽样页列核验执行队列,false,false,false,false,false,false,false,122,left,122-left,42,42,E4-P3低风险抽检,04-低风险样本验收,单人抽检,抽检 PDF 原页和湖北官方侧；失败即升级，不得因为低风险直接定稿。,同页列100%；同校出现2个失败则同校100%；同专业组失败则整组100%。,1,1,1,0,0,0,0,0,1,0,0,0,1,0,1,1,0,1,0,0,0,0,0,0,0,0,R0-未开始私有核验记录,blocked_until_private_overlay_pdf_hubei_review_closed,sampling-review-page-122-image,77a5e059ffe6532b345b8c7ba8415aa9876559d82ca7c38e53926d659156847e,sampling-review-page-122-ocr-summary,288a354a5fb6866197d624ddac33e24dee4deba7bc4654d18198439f0b849d8f,sampling-review-122-left-csv,290ff64e0fd9c7ccc9cc2704b895304a1c09b917fed8150a2f2958e872e07329,sampling-review-122-left-html,762f7be96253762d626c65c587aaaeba60d960a91618c5703c9977a2671e23e8,公开队列只保存页列计数、执行状态、证据编号和SHA；学校专业明细、字段记录、OCR明细和人工记录只留在本地私有包。,按执行队列总序打开本地页列HTML/CSV；把PDF原页、湖北官方侧、高校辅证和双人复核结论写回本地抽样复核Overlay。
SAMPLINGEXECQ-e701508a87210e7d,data/working/issue19-official-unavailable-sampling-review-packets-public-ledger.csv,data/working/issue19-official-unavailable-sampling-review-overlay-public-ledger.csv,local_sampling_review_overlay_not_public,local_sampling_review_packet_not_public,湖北招生考试2026年19期·本科普通批（下）,ee61fc69389f24a9a7830167113cf0ddc0447f8fa4b2743cd3241be60a9bd86d,issue19_official_unavailable_sampling_review_execution_queue,PDF页码×版面列,官方不可得抽样页列核验执行队列,false,false,false,false,false,false,false,124,left,124-left,43,43,E4-P3低风险抽检,04-低风险样本验收,单人抽检,抽检 PDF 原页和湖北官方侧；失败即升级，不得因为低风险直接定稿。,同页列100%；同校出现2个失败则同校100%；同专业组失败则整组100%。,1,1,1,0,0,0,0,0,1,0,0,0,1,0,1,1,0,1,0,0,0,0,0,0,0,0,R0-未开始私有核验记录,blocked_until_private_overlay_pdf_hubei_review_closed,sampling-review-page-124-image,98492d9fcd3a161b91026d3d5d4c482fe2b15b42dedfd474ca94342c3dd830e9,sampling-review-page-124-ocr-summary,4dcaa7dfe09270bd363eea58024a02bb5cdf8559b3ca5fa3afdbd8d256772947,sampling-review-124-left-csv,4868761a7b03630b33d9892249a7091daa9965e4ac74ffe8efbd7f01a93d853c,sampling-review-124-left-html,6f13b4697b87e7ad71bcee5a6457a1e01ef13390dd0cefdc6c602a852ccc9475,公开队列只保存页列计数、执行状态、证据编号和SHA；学校专业明细、字段记录、OCR明细和人工记录只留在本地私有包。,按执行队列总序打开本地页列HTML/CSV；把PDF原页、湖北官方侧、高校辅证和双人复核结论写回本地抽样复核Overlay。
SAMPLINGEXECQ-421c44d0d245ccbb,data/working/issue19-official-unavailable-sampling-review-packets-public-ledger.csv,data/working/issue19-official-unavailable-sampling-review-overlay-public-ledger.csv,local_sampling_review_overlay_not_public,local_sampling_review_packet_not_public,湖北招生考试2026年19期·本科普通批（下）,ee61fc69389f24a9a7830167113cf0ddc0447f8fa4b2743cd3241be60a9bd86d,issue19_official_unavailable_sampling_review_execution_queue,PDF页码×版面列,官方不可得抽样页列核验执行队列,false,false,false,false,false,false,false,125,left,125-left,44,44,E4-P3低风险抽检,04-低风险样本验收,单人抽检,抽检 PDF 原页和湖北官方侧；失败即升级，不得因为低风险直接定稿。,同页列100%；同校出现2个失败则同校100%；同专业组失败则整组100%。,1,1,1,0,0,0,0,0,1,0,0,0,1,0,1,1,0,1,0,0,0,0,0,0,0,0,R0-未开始私有核验记录,blocked_until_private_overlay_pdf_hubei_review_closed,sampling-review-page-125-image,ce4e47ddf26d9b8beb1dcd9b81d927228ec86b5774fd21cd2922ebadb747daaa,sampling-review-page-125-ocr-summary,4f6ad2b4672ffbc248234a5a44d941a3ac74a4532545895b72c6195df371cddb,sampling-review-125-left-csv,7244024108354c8fcfdb5924c5ad796eecd34d5b556cc75b7375bd5b26a27c8a,sampling-review-125-left-html,2e5636cb0822fafe850445b9db720f4f7e227b156eb25128ccc74e35f521eb07,公开队列只保存页列计数、执行状态、证据编号和SHA；学校专业明细、字段记录、OCR明细和人工记录只留在本地私有包。,按执行队列总序打开本地页列HTML/CSV；把PDF原页、湖北官方侧、高校辅证和双人复核结论写回本地抽样复核Overlay。
SAMPLINGEXECQ-132e484d56e846e2,data/working/issue19-official-unavailable-sampling-review-packets-public-ledger.csv,data/working/issue19-official-unavailable-sampling-review-overlay-public-ledger.csv,local_sampling_review_overlay_not_public,local_sampling_review_packet_not_public,湖北招生考试2026年19期·本科普通批（下）,ee61fc69389f24a9a7830167113cf0ddc0447f8fa4b2743cd3241be60a9bd86d,issue19_official_unavailable_sampling_review_execution_queue,PDF页码×版面列,官方不可得抽样页列核验执行队列,false,false,false,false,false,false,false,126,left,126-left,45,45,E4-P3低风险抽检,04-低风险样本验收,单人抽检,抽检 PDF 原页和湖北官方侧；失败即升级，不得因为低风险直接定稿。,同页列100%；同校出现2个失败则同校100%；同专业组失败则整组100%。,1,1,1,0,0,0,0,0,1,0,0,0,1,0,1,1,0,1,0,0,0,0,0,0,0,0,R0-未开始私有核验记录,blocked_until_private_overlay_pdf_hubei_review_closed,sampling-review-page-126-image,9698ae067127b5531e64457c1e9ef221d26c7862897d9e3006f0b5a997a01fe6,sampling-review-page-126-ocr-summary,f7225e4406193ca44937fd62796baa61cf680c2d620d0ef76a214748e99ba26e,sampling-review-126-left-csv,5205195cf2abb96fbb94c1b65bb4ef4dc404f3aee10c2cc73157fabcab564b97,sampling-review-126-left-html,c44e08ee557330db9fd72b3de027ca2c159f0a22268ef42c4befa2b576dd8a18,公开队列只保存页列计数、执行状态、证据编号和SHA；学校专业明细、字段记录、OCR明细和人工记录只留在本地私有包。,按执行队列总序打开本地页列HTML/CSV；把PDF原页、湖北官方侧、高校辅证和双人复核结论写回本地抽样复核Overlay。
SAMPLINGEXECQ-39a87cd9afd1ba93,data/working/issue19-official-unavailable-sampling-review-packets-public-ledger.csv,data/working/issue19-official-unavailable-sampling-review-overlay-public-ledger.csv,local_sampling_review_overlay_not_public,local_sampling_review_packet_not_public,湖北招生考试2026年19期·本科普通批（下）,ee61fc69389f24a9a7830167113cf0ddc0447f8fa4b2743cd3241be60a9bd86d,issue19_official_unavailable_sampling_review_execution_queue,PDF页码×版面列,官方不可得抽样页列核验执行队列,false,false,false,false,false,false,false,127,left,127-left,46,46,E4-P3低风险抽检,04-低风险样本验收,单人抽检,抽检 PDF 原页和湖北官方侧；失败即升级，不得因为低风险直接定稿。,同页列100%；同校出现2个失败则同校100%；同专业组失败则整组100%。,1,1,1,0,0,0,0,0,1,0,0,0,1,0,1,1,0,1,0,0,0,0,0,0,0,0,R0-未开始私有核验记录,blocked_until_private_overlay_pdf_hubei_review_closed,sampling-review-page-127-image,6007f2c18bbd61feef217d03f7338be0c870d6d39a657cbbaa4c4f02031a7b86,sampling-review-page-127-ocr-summary,745beca8097c13a118993790b00fef968fc512e1685b3960cc0c8781915ec0cd,sampling-review-127-left-csv,24568ecca32d50c825d945343821a4be952f40c7b7d13e67d4c5b2105f8279b1,sampling-review-127-left-html,b39a4036001bbe23abef2cda9ea050d8b14c2286c3241dcd7aa17adfddcffd26,公开队列只保存页列计数、执行状态、证据编号和SHA；学校专业明细、字段记录、OCR明细和人工记录只留在本地私有包。,按执行队列总序打开本地页列HTML/CSV；把PDF原页、湖北官方侧、高校辅证和双人复核结论写回本地抽样复核Overlay。
