G0冲突字段补证缺口页列通道汇总ID,来源G0冲突字段补证缺口任务公开账本,来源G0冲突字段补证闭环结果页列汇总,来源期号,来源PDF_SHA256,生成日期,数据阶段,主表粒度,任务粒度,最终可用,可进入下一阶段,可否进入最终志愿方案,是否允许作为志愿推荐依据,是否允许自动写回主表,是否允许官网证据替代湖北官方计划,是否允许生成学校专业建议,是否允许写回字段事实,是否允许进入私有写回评审,页列通道汇总序号,页码版面键,来源页码,版面列,证据通道序号,证据通道,证据通道类型,证据通道执行层级,缺口任务数,涉及字段事实数,涉及任务数,涉及专业行数,涉及院校代码数,字段名分布,可并行执行任务数,待前置闭环任务数,当前通道状态分布,当前阻断桶分布,补证执行优先级分布,补证执行泳道分布,缺口任务集合SHA256,闭环结果集合SHA256,私有页列CSV证据编号,私有页列CSV_SHA256,私有核页HTML证据编号,私有核页HTML_SHA256,页列通道下一步动作,公开安全策略
G0FIELDGAPPAGE-76972e6d554bb480,data/working/issue19-first-closure-g0-conflict-field-evidence-gap-tasks-v1-public-ledger.csv,data/working/issue19-first-closure-g0-conflict-field-evidence-closure-result-v1-page-summary.csv,湖北招生考试2026年19期·本科普通批（下）,ee61fc69389f24a9a7830167113cf0ddc0447f8fa4b2743cd3241be60a9bd86d,2026-06-29,issue19_first_closure_g0_conflict_field_evidence_gap_tasks_v1,G0冲突字段补证缺口页列通道汇总,页列×证据缺口通道,false,false,false,false,false,false,false,false,false,1,018-left,18,left,01,PDF原页记录,PDF原页核页,E0-PDF原页核页先行,12,12,4,4,1,专业计划数:4；再选科目:4；学费:4,12,0,pending_pdf_page_review:12,G0-缺PDF原页记录:12,P0-含双人复核缺口页列:12,R0-冲突字段双人核页优先:12,2bc901ca04c60c70179152dd17f1e18b202ddcec944c49fe67e579547adc2804,f10fd8e59139ad331adbae7b9a0f34a7722b08aa4929317ff28351572766d2c3,G0FIELD-PRIVATE-PAGE-018-left,54bb2527e1168a2b996b3103f2dc7fa770a4aabb992f653cd0142ce130e1d0aa,FIRST-CLOSURE-REVIEW-HTML-018-left,cb2abee631aa17b696bcd8cd73f6cde0449b63381bae7fa13dba0d9daba1103c,在本地未公开页列材料中补齐PDF原页记录；未补齐前不得写回字段事实。,公开层只保存页列通道状态、计数、证据编号和SHA；不公开具体核验内容、识别内容、字段记录、人工内容或本地位置。
G0FIELDGAPPAGE-d8614d6909e981da,data/working/issue19-first-closure-g0-conflict-field-evidence-gap-tasks-v1-public-ledger.csv,data/working/issue19-first-closure-g0-conflict-field-evidence-closure-result-v1-page-summary.csv,湖北招生考试2026年19期·本科普通批（下）,ee61fc69389f24a9a7830167113cf0ddc0447f8fa4b2743cd3241be60a9bd86d,2026-06-29,issue19_first_closure_g0_conflict_field_evidence_gap_tasks_v1,G0冲突字段补证缺口页列通道汇总,页列×证据缺口通道,false,false,false,false,false,false,false,false,false,2,018-left,18,left,02,湖北官方侧记录,湖北官方或省招办计划核验,E1-湖北官方侧核验,12,12,4,4,1,专业计划数:4；再选科目:4；学费:4,12,0,pending_hubei_official_plan_review:12,G1-缺湖北官方记录:12,P0-含双人复核缺口页列:12,R0-冲突字段双人核页优先:12,8cc72787fcb390493d3d7feeefed43f23409454eafc40f352987e99595d53e2f,f10fd8e59139ad331adbae7b9a0f34a7722b08aa4929317ff28351572766d2c3,G0FIELD-PRIVATE-PAGE-018-left,54bb2527e1168a2b996b3103f2dc7fa770a4aabb992f653cd0142ce130e1d0aa,FIRST-CLOSURE-REVIEW-HTML-018-left,cb2abee631aa17b696bcd8cd73f6cde0449b63381bae7fa13dba0d9daba1103c,补齐湖北官方系统或省招办计划侧记录；高校官网不得替代湖北官方计划。,公开层只保存页列通道状态、计数、证据编号和SHA；不公开具体核验内容、识别内容、字段记录、人工内容或本地位置。
G0FIELDGAPPAGE-879e9ee3f9baf0c3,data/working/issue19-first-closure-g0-conflict-field-evidence-gap-tasks-v1-public-ledger.csv,data/working/issue19-first-closure-g0-conflict-field-evidence-closure-result-v1-page-summary.csv,湖北招生考试2026年19期·本科普通批（下）,ee61fc69389f24a9a7830167113cf0ddc0447f8fa4b2743cd3241be60a9bd86d,2026-06-29,issue19_first_closure_g0_conflict_field_evidence_gap_tasks_v1,G0冲突字段补证缺口页列通道汇总,页列×证据缺口通道,false,false,false,false,false,false,false,false,false,3,018-left,18,left,03,高校辅证人工核验,高校官网辅证人工核验,E2-高校辅证人工核验,12,12,4,4,1,专业计划数:4；再选科目:4；学费:4,12,0,school_source_seed_present_pending_manual_review:12,G2b-高校辅证种子待人工核验:12,P0-含双人复核缺口页列:12,R0-冲突字段双人核页优先:12,ffb9a55fd35bd544017d7cb846c438aaeb6b7c7372a3cfb3354448331c632a9c,f10fd8e59139ad331adbae7b9a0f34a7722b08aa4929317ff28351572766d2c3,G0FIELD-PRIVATE-PAGE-018-left,54bb2527e1168a2b996b3103f2dc7fa770a4aabb992f653cd0142ce130e1d0aa,FIRST-CLOSURE-REVIEW-HTML-018-left,cb2abee631aa17b696bcd8cd73f6cde0449b63381bae7fa13dba0d9daba1103c,把高校侧线索人工核验为证据记录；仅作double check，不替代湖北官方计划。,公开层只保存页列通道状态、计数、证据编号和SHA；不公开具体核验内容、识别内容、字段记录、人工内容或本地位置。
G0FIELDGAPPAGE-11ae6a2a2abfc51c,data/working/issue19-first-closure-g0-conflict-field-evidence-gap-tasks-v1-public-ledger.csv,data/working/issue19-first-closure-g0-conflict-field-evidence-closure-result-v1-page-summary.csv,湖北招生考试2026年19期·本科普通批（下）,ee61fc69389f24a9a7830167113cf0ddc0447f8fa4b2743cd3241be60a9bd86d,2026-06-29,issue19_first_closure_g0_conflict_field_evidence_gap_tasks_v1,G0冲突字段补证缺口页列通道汇总,页列×证据缺口通道,false,false,false,false,false,false,false,false,false,4,018-left,18,left,04,冲突处理,冲突解释和处理,E3-冲突处理,12,12,4,4,1,专业计划数:4；再选科目:4；学费:4,0,12,pending_conflict_resolution:12,G3-冲突未处理:12,P0-含双人复核缺口页列:12,R0-冲突字段双人核页优先:12,ce394ed0a9f72b36bcc3d9901e87b482039fa4c12aef1fe80a00765a1a13e84e,f10fd8e59139ad331adbae7b9a0f34a7722b08aa4929317ff28351572766d2c3,G0FIELD-PRIVATE-PAGE-018-left,54bb2527e1168a2b996b3103f2dc7fa770a4aabb992f653cd0142ce130e1d0aa,FIRST-CLOSURE-REVIEW-HTML-018-left,cb2abee631aa17b696bcd8cd73f6cde0449b63381bae7fa13dba0d9daba1103c,在PDF原页、湖北官方侧和高校辅证记录齐备后处理冲突方向。,公开层只保存页列通道状态、计数、证据编号和SHA；不公开具体核验内容、识别内容、字段记录、人工内容或本地位置。
G0FIELDGAPPAGE-f371db2971387386,data/working/issue19-first-closure-g0-conflict-field-evidence-gap-tasks-v1-public-ledger.csv,data/working/issue19-first-closure-g0-conflict-field-evidence-closure-result-v1-page-summary.csv,湖北招生考试2026年19期·本科普通批（下）,ee61fc69389f24a9a7830167113cf0ddc0447f8fa4b2743cd3241be60a9bd86d,2026-06-29,issue19_first_closure_g0_conflict_field_evidence_gap_tasks_v1,G0冲突字段补证缺口页列通道汇总,页列×证据缺口通道,false,false,false,false,false,false,false,false,false,5,018-left,18,left,05,双人复核,双人复核,E3-双人复核,3,3,1,1,1,专业计划数:1；再选科目:1；学费:1,3,0,pending_double_review:3,G4-双人复核未完成:3,P0-含双人复核缺口页列:3,R0-冲突字段双人核页优先:3,d4161d36dc7d0ca9dc80c4999be78976db3731cfccdb3070f0484b82642bd881,74e8874d3f2a17834b897d3f93fb31474825f9d706894399801cc430a3873cfd,G0FIELD-PRIVATE-PAGE-018-left,54bb2527e1168a2b996b3103f2dc7fa770a4aabb992f653cd0142ce130e1d0aa,FIRST-CLOSURE-REVIEW-HTML-018-left,cb2abee631aa17b696bcd8cd73f6cde0449b63381bae7fa13dba0d9daba1103c,需要双人复核的字段先完成A/B复核和一致性结论；未完成前不得写回。,公开层只保存页列通道状态、计数、证据编号和SHA；不公开具体核验内容、识别内容、字段记录、人工内容或本地位置。
G0FIELDGAPPAGE-030a810cf9870744,data/working/issue19-first-closure-g0-conflict-field-evidence-gap-tasks-v1-public-ledger.csv,data/working/issue19-first-closure-g0-conflict-field-evidence-closure-result-v1-page-summary.csv,湖北招生考试2026年19期·本科普通批（下）,ee61fc69389f24a9a7830167113cf0ddc0447f8fa4b2743cd3241be60a9bd86d,2026-06-29,issue19_first_closure_g0_conflict_field_evidence_gap_tasks_v1,G0冲突字段补证缺口页列通道汇总,页列×证据缺口通道,false,false,false,false,false,false,false,false,false,6,018-left,18,left,06,三方一致性闭环,PDF/湖北官方/高校辅证三方闭环,E4-三方一致性闭环,12,12,4,4,1,专业计划数:4；再选科目:4；学费:4,0,12,blocked_missing_pdf:12,G5-三方一致性未闭环:12,P0-含双人复核缺口页列:12,R0-冲突字段双人核页优先:12,bbadb0dd04275685781dfefa2c6cb8e0dcf0e1dfdc145153a72e1a14e400ec92,f10fd8e59139ad331adbae7b9a0f34a7722b08aa4929317ff28351572766d2c3,G0FIELD-PRIVATE-PAGE-018-left,54bb2527e1168a2b996b3103f2dc7fa770a4aabb992f653cd0142ce130e1d0aa,FIRST-CLOSURE-REVIEW-HTML-018-left,cb2abee631aa17b696bcd8cd73f6cde0449b63381bae7fa13dba0d9daba1103c,等待PDF原页、湖北官方侧、高校辅证和必要双人复核后再做三方一致性闭环。,公开层只保存页列通道状态、计数、证据编号和SHA；不公开具体核验内容、识别内容、字段记录、人工内容或本地位置。
G0FIELDGAPPAGE-32fa54ae92f41202,data/working/issue19-first-closure-g0-conflict-field-evidence-gap-tasks-v1-public-ledger.csv,data/working/issue19-first-closure-g0-conflict-field-evidence-closure-result-v1-page-summary.csv,湖北招生考试2026年19期·本科普通批（下）,ee61fc69389f24a9a7830167113cf0ddc0447f8fa4b2743cd3241be60a9bd86d,2026-06-29,issue19_first_closure_g0_conflict_field_evidence_gap_tasks_v1,G0冲突字段补证缺口页列通道汇总,页列×证据缺口通道,false,false,false,false,false,false,false,false,false,7,018-left,18,left,07,字段确认,字段确认,E5-字段确认,12,12,4,4,1,专业计划数:4；再选科目:4；学费:4,0,12,blocked:12,G6-字段确认未填写:12,P0-含双人复核缺口页列:12,R0-冲突字段双人核页优先:12,64da9865aa0f8c1f569ba543e3a4ff42987344fe4096a28e65c277464b4f77e6,f10fd8e59139ad331adbae7b9a0f34a7722b08aa4929317ff28351572766d2c3,G0FIELD-PRIVATE-PAGE-018-left,54bb2527e1168a2b996b3103f2dc7fa770a4aabb992f653cd0142ce130e1d0aa,FIRST-CLOSURE-REVIEW-HTML-018-left,cb2abee631aa17b696bcd8cd73f6cde0449b63381bae7fa13dba0d9daba1103c,三方闭环后在私有材料中填写字段确认；公开层仍不保存字段记录。,公开层只保存页列通道状态、计数、证据编号和SHA；不公开具体核验内容、识别内容、字段记录、人工内容或本地位置。
G0FIELDGAPPAGE-b36690a58e1d4c0e,data/working/issue19-first-closure-g0-conflict-field-evidence-gap-tasks-v1-public-ledger.csv,data/working/issue19-first-closure-g0-conflict-field-evidence-closure-result-v1-page-summary.csv,湖北招生考试2026年19期·本科普通批（下）,ee61fc69389f24a9a7830167113cf0ddc0447f8fa4b2743cd3241be60a9bd86d,2026-06-29,issue19_first_closure_g0_conflict_field_evidence_gap_tasks_v1,G0冲突字段补证缺口页列通道汇总,页列×证据缺口通道,false,false,false,false,false,false,false,false,false,8,018-left,18,left,08,写回评审,字段写回评审,E6-写回评审,12,12,4,4,1,专业计划数:4；再选科目:4；学费:4,0,12,blocked_until_required_evidence_closed:12,G7-写回评审建议未填写:12,P0-含双人复核缺口页列:12,R0-冲突字段双人核页优先:12,2276081048f1d30c14fa50d5d0d2675d6682da330dcfbe21c59d1de4dfbc873b,f10fd8e59139ad331adbae7b9a0f34a7722b08aa4929317ff28351572766d2c3,G0FIELD-PRIVATE-PAGE-018-left,54bb2527e1168a2b996b3103f2dc7fa770a4aabb992f653cd0142ce130e1d0aa,FIRST-CLOSURE-REVIEW-HTML-018-left,cb2abee631aa17b696bcd8cd73f6cde0449b63381bae7fa13dba0d9daba1103c,字段确认完成后进入私有写回评审；通过评审前仍不得写回或推荐。,公开层只保存页列通道状态、计数、证据编号和SHA；不公开具体核验内容、识别内容、字段记录、人工内容或本地位置。
G0FIELDGAPPAGE-f07bd23ae3cdf1f7,data/working/issue19-first-closure-g0-conflict-field-evidence-gap-tasks-v1-public-ledger.csv,data/working/issue19-first-closure-g0-conflict-field-evidence-closure-result-v1-page-summary.csv,湖北招生考试2026年19期·本科普通批（下）,ee61fc69389f24a9a7830167113cf0ddc0447f8fa4b2743cd3241be60a9bd86d,2026-06-29,issue19_first_closure_g0_conflict_field_evidence_gap_tasks_v1,G0冲突字段补证缺口页列通道汇总,页列×证据缺口通道,false,false,false,false,false,false,false,false,false,9,037-left,37,left,01,PDF原页记录,PDF原页核页,E0-PDF原页核页先行,3,3,1,1,1,专业计划数:1；再选科目:1；学费:1,3,0,pending_pdf_page_review:3,G0-缺PDF原页记录:3,P0-含双人复核缺口页列:3,R0-冲突字段双人核页优先:3,7fa6d5c86c5498c030f16120bf11a3d5958e024170bb6e66a2fa0ec88a97696a,c6c882943dd83c53f22d7c4a9c500ed1d3b29d7c2f69f1de90daa511e0b38b02,G0FIELD-PRIVATE-PAGE-037-left,441f20bbe84f47039486b22969ee917e0eb804a2b6708818eb83462a3f18c21f,FIRST-CLOSURE-REVIEW-HTML-037-left,401fda4efc6a1ec2cf5d5139d953f0079eef34a2bdf3ee8db49e6f32f5795b09,在本地未公开页列材料中补齐PDF原页记录；未补齐前不得写回字段事实。,公开层只保存页列通道状态、计数、证据编号和SHA；不公开具体核验内容、识别内容、字段记录、人工内容或本地位置。
G0FIELDGAPPAGE-0f271a6f0d85fbe4,data/working/issue19-first-closure-g0-conflict-field-evidence-gap-tasks-v1-public-ledger.csv,data/working/issue19-first-closure-g0-conflict-field-evidence-closure-result-v1-page-summary.csv,湖北招生考试2026年19期·本科普通批（下）,ee61fc69389f24a9a7830167113cf0ddc0447f8fa4b2743cd3241be60a9bd86d,2026-06-29,issue19_first_closure_g0_conflict_field_evidence_gap_tasks_v1,G0冲突字段补证缺口页列通道汇总,页列×证据缺口通道,false,false,false,false,false,false,false,false,false,10,037-left,37,left,02,湖北官方侧记录,湖北官方或省招办计划核验,E1-湖北官方侧核验,3,3,1,1,1,专业计划数:1；再选科目:1；学费:1,3,0,pending_hubei_official_plan_review:3,G1-缺湖北官方记录:3,P0-含双人复核缺口页列:3,R0-冲突字段双人核页优先:3,55c01461c025e9870d9b305a75a5e5b9ab92b005b8f13a77f1ffe30b10db69f0,c6c882943dd83c53f22d7c4a9c500ed1d3b29d7c2f69f1de90daa511e0b38b02,G0FIELD-PRIVATE-PAGE-037-left,441f20bbe84f47039486b22969ee917e0eb804a2b6708818eb83462a3f18c21f,FIRST-CLOSURE-REVIEW-HTML-037-left,401fda4efc6a1ec2cf5d5139d953f0079eef34a2bdf3ee8db49e6f32f5795b09,补齐湖北官方系统或省招办计划侧记录；高校官网不得替代湖北官方计划。,公开层只保存页列通道状态、计数、证据编号和SHA；不公开具体核验内容、识别内容、字段记录、人工内容或本地位置。
G0FIELDGAPPAGE-97f2369338033210,data/working/issue19-first-closure-g0-conflict-field-evidence-gap-tasks-v1-public-ledger.csv,data/working/issue19-first-closure-g0-conflict-field-evidence-closure-result-v1-page-summary.csv,湖北招生考试2026年19期·本科普通批（下）,ee61fc69389f24a9a7830167113cf0ddc0447f8fa4b2743cd3241be60a9bd86d,2026-06-29,issue19_first_closure_g0_conflict_field_evidence_gap_tasks_v1,G0冲突字段补证缺口页列通道汇总,页列×证据缺口通道,false,false,false,false,false,false,false,false,false,11,037-left,37,left,03,高校辅证人工核验,高校官网辅证人工核验,E2-高校辅证人工核验,3,3,1,1,1,专业计划数:1；再选科目:1；学费:1,3,0,school_source_seed_present_pending_manual_review:3,G2b-高校辅证种子待人工核验:3,P0-含双人复核缺口页列:3,R0-冲突字段双人核页优先:3,5acc21f43ddc8e95d8e8fb82e8c747e2e2035445c8dbe5072cd087b1e06f5806,c6c882943dd83c53f22d7c4a9c500ed1d3b29d7c2f69f1de90daa511e0b38b02,G0FIELD-PRIVATE-PAGE-037-left,441f20bbe84f47039486b22969ee917e0eb804a2b6708818eb83462a3f18c21f,FIRST-CLOSURE-REVIEW-HTML-037-left,401fda4efc6a1ec2cf5d5139d953f0079eef34a2bdf3ee8db49e6f32f5795b09,把高校侧线索人工核验为证据记录；仅作double check，不替代湖北官方计划。,公开层只保存页列通道状态、计数、证据编号和SHA；不公开具体核验内容、识别内容、字段记录、人工内容或本地位置。
G0FIELDGAPPAGE-497f799928169b52,data/working/issue19-first-closure-g0-conflict-field-evidence-gap-tasks-v1-public-ledger.csv,data/working/issue19-first-closure-g0-conflict-field-evidence-closure-result-v1-page-summary.csv,湖北招生考试2026年19期·本科普通批（下）,ee61fc69389f24a9a7830167113cf0ddc0447f8fa4b2743cd3241be60a9bd86d,2026-06-29,issue19_first_closure_g0_conflict_field_evidence_gap_tasks_v1,G0冲突字段补证缺口页列通道汇总,页列×证据缺口通道,false,false,false,false,false,false,false,false,false,12,037-left,37,left,04,冲突处理,冲突解释和处理,E3-冲突处理,3,3,1,1,1,专业计划数:1；再选科目:1；学费:1,0,3,pending_conflict_resolution:3,G3-冲突未处理:3,P0-含双人复核缺口页列:3,R0-冲突字段双人核页优先:3,63ab6958425b4ae1af16f88d8370092fda7687cc72388a2b260cce5d8d06be40,c6c882943dd83c53f22d7c4a9c500ed1d3b29d7c2f69f1de90daa511e0b38b02,G0FIELD-PRIVATE-PAGE-037-left,441f20bbe84f47039486b22969ee917e0eb804a2b6708818eb83462a3f18c21f,FIRST-CLOSURE-REVIEW-HTML-037-left,401fda4efc6a1ec2cf5d5139d953f0079eef34a2bdf3ee8db49e6f32f5795b09,在PDF原页、湖北官方侧和高校辅证记录齐备后处理冲突方向。,公开层只保存页列通道状态、计数、证据编号和SHA；不公开具体核验内容、识别内容、字段记录、人工内容或本地位置。
G0FIELDGAPPAGE-0b1830005944bc90,data/working/issue19-first-closure-g0-conflict-field-evidence-gap-tasks-v1-public-ledger.csv,data/working/issue19-first-closure-g0-conflict-field-evidence-closure-result-v1-page-summary.csv,湖北招生考试2026年19期·本科普通批（下）,ee61fc69389f24a9a7830167113cf0ddc0447f8fa4b2743cd3241be60a9bd86d,2026-06-29,issue19_first_closure_g0_conflict_field_evidence_gap_tasks_v1,G0冲突字段补证缺口页列通道汇总,页列×证据缺口通道,false,false,false,false,false,false,false,false,false,13,037-left,37,left,05,双人复核,双人复核,E3-双人复核,3,3,1,1,1,专业计划数:1；再选科目:1；学费:1,3,0,pending_double_review:3,G4-双人复核未完成:3,P0-含双人复核缺口页列:3,R0-冲突字段双人核页优先:3,28179179cef736ff693797cab06b1092d3947a70e44ecadd7a46ed471eeed666,c6c882943dd83c53f22d7c4a9c500ed1d3b29d7c2f69f1de90daa511e0b38b02,G0FIELD-PRIVATE-PAGE-037-left,441f20bbe84f47039486b22969ee917e0eb804a2b6708818eb83462a3f18c21f,FIRST-CLOSURE-REVIEW-HTML-037-left,401fda4efc6a1ec2cf5d5139d953f0079eef34a2bdf3ee8db49e6f32f5795b09,需要双人复核的字段先完成A/B复核和一致性结论；未完成前不得写回。,公开层只保存页列通道状态、计数、证据编号和SHA；不公开具体核验内容、识别内容、字段记录、人工内容或本地位置。
G0FIELDGAPPAGE-1f67dd19fd539bea,data/working/issue19-first-closure-g0-conflict-field-evidence-gap-tasks-v1-public-ledger.csv,data/working/issue19-first-closure-g0-conflict-field-evidence-closure-result-v1-page-summary.csv,湖北招生考试2026年19期·本科普通批（下）,ee61fc69389f24a9a7830167113cf0ddc0447f8fa4b2743cd3241be60a9bd86d,2026-06-29,issue19_first_closure_g0_conflict_field_evidence_gap_tasks_v1,G0冲突字段补证缺口页列通道汇总,页列×证据缺口通道,false,false,false,false,false,false,false,false,false,14,037-left,37,left,06,三方一致性闭环,PDF/湖北官方/高校辅证三方闭环,E4-三方一致性闭环,3,3,1,1,1,专业计划数:1；再选科目:1；学费:1,0,3,blocked_missing_pdf:3,G5-三方一致性未闭环:3,P0-含双人复核缺口页列:3,R0-冲突字段双人核页优先:3,ce66bf101eaa0bca00c2df5931515412422fe16abf90625202d07b2f445015f1,c6c882943dd83c53f22d7c4a9c500ed1d3b29d7c2f69f1de90daa511e0b38b02,G0FIELD-PRIVATE-PAGE-037-left,441f20bbe84f47039486b22969ee917e0eb804a2b6708818eb83462a3f18c21f,FIRST-CLOSURE-REVIEW-HTML-037-left,401fda4efc6a1ec2cf5d5139d953f0079eef34a2bdf3ee8db49e6f32f5795b09,等待PDF原页、湖北官方侧、高校辅证和必要双人复核后再做三方一致性闭环。,公开层只保存页列通道状态、计数、证据编号和SHA；不公开具体核验内容、识别内容、字段记录、人工内容或本地位置。
G0FIELDGAPPAGE-3a62668b07ac255d,data/working/issue19-first-closure-g0-conflict-field-evidence-gap-tasks-v1-public-ledger.csv,data/working/issue19-first-closure-g0-conflict-field-evidence-closure-result-v1-page-summary.csv,湖北招生考试2026年19期·本科普通批（下）,ee61fc69389f24a9a7830167113cf0ddc0447f8fa4b2743cd3241be60a9bd86d,2026-06-29,issue19_first_closure_g0_conflict_field_evidence_gap_tasks_v1,G0冲突字段补证缺口页列通道汇总,页列×证据缺口通道,false,false,false,false,false,false,false,false,false,15,037-left,37,left,07,字段确认,字段确认,E5-字段确认,3,3,1,1,1,专业计划数:1；再选科目:1；学费:1,0,3,blocked:3,G6-字段确认未填写:3,P0-含双人复核缺口页列:3,R0-冲突字段双人核页优先:3,06bfabf8c9330f293d6353d7ae0c85ae1b4784e1a627dc5a10c331f3fdb19fab,c6c882943dd83c53f22d7c4a9c500ed1d3b29d7c2f69f1de90daa511e0b38b02,G0FIELD-PRIVATE-PAGE-037-left,441f20bbe84f47039486b22969ee917e0eb804a2b6708818eb83462a3f18c21f,FIRST-CLOSURE-REVIEW-HTML-037-left,401fda4efc6a1ec2cf5d5139d953f0079eef34a2bdf3ee8db49e6f32f5795b09,三方闭环后在私有材料中填写字段确认；公开层仍不保存字段记录。,公开层只保存页列通道状态、计数、证据编号和SHA；不公开具体核验内容、识别内容、字段记录、人工内容或本地位置。
G0FIELDGAPPAGE-9757ab74333675f0,data/working/issue19-first-closure-g0-conflict-field-evidence-gap-tasks-v1-public-ledger.csv,data/working/issue19-first-closure-g0-conflict-field-evidence-closure-result-v1-page-summary.csv,湖北招生考试2026年19期·本科普通批（下）,ee61fc69389f24a9a7830167113cf0ddc0447f8fa4b2743cd3241be60a9bd86d,2026-06-29,issue19_first_closure_g0_conflict_field_evidence_gap_tasks_v1,G0冲突字段补证缺口页列通道汇总,页列×证据缺口通道,false,false,false,false,false,false,false,false,false,16,037-left,37,left,08,写回评审,字段写回评审,E6-写回评审,3,3,1,1,1,专业计划数:1；再选科目:1；学费:1,0,3,blocked_until_required_evidence_closed:3,G7-写回评审建议未填写:3,P0-含双人复核缺口页列:3,R0-冲突字段双人核页优先:3,b48e9aef8f85b4322d9462284a338e0207ed6d729d940bdad75ab6d4449e67b2,c6c882943dd83c53f22d7c4a9c500ed1d3b29d7c2f69f1de90daa511e0b38b02,G0FIELD-PRIVATE-PAGE-037-left,441f20bbe84f47039486b22969ee917e0eb804a2b6708818eb83462a3f18c21f,FIRST-CLOSURE-REVIEW-HTML-037-left,401fda4efc6a1ec2cf5d5139d953f0079eef34a2bdf3ee8db49e6f32f5795b09,字段确认完成后进入私有写回评审；通过评审前仍不得写回或推荐。,公开层只保存页列通道状态、计数、证据编号和SHA；不公开具体核验内容、识别内容、字段记录、人工内容或本地位置。
G0FIELDGAPPAGE-2a7da5d2594fc36f,data/working/issue19-first-closure-g0-conflict-field-evidence-gap-tasks-v1-public-ledger.csv,data/working/issue19-first-closure-g0-conflict-field-evidence-closure-result-v1-page-summary.csv,湖北招生考试2026年19期·本科普通批（下）,ee61fc69389f24a9a7830167113cf0ddc0447f8fa4b2743cd3241be60a9bd86d,2026-06-29,issue19_first_closure_g0_conflict_field_evidence_gap_tasks_v1,G0冲突字段补证缺口页列通道汇总,页列×证据缺口通道,false,false,false,false,false,false,false,false,false,17,056-left,56,left,01,PDF原页记录,PDF原页核页,E0-PDF原页核页先行,3,3,1,1,1,专业计划数:1；再选科目:1；学费:1,3,0,pending_pdf_page_review:3,G0-缺PDF原页记录:3,P2-常规冲突字段页列:3,R1-冲突字段单人初核后抽检复核:3,654c39a910a073a118d5b2f94b3594e795c84c0c39233a33d5dde186d1f373a3,c2e116176ace850cde17fe894c6df3a1be65f46b39caf6d9218b0f2ff525f340,G0FIELD-PRIVATE-PAGE-056-left,d7a486919794845feccc46732cb56040b3db1fbccb53fd870dbb1f49ddcd4114,FIRST-CLOSURE-REVIEW-HTML-056-left,32fb8cc97d9f42dfbd95a5ba85beb92767f3bb109bdbe06cf2ddfa75b9440a77,在本地未公开页列材料中补齐PDF原页记录；未补齐前不得写回字段事实。,公开层只保存页列通道状态、计数、证据编号和SHA；不公开具体核验内容、识别内容、字段记录、人工内容或本地位置。
G0FIELDGAPPAGE-1187aa448b46ec89,data/working/issue19-first-closure-g0-conflict-field-evidence-gap-tasks-v1-public-ledger.csv,data/working/issue19-first-closure-g0-conflict-field-evidence-closure-result-v1-page-summary.csv,湖北招生考试2026年19期·本科普通批（下）,ee61fc69389f24a9a7830167113cf0ddc0447f8fa4b2743cd3241be60a9bd86d,2026-06-29,issue19_first_closure_g0_conflict_field_evidence_gap_tasks_v1,G0冲突字段补证缺口页列通道汇总,页列×证据缺口通道,false,false,false,false,false,false,false,false,false,18,056-left,56,left,02,湖北官方侧记录,湖北官方或省招办计划核验,E1-湖北官方侧核验,3,3,1,1,1,专业计划数:1；再选科目:1；学费:1,3,0,pending_hubei_official_plan_review:3,G1-缺湖北官方记录:3,P2-常规冲突字段页列:3,R1-冲突字段单人初核后抽检复核:3,0b1ee2eae6fe6aa3d79bf14ce9056b76a3b3cfd0ddd4e174007596f5c8ae4dd4,c2e116176ace850cde17fe894c6df3a1be65f46b39caf6d9218b0f2ff525f340,G0FIELD-PRIVATE-PAGE-056-left,d7a486919794845feccc46732cb56040b3db1fbccb53fd870dbb1f49ddcd4114,FIRST-CLOSURE-REVIEW-HTML-056-left,32fb8cc97d9f42dfbd95a5ba85beb92767f3bb109bdbe06cf2ddfa75b9440a77,补齐湖北官方系统或省招办计划侧记录；高校官网不得替代湖北官方计划。,公开层只保存页列通道状态、计数、证据编号和SHA；不公开具体核验内容、识别内容、字段记录、人工内容或本地位置。
G0FIELDGAPPAGE-3805ba1374d96101,data/working/issue19-first-closure-g0-conflict-field-evidence-gap-tasks-v1-public-ledger.csv,data/working/issue19-first-closure-g0-conflict-field-evidence-closure-result-v1-page-summary.csv,湖北招生考试2026年19期·本科普通批（下）,ee61fc69389f24a9a7830167113cf0ddc0447f8fa4b2743cd3241be60a9bd86d,2026-06-29,issue19_first_closure_g0_conflict_field_evidence_gap_tasks_v1,G0冲突字段补证缺口页列通道汇总,页列×证据缺口通道,false,false,false,false,false,false,false,false,false,19,056-left,56,left,03,高校辅证人工核验,高校官网辅证人工核验,E2-高校辅证人工核验,3,3,1,1,1,专业计划数:1；再选科目:1；学费:1,3,0,school_source_pending:1；school_source_seed_present_pending_manual_review:2,G2a-缺高校辅证线索:1；G2b-高校辅证种子待人工核验:2,P2-常规冲突字段页列:3,R1-冲突字段单人初核后抽检复核:3,2df2deb58fb69221b4efcda186088082eb72383201c65a35a53aa47fb6c3eefe,c2e116176ace850cde17fe894c6df3a1be65f46b39caf6d9218b0f2ff525f340,G0FIELD-PRIVATE-PAGE-056-left,d7a486919794845feccc46732cb56040b3db1fbccb53fd870dbb1f49ddcd4114,FIRST-CLOSURE-REVIEW-HTML-056-left,32fb8cc97d9f42dfbd95a5ba85beb92767f3bb109bdbe06cf2ddfa75b9440a77,把高校侧线索人工核验为证据记录；仅作double check，不替代湖北官方计划。,公开层只保存页列通道状态、计数、证据编号和SHA；不公开具体核验内容、识别内容、字段记录、人工内容或本地位置。
G0FIELDGAPPAGE-3aaaa2db59c282b8,data/working/issue19-first-closure-g0-conflict-field-evidence-gap-tasks-v1-public-ledger.csv,data/working/issue19-first-closure-g0-conflict-field-evidence-closure-result-v1-page-summary.csv,湖北招生考试2026年19期·本科普通批（下）,ee61fc69389f24a9a7830167113cf0ddc0447f8fa4b2743cd3241be60a9bd86d,2026-06-29,issue19_first_closure_g0_conflict_field_evidence_gap_tasks_v1,G0冲突字段补证缺口页列通道汇总,页列×证据缺口通道,false,false,false,false,false,false,false,false,false,20,056-left,56,left,04,冲突处理,冲突解释和处理,E3-冲突处理,3,3,1,1,1,专业计划数:1；再选科目:1；学费:1,0,3,pending_conflict_resolution:3,G3-冲突未处理:3,P2-常规冲突字段页列:3,R1-冲突字段单人初核后抽检复核:3,73dc23ef0b9b6b8fe2c94440ee78e09015f1297725646239455a1e9ed4c0e476,c2e116176ace850cde17fe894c6df3a1be65f46b39caf6d9218b0f2ff525f340,G0FIELD-PRIVATE-PAGE-056-left,d7a486919794845feccc46732cb56040b3db1fbccb53fd870dbb1f49ddcd4114,FIRST-CLOSURE-REVIEW-HTML-056-left,32fb8cc97d9f42dfbd95a5ba85beb92767f3bb109bdbe06cf2ddfa75b9440a77,在PDF原页、湖北官方侧和高校辅证记录齐备后处理冲突方向。,公开层只保存页列通道状态、计数、证据编号和SHA；不公开具体核验内容、识别内容、字段记录、人工内容或本地位置。
G0FIELDGAPPAGE-4850e2cf016fd8c4,data/working/issue19-first-closure-g0-conflict-field-evidence-gap-tasks-v1-public-ledger.csv,data/working/issue19-first-closure-g0-conflict-field-evidence-closure-result-v1-page-summary.csv,湖北招生考试2026年19期·本科普通批（下）,ee61fc69389f24a9a7830167113cf0ddc0447f8fa4b2743cd3241be60a9bd86d,2026-06-29,issue19_first_closure_g0_conflict_field_evidence_gap_tasks_v1,G0冲突字段补证缺口页列通道汇总,页列×证据缺口通道,false,false,false,false,false,false,false,false,false,21,056-left,56,left,06,三方一致性闭环,PDF/湖北官方/高校辅证三方闭环,E4-三方一致性闭环,3,3,1,1,1,专业计划数:1；再选科目:1；学费:1,0,3,blocked_missing_pdf:3,G5-三方一致性未闭环:3,P2-常规冲突字段页列:3,R1-冲突字段单人初核后抽检复核:3,cbc9db3715ec11ca14b4302c1d0a612442aacc249d735b8d5bf3ac7f0d97e8eb,c2e116176ace850cde17fe894c6df3a1be65f46b39caf6d9218b0f2ff525f340,G0FIELD-PRIVATE-PAGE-056-left,d7a486919794845feccc46732cb56040b3db1fbccb53fd870dbb1f49ddcd4114,FIRST-CLOSURE-REVIEW-HTML-056-left,32fb8cc97d9f42dfbd95a5ba85beb92767f3bb109bdbe06cf2ddfa75b9440a77,等待PDF原页、湖北官方侧、高校辅证和必要双人复核后再做三方一致性闭环。,公开层只保存页列通道状态、计数、证据编号和SHA；不公开具体核验内容、识别内容、字段记录、人工内容或本地位置。
G0FIELDGAPPAGE-7cbbc4db3504e05b,data/working/issue19-first-closure-g0-conflict-field-evidence-gap-tasks-v1-public-ledger.csv,data/working/issue19-first-closure-g0-conflict-field-evidence-closure-result-v1-page-summary.csv,湖北招生考试2026年19期·本科普通批（下）,ee61fc69389f24a9a7830167113cf0ddc0447f8fa4b2743cd3241be60a9bd86d,2026-06-29,issue19_first_closure_g0_conflict_field_evidence_gap_tasks_v1,G0冲突字段补证缺口页列通道汇总,页列×证据缺口通道,false,false,false,false,false,false,false,false,false,22,056-left,56,left,07,字段确认,字段确认,E5-字段确认,3,3,1,1,1,专业计划数:1；再选科目:1；学费:1,0,3,blocked:3,G6-字段确认未填写:3,P2-常规冲突字段页列:3,R1-冲突字段单人初核后抽检复核:3,7690351eb11240b68c6a53f8950074c844ee871e82e300117ef2ace1c46e909e,c2e116176ace850cde17fe894c6df3a1be65f46b39caf6d9218b0f2ff525f340,G0FIELD-PRIVATE-PAGE-056-left,d7a486919794845feccc46732cb56040b3db1fbccb53fd870dbb1f49ddcd4114,FIRST-CLOSURE-REVIEW-HTML-056-left,32fb8cc97d9f42dfbd95a5ba85beb92767f3bb109bdbe06cf2ddfa75b9440a77,三方闭环后在私有材料中填写字段确认；公开层仍不保存字段记录。,公开层只保存页列通道状态、计数、证据编号和SHA；不公开具体核验内容、识别内容、字段记录、人工内容或本地位置。
G0FIELDGAPPAGE-e7ac40edd93bf971,data/working/issue19-first-closure-g0-conflict-field-evidence-gap-tasks-v1-public-ledger.csv,data/working/issue19-first-closure-g0-conflict-field-evidence-closure-result-v1-page-summary.csv,湖北招生考试2026年19期·本科普通批（下）,ee61fc69389f24a9a7830167113cf0ddc0447f8fa4b2743cd3241be60a9bd86d,2026-06-29,issue19_first_closure_g0_conflict_field_evidence_gap_tasks_v1,G0冲突字段补证缺口页列通道汇总,页列×证据缺口通道,false,false,false,false,false,false,false,false,false,23,056-left,56,left,08,写回评审,字段写回评审,E6-写回评审,3,3,1,1,1,专业计划数:1；再选科目:1；学费:1,0,3,blocked_until_required_evidence_closed:3,G7-写回评审建议未填写:3,P2-常规冲突字段页列:3,R1-冲突字段单人初核后抽检复核:3,f5441d3c7c1f85c9cf7a7fc3d315af9a7f4dc80f9351269fd1707ed0ff579fa2,c2e116176ace850cde17fe894c6df3a1be65f46b39caf6d9218b0f2ff525f340,G0FIELD-PRIVATE-PAGE-056-left,d7a486919794845feccc46732cb56040b3db1fbccb53fd870dbb1f49ddcd4114,FIRST-CLOSURE-REVIEW-HTML-056-left,32fb8cc97d9f42dfbd95a5ba85beb92767f3bb109bdbe06cf2ddfa75b9440a77,字段确认完成后进入私有写回评审；通过评审前仍不得写回或推荐。,公开层只保存页列通道状态、计数、证据编号和SHA；不公开具体核验内容、识别内容、字段记录、人工内容或本地位置。
G0FIELDGAPPAGE-1661034d497fe999,data/working/issue19-first-closure-g0-conflict-field-evidence-gap-tasks-v1-public-ledger.csv,data/working/issue19-first-closure-g0-conflict-field-evidence-closure-result-v1-page-summary.csv,湖北招生考试2026年19期·本科普通批（下）,ee61fc69389f24a9a7830167113cf0ddc0447f8fa4b2743cd3241be60a9bd86d,2026-06-29,issue19_first_closure_g0_conflict_field_evidence_gap_tasks_v1,G0冲突字段补证缺口页列通道汇总,页列×证据缺口通道,false,false,false,false,false,false,false,false,false,24,135-left,135,left,01,PDF原页记录,PDF原页核页,E0-PDF原页核页先行,21,21,10,10,1,专业计划数:10；再选科目:1；学费:10,21,0,pending_pdf_page_review:21,G0-缺PDF原页记录:21,P0-含双人复核缺口页列:21,R0-冲突字段双人核页优先:21,1e7f896ae15a2261c5ffbfbadb2b05a434c873cd9cdad86f8b6cda28b11a6a7b,75638caaf9040cf18254fda74d90f7843ad3fa97a146855888c85e5572277935,G0FIELD-PRIVATE-PAGE-135-left,fa4d3b444c96256099092de2608f255bb2fa11de39fcb413a7c9c4a78489ce65,FIRST-CLOSURE-REVIEW-HTML-135-left,31f6b15770ceec253c9ed1b8b1ca1324b255b21d36302715cbf1d1c8e4bbd97b,在本地未公开页列材料中补齐PDF原页记录；未补齐前不得写回字段事实。,公开层只保存页列通道状态、计数、证据编号和SHA；不公开具体核验内容、识别内容、字段记录、人工内容或本地位置。
G0FIELDGAPPAGE-7441c8a50af7e4da,data/working/issue19-first-closure-g0-conflict-field-evidence-gap-tasks-v1-public-ledger.csv,data/working/issue19-first-closure-g0-conflict-field-evidence-closure-result-v1-page-summary.csv,湖北招生考试2026年19期·本科普通批（下）,ee61fc69389f24a9a7830167113cf0ddc0447f8fa4b2743cd3241be60a9bd86d,2026-06-29,issue19_first_closure_g0_conflict_field_evidence_gap_tasks_v1,G0冲突字段补证缺口页列通道汇总,页列×证据缺口通道,false,false,false,false,false,false,false,false,false,25,135-left,135,left,02,湖北官方侧记录,湖北官方或省招办计划核验,E1-湖北官方侧核验,21,21,10,10,1,专业计划数:10；再选科目:1；学费:10,21,0,pending_hubei_official_plan_review:21,G1-缺湖北官方记录:21,P0-含双人复核缺口页列:21,R0-冲突字段双人核页优先:21,681ce69fc728936b515ec7c51270f00e9610ffa9e653043831f5cd3f991a044d,75638caaf9040cf18254fda74d90f7843ad3fa97a146855888c85e5572277935,G0FIELD-PRIVATE-PAGE-135-left,fa4d3b444c96256099092de2608f255bb2fa11de39fcb413a7c9c4a78489ce65,FIRST-CLOSURE-REVIEW-HTML-135-left,31f6b15770ceec253c9ed1b8b1ca1324b255b21d36302715cbf1d1c8e4bbd97b,补齐湖北官方系统或省招办计划侧记录；高校官网不得替代湖北官方计划。,公开层只保存页列通道状态、计数、证据编号和SHA；不公开具体核验内容、识别内容、字段记录、人工内容或本地位置。
G0FIELDGAPPAGE-d6cbab38818750f1,data/working/issue19-first-closure-g0-conflict-field-evidence-gap-tasks-v1-public-ledger.csv,data/working/issue19-first-closure-g0-conflict-field-evidence-closure-result-v1-page-summary.csv,湖北招生考试2026年19期·本科普通批（下）,ee61fc69389f24a9a7830167113cf0ddc0447f8fa4b2743cd3241be60a9bd86d,2026-06-29,issue19_first_closure_g0_conflict_field_evidence_gap_tasks_v1,G0冲突字段补证缺口页列通道汇总,页列×证据缺口通道,false,false,false,false,false,false,false,false,false,26,135-left,135,left,03,高校辅证人工核验,高校官网辅证人工核验,E2-高校辅证人工核验,21,21,10,10,1,专业计划数:10；再选科目:1；学费:10,21,0,school_source_pending:1；school_source_seed_present_pending_manual_review:20,G2a-缺高校辅证线索:1；G2b-高校辅证种子待人工核验:20,P0-含双人复核缺口页列:21,R0-冲突字段双人核页优先:21,b4a6613aa2e50c2b8b658d6241dd1ece6101385b3890449f5f8de51b6533ab96,75638caaf9040cf18254fda74d90f7843ad3fa97a146855888c85e5572277935,G0FIELD-PRIVATE-PAGE-135-left,fa4d3b444c96256099092de2608f255bb2fa11de39fcb413a7c9c4a78489ce65,FIRST-CLOSURE-REVIEW-HTML-135-left,31f6b15770ceec253c9ed1b8b1ca1324b255b21d36302715cbf1d1c8e4bbd97b,把高校侧线索人工核验为证据记录；仅作double check，不替代湖北官方计划。,公开层只保存页列通道状态、计数、证据编号和SHA；不公开具体核验内容、识别内容、字段记录、人工内容或本地位置。
G0FIELDGAPPAGE-0671c0a9b9411311,data/working/issue19-first-closure-g0-conflict-field-evidence-gap-tasks-v1-public-ledger.csv,data/working/issue19-first-closure-g0-conflict-field-evidence-closure-result-v1-page-summary.csv,湖北招生考试2026年19期·本科普通批（下）,ee61fc69389f24a9a7830167113cf0ddc0447f8fa4b2743cd3241be60a9bd86d,2026-06-29,issue19_first_closure_g0_conflict_field_evidence_gap_tasks_v1,G0冲突字段补证缺口页列通道汇总,页列×证据缺口通道,false,false,false,false,false,false,false,false,false,27,135-left,135,left,04,冲突处理,冲突解释和处理,E3-冲突处理,21,21,10,10,1,专业计划数:10；再选科目:1；学费:10,0,21,pending_conflict_resolution:21,G3-冲突未处理:21,P0-含双人复核缺口页列:21,R0-冲突字段双人核页优先:21,d2f1f1e77aad56f0404157db7baa070552994f6c4940c374253ee2275f59fa88,75638caaf9040cf18254fda74d90f7843ad3fa97a146855888c85e5572277935,G0FIELD-PRIVATE-PAGE-135-left,fa4d3b444c96256099092de2608f255bb2fa11de39fcb413a7c9c4a78489ce65,FIRST-CLOSURE-REVIEW-HTML-135-left,31f6b15770ceec253c9ed1b8b1ca1324b255b21d36302715cbf1d1c8e4bbd97b,在PDF原页、湖北官方侧和高校辅证记录齐备后处理冲突方向。,公开层只保存页列通道状态、计数、证据编号和SHA；不公开具体核验内容、识别内容、字段记录、人工内容或本地位置。
G0FIELDGAPPAGE-8a108a97c8ea05ef,data/working/issue19-first-closure-g0-conflict-field-evidence-gap-tasks-v1-public-ledger.csv,data/working/issue19-first-closure-g0-conflict-field-evidence-closure-result-v1-page-summary.csv,湖北招生考试2026年19期·本科普通批（下）,ee61fc69389f24a9a7830167113cf0ddc0447f8fa4b2743cd3241be60a9bd86d,2026-06-29,issue19_first_closure_g0_conflict_field_evidence_gap_tasks_v1,G0冲突字段补证缺口页列通道汇总,页列×证据缺口通道,false,false,false,false,false,false,false,false,false,28,135-left,135,left,05,双人复核,双人复核,E3-双人复核,21,21,10,10,1,专业计划数:10；再选科目:1；学费:10,21,0,pending_double_review:21,G4-双人复核未完成:21,P0-含双人复核缺口页列:21,R0-冲突字段双人核页优先:21,6f26af18d5c065fe4ff54dedd906f3467250018b7b267b03ff52d322281ffb87,75638caaf9040cf18254fda74d90f7843ad3fa97a146855888c85e5572277935,G0FIELD-PRIVATE-PAGE-135-left,fa4d3b444c96256099092de2608f255bb2fa11de39fcb413a7c9c4a78489ce65,FIRST-CLOSURE-REVIEW-HTML-135-left,31f6b15770ceec253c9ed1b8b1ca1324b255b21d36302715cbf1d1c8e4bbd97b,需要双人复核的字段先完成A/B复核和一致性结论；未完成前不得写回。,公开层只保存页列通道状态、计数、证据编号和SHA；不公开具体核验内容、识别内容、字段记录、人工内容或本地位置。
G0FIELDGAPPAGE-5bd80002e645c6c1,data/working/issue19-first-closure-g0-conflict-field-evidence-gap-tasks-v1-public-ledger.csv,data/working/issue19-first-closure-g0-conflict-field-evidence-closure-result-v1-page-summary.csv,湖北招生考试2026年19期·本科普通批（下）,ee61fc69389f24a9a7830167113cf0ddc0447f8fa4b2743cd3241be60a9bd86d,2026-06-29,issue19_first_closure_g0_conflict_field_evidence_gap_tasks_v1,G0冲突字段补证缺口页列通道汇总,页列×证据缺口通道,false,false,false,false,false,false,false,false,false,29,135-left,135,left,06,三方一致性闭环,PDF/湖北官方/高校辅证三方闭环,E4-三方一致性闭环,21,21,10,10,1,专业计划数:10；再选科目:1；学费:10,0,21,blocked_missing_pdf:21,G5-三方一致性未闭环:21,P0-含双人复核缺口页列:21,R0-冲突字段双人核页优先:21,1e16d8b31f68439803f6d41c98c528680d128a38df89a2d5cec03ac0b52ad4a1,75638caaf9040cf18254fda74d90f7843ad3fa97a146855888c85e5572277935,G0FIELD-PRIVATE-PAGE-135-left,fa4d3b444c96256099092de2608f255bb2fa11de39fcb413a7c9c4a78489ce65,FIRST-CLOSURE-REVIEW-HTML-135-left,31f6b15770ceec253c9ed1b8b1ca1324b255b21d36302715cbf1d1c8e4bbd97b,等待PDF原页、湖北官方侧、高校辅证和必要双人复核后再做三方一致性闭环。,公开层只保存页列通道状态、计数、证据编号和SHA；不公开具体核验内容、识别内容、字段记录、人工内容或本地位置。
G0FIELDGAPPAGE-8bcdb39e27f60720,data/working/issue19-first-closure-g0-conflict-field-evidence-gap-tasks-v1-public-ledger.csv,data/working/issue19-first-closure-g0-conflict-field-evidence-closure-result-v1-page-summary.csv,湖北招生考试2026年19期·本科普通批（下）,ee61fc69389f24a9a7830167113cf0ddc0447f8fa4b2743cd3241be60a9bd86d,2026-06-29,issue19_first_closure_g0_conflict_field_evidence_gap_tasks_v1,G0冲突字段补证缺口页列通道汇总,页列×证据缺口通道,false,false,false,false,false,false,false,false,false,30,135-left,135,left,07,字段确认,字段确认,E5-字段确认,21,21,10,10,1,专业计划数:10；再选科目:1；学费:10,0,21,blocked:21,G6-字段确认未填写:21,P0-含双人复核缺口页列:21,R0-冲突字段双人核页优先:21,f52f78c88dfc2a1431f0ea82301a01c5ffee43983bed0b0d5f047e3fc5d5f254,75638caaf9040cf18254fda74d90f7843ad3fa97a146855888c85e5572277935,G0FIELD-PRIVATE-PAGE-135-left,fa4d3b444c96256099092de2608f255bb2fa11de39fcb413a7c9c4a78489ce65,FIRST-CLOSURE-REVIEW-HTML-135-left,31f6b15770ceec253c9ed1b8b1ca1324b255b21d36302715cbf1d1c8e4bbd97b,三方闭环后在私有材料中填写字段确认；公开层仍不保存字段记录。,公开层只保存页列通道状态、计数、证据编号和SHA；不公开具体核验内容、识别内容、字段记录、人工内容或本地位置。
G0FIELDGAPPAGE-43d8f42459cdd6c1,data/working/issue19-first-closure-g0-conflict-field-evidence-gap-tasks-v1-public-ledger.csv,data/working/issue19-first-closure-g0-conflict-field-evidence-closure-result-v1-page-summary.csv,湖北招生考试2026年19期·本科普通批（下）,ee61fc69389f24a9a7830167113cf0ddc0447f8fa4b2743cd3241be60a9bd86d,2026-06-29,issue19_first_closure_g0_conflict_field_evidence_gap_tasks_v1,G0冲突字段补证缺口页列通道汇总,页列×证据缺口通道,false,false,false,false,false,false,false,false,false,31,135-left,135,left,08,写回评审,字段写回评审,E6-写回评审,21,21,10,10,1,专业计划数:10；再选科目:1；学费:10,0,21,blocked_until_required_evidence_closed:21,G7-写回评审建议未填写:21,P0-含双人复核缺口页列:21,R0-冲突字段双人核页优先:21,e25fee81c2e23e11ac4719c10403a034e7b9504ac293b884a896ea2ed04756c5,75638caaf9040cf18254fda74d90f7843ad3fa97a146855888c85e5572277935,G0FIELD-PRIVATE-PAGE-135-left,fa4d3b444c96256099092de2608f255bb2fa11de39fcb413a7c9c4a78489ce65,FIRST-CLOSURE-REVIEW-HTML-135-left,31f6b15770ceec253c9ed1b8b1ca1324b255b21d36302715cbf1d1c8e4bbd97b,字段确认完成后进入私有写回评审；通过评审前仍不得写回或推荐。,公开层只保存页列通道状态、计数、证据编号和SHA；不公开具体核验内容、识别内容、字段记录、人工内容或本地位置。
G0FIELDGAPPAGE-5d8843b86bf7b6ee,data/working/issue19-first-closure-g0-conflict-field-evidence-gap-tasks-v1-public-ledger.csv,data/working/issue19-first-closure-g0-conflict-field-evidence-closure-result-v1-page-summary.csv,湖北招生考试2026年19期·本科普通批（下）,ee61fc69389f24a9a7830167113cf0ddc0447f8fa4b2743cd3241be60a9bd86d,2026-06-29,issue19_first_closure_g0_conflict_field_evidence_gap_tasks_v1,G0冲突字段补证缺口页列通道汇总,页列×证据缺口通道,false,false,false,false,false,false,false,false,false,32,137-right,137,right,01,PDF原页记录,PDF原页核页,E0-PDF原页核页先行,3,3,1,1,1,专业计划数:1；再选科目:1；学费:1,3,0,pending_pdf_page_review:3,G0-缺PDF原页记录:3,P0-含双人复核缺口页列:3,R0-冲突字段双人核页优先:3,1cd684e79014e656c07cd8fcccf5aafd8763f94ccf2d9fc9da5c209c3f8fcdf9,903556f2112c5011b65fa133e373a216d4b990765df3d18396ce9e56b57b25c8,G0FIELD-PRIVATE-PAGE-137-right,988d25428cc00ecce3b58105dd1335300409e4edc8b20303ceedb639fa4143ea,FIRST-CLOSURE-REVIEW-HTML-137-right,48cfec58e00b283afc47cb5de9ec3915fedf243d60acae136c44f2d62a125706,在本地未公开页列材料中补齐PDF原页记录；未补齐前不得写回字段事实。,公开层只保存页列通道状态、计数、证据编号和SHA；不公开具体核验内容、识别内容、字段记录、人工内容或本地位置。
G0FIELDGAPPAGE-39052975359422a8,data/working/issue19-first-closure-g0-conflict-field-evidence-gap-tasks-v1-public-ledger.csv,data/working/issue19-first-closure-g0-conflict-field-evidence-closure-result-v1-page-summary.csv,湖北招生考试2026年19期·本科普通批（下）,ee61fc69389f24a9a7830167113cf0ddc0447f8fa4b2743cd3241be60a9bd86d,2026-06-29,issue19_first_closure_g0_conflict_field_evidence_gap_tasks_v1,G0冲突字段补证缺口页列通道汇总,页列×证据缺口通道,false,false,false,false,false,false,false,false,false,33,137-right,137,right,02,湖北官方侧记录,湖北官方或省招办计划核验,E1-湖北官方侧核验,3,3,1,1,1,专业计划数:1；再选科目:1；学费:1,3,0,pending_hubei_official_plan_review:3,G1-缺湖北官方记录:3,P0-含双人复核缺口页列:3,R0-冲突字段双人核页优先:3,954b9e999107cf4f491b38702506265c409db8ef795f3426a3fa043e96fd5b00,903556f2112c5011b65fa133e373a216d4b990765df3d18396ce9e56b57b25c8,G0FIELD-PRIVATE-PAGE-137-right,988d25428cc00ecce3b58105dd1335300409e4edc8b20303ceedb639fa4143ea,FIRST-CLOSURE-REVIEW-HTML-137-right,48cfec58e00b283afc47cb5de9ec3915fedf243d60acae136c44f2d62a125706,补齐湖北官方系统或省招办计划侧记录；高校官网不得替代湖北官方计划。,公开层只保存页列通道状态、计数、证据编号和SHA；不公开具体核验内容、识别内容、字段记录、人工内容或本地位置。
G0FIELDGAPPAGE-79e9bf6d2a1e046e,data/working/issue19-first-closure-g0-conflict-field-evidence-gap-tasks-v1-public-ledger.csv,data/working/issue19-first-closure-g0-conflict-field-evidence-closure-result-v1-page-summary.csv,湖北招生考试2026年19期·本科普通批（下）,ee61fc69389f24a9a7830167113cf0ddc0447f8fa4b2743cd3241be60a9bd86d,2026-06-29,issue19_first_closure_g0_conflict_field_evidence_gap_tasks_v1,G0冲突字段补证缺口页列通道汇总,页列×证据缺口通道,false,false,false,false,false,false,false,false,false,34,137-right,137,right,03,高校辅证人工核验,高校官网辅证人工核验,E2-高校辅证人工核验,3,3,1,1,1,专业计划数:1；再选科目:1；学费:1,3,0,school_source_pending:2；school_source_seed_present_pending_manual_review:1,G2a-缺高校辅证线索:2；G2b-高校辅证种子待人工核验:1,P0-含双人复核缺口页列:3,R0-冲突字段双人核页优先:3,d5b2bc0bb025640b37c7f02798554de09f9e69f0835df796021afaad1e01195b,903556f2112c5011b65fa133e373a216d4b990765df3d18396ce9e56b57b25c8,G0FIELD-PRIVATE-PAGE-137-right,988d25428cc00ecce3b58105dd1335300409e4edc8b20303ceedb639fa4143ea,FIRST-CLOSURE-REVIEW-HTML-137-right,48cfec58e00b283afc47cb5de9ec3915fedf243d60acae136c44f2d62a125706,把高校侧线索人工核验为证据记录；仅作double check，不替代湖北官方计划。,公开层只保存页列通道状态、计数、证据编号和SHA；不公开具体核验内容、识别内容、字段记录、人工内容或本地位置。
G0FIELDGAPPAGE-42ef2e59e43404aa,data/working/issue19-first-closure-g0-conflict-field-evidence-gap-tasks-v1-public-ledger.csv,data/working/issue19-first-closure-g0-conflict-field-evidence-closure-result-v1-page-summary.csv,湖北招生考试2026年19期·本科普通批（下）,ee61fc69389f24a9a7830167113cf0ddc0447f8fa4b2743cd3241be60a9bd86d,2026-06-29,issue19_first_closure_g0_conflict_field_evidence_gap_tasks_v1,G0冲突字段补证缺口页列通道汇总,页列×证据缺口通道,false,false,false,false,false,false,false,false,false,35,137-right,137,right,04,冲突处理,冲突解释和处理,E3-冲突处理,3,3,1,1,1,专业计划数:1；再选科目:1；学费:1,0,3,pending_conflict_resolution:3,G3-冲突未处理:3,P0-含双人复核缺口页列:3,R0-冲突字段双人核页优先:3,7adf4bd56f64f5bd52271515c541b8ff436f7ab5e3987a5c2cf5d5e6e79fdada,903556f2112c5011b65fa133e373a216d4b990765df3d18396ce9e56b57b25c8,G0FIELD-PRIVATE-PAGE-137-right,988d25428cc00ecce3b58105dd1335300409e4edc8b20303ceedb639fa4143ea,FIRST-CLOSURE-REVIEW-HTML-137-right,48cfec58e00b283afc47cb5de9ec3915fedf243d60acae136c44f2d62a125706,在PDF原页、湖北官方侧和高校辅证记录齐备后处理冲突方向。,公开层只保存页列通道状态、计数、证据编号和SHA；不公开具体核验内容、识别内容、字段记录、人工内容或本地位置。
G0FIELDGAPPAGE-5d88cdbde60cf8e6,data/working/issue19-first-closure-g0-conflict-field-evidence-gap-tasks-v1-public-ledger.csv,data/working/issue19-first-closure-g0-conflict-field-evidence-closure-result-v1-page-summary.csv,湖北招生考试2026年19期·本科普通批（下）,ee61fc69389f24a9a7830167113cf0ddc0447f8fa4b2743cd3241be60a9bd86d,2026-06-29,issue19_first_closure_g0_conflict_field_evidence_gap_tasks_v1,G0冲突字段补证缺口页列通道汇总,页列×证据缺口通道,false,false,false,false,false,false,false,false,false,36,137-right,137,right,05,双人复核,双人复核,E3-双人复核,3,3,1,1,1,专业计划数:1；再选科目:1；学费:1,3,0,pending_double_review:3,G4-双人复核未完成:3,P0-含双人复核缺口页列:3,R0-冲突字段双人核页优先:3,13aca4c963804999fca56726e03b9e61d0279b38618ac5d3142f3576f598a394,903556f2112c5011b65fa133e373a216d4b990765df3d18396ce9e56b57b25c8,G0FIELD-PRIVATE-PAGE-137-right,988d25428cc00ecce3b58105dd1335300409e4edc8b20303ceedb639fa4143ea,FIRST-CLOSURE-REVIEW-HTML-137-right,48cfec58e00b283afc47cb5de9ec3915fedf243d60acae136c44f2d62a125706,需要双人复核的字段先完成A/B复核和一致性结论；未完成前不得写回。,公开层只保存页列通道状态、计数、证据编号和SHA；不公开具体核验内容、识别内容、字段记录、人工内容或本地位置。
G0FIELDGAPPAGE-13c86b00b05d9885,data/working/issue19-first-closure-g0-conflict-field-evidence-gap-tasks-v1-public-ledger.csv,data/working/issue19-first-closure-g0-conflict-field-evidence-closure-result-v1-page-summary.csv,湖北招生考试2026年19期·本科普通批（下）,ee61fc69389f24a9a7830167113cf0ddc0447f8fa4b2743cd3241be60a9bd86d,2026-06-29,issue19_first_closure_g0_conflict_field_evidence_gap_tasks_v1,G0冲突字段补证缺口页列通道汇总,页列×证据缺口通道,false,false,false,false,false,false,false,false,false,37,137-right,137,right,06,三方一致性闭环,PDF/湖北官方/高校辅证三方闭环,E4-三方一致性闭环,3,3,1,1,1,专业计划数:1；再选科目:1；学费:1,0,3,blocked_missing_pdf:3,G5-三方一致性未闭环:3,P0-含双人复核缺口页列:3,R0-冲突字段双人核页优先:3,7aa38d36209db0f72d3857e918b20b1ee275a88658bf829b17ee2939711c758a,903556f2112c5011b65fa133e373a216d4b990765df3d18396ce9e56b57b25c8,G0FIELD-PRIVATE-PAGE-137-right,988d25428cc00ecce3b58105dd1335300409e4edc8b20303ceedb639fa4143ea,FIRST-CLOSURE-REVIEW-HTML-137-right,48cfec58e00b283afc47cb5de9ec3915fedf243d60acae136c44f2d62a125706,等待PDF原页、湖北官方侧、高校辅证和必要双人复核后再做三方一致性闭环。,公开层只保存页列通道状态、计数、证据编号和SHA；不公开具体核验内容、识别内容、字段记录、人工内容或本地位置。
G0FIELDGAPPAGE-2f9623b76109ce69,data/working/issue19-first-closure-g0-conflict-field-evidence-gap-tasks-v1-public-ledger.csv,data/working/issue19-first-closure-g0-conflict-field-evidence-closure-result-v1-page-summary.csv,湖北招生考试2026年19期·本科普通批（下）,ee61fc69389f24a9a7830167113cf0ddc0447f8fa4b2743cd3241be60a9bd86d,2026-06-29,issue19_first_closure_g0_conflict_field_evidence_gap_tasks_v1,G0冲突字段补证缺口页列通道汇总,页列×证据缺口通道,false,false,false,false,false,false,false,false,false,38,137-right,137,right,07,字段确认,字段确认,E5-字段确认,3,3,1,1,1,专业计划数:1；再选科目:1；学费:1,0,3,blocked:3,G6-字段确认未填写:3,P0-含双人复核缺口页列:3,R0-冲突字段双人核页优先:3,e1adc36c07b76eb8818cbc7a8fd3b777e324e109c9a54e3710826dd31eacfd7a,903556f2112c5011b65fa133e373a216d4b990765df3d18396ce9e56b57b25c8,G0FIELD-PRIVATE-PAGE-137-right,988d25428cc00ecce3b58105dd1335300409e4edc8b20303ceedb639fa4143ea,FIRST-CLOSURE-REVIEW-HTML-137-right,48cfec58e00b283afc47cb5de9ec3915fedf243d60acae136c44f2d62a125706,三方闭环后在私有材料中填写字段确认；公开层仍不保存字段记录。,公开层只保存页列通道状态、计数、证据编号和SHA；不公开具体核验内容、识别内容、字段记录、人工内容或本地位置。
G0FIELDGAPPAGE-db31162311032f11,data/working/issue19-first-closure-g0-conflict-field-evidence-gap-tasks-v1-public-ledger.csv,data/working/issue19-first-closure-g0-conflict-field-evidence-closure-result-v1-page-summary.csv,湖北招生考试2026年19期·本科普通批（下）,ee61fc69389f24a9a7830167113cf0ddc0447f8fa4b2743cd3241be60a9bd86d,2026-06-29,issue19_first_closure_g0_conflict_field_evidence_gap_tasks_v1,G0冲突字段补证缺口页列通道汇总,页列×证据缺口通道,false,false,false,false,false,false,false,false,false,39,137-right,137,right,08,写回评审,字段写回评审,E6-写回评审,3,3,1,1,1,专业计划数:1；再选科目:1；学费:1,0,3,blocked_until_required_evidence_closed:3,G7-写回评审建议未填写:3,P0-含双人复核缺口页列:3,R0-冲突字段双人核页优先:3,0f90df7a108046c31c55e133f739f88b50461916d6a512c8f94b8e6696637028,903556f2112c5011b65fa133e373a216d4b990765df3d18396ce9e56b57b25c8,G0FIELD-PRIVATE-PAGE-137-right,988d25428cc00ecce3b58105dd1335300409e4edc8b20303ceedb639fa4143ea,FIRST-CLOSURE-REVIEW-HTML-137-right,48cfec58e00b283afc47cb5de9ec3915fedf243d60acae136c44f2d62a125706,字段确认完成后进入私有写回评审；通过评审前仍不得写回或推荐。,公开层只保存页列通道状态、计数、证据编号和SHA；不公开具体核验内容、识别内容、字段记录、人工内容或本地位置。
G0FIELDGAPPAGE-9433463dd45adce7,data/working/issue19-first-closure-g0-conflict-field-evidence-gap-tasks-v1-public-ledger.csv,data/working/issue19-first-closure-g0-conflict-field-evidence-closure-result-v1-page-summary.csv,湖北招生考试2026年19期·本科普通批（下）,ee61fc69389f24a9a7830167113cf0ddc0447f8fa4b2743cd3241be60a9bd86d,2026-06-29,issue19_first_closure_g0_conflict_field_evidence_gap_tasks_v1,G0冲突字段补证缺口页列通道汇总,页列×证据缺口通道,false,false,false,false,false,false,false,false,false,40,169-right,169,right,01,PDF原页记录,PDF原页核页,E0-PDF原页核页先行,2,2,1,1,1,专业计划数:1；学费:1,2,0,pending_pdf_page_review:2,G0-缺PDF原页记录:2,P0-含双人复核缺口页列:2,R0-冲突字段双人核页优先:2,894f6009c29d7e2afa7e6a941b80b0855a8cb782b68780b189b752f8ee059501,8e45a2928aae9dbe373b395c9bf6cb4868bca7286c11130ba4b61e6cc275927e,G0FIELD-PRIVATE-PAGE-169-right,2198e9c15313021fb32768b508cd37bd756c554ca9045fb173a79c3e2109f1df,FIRST-CLOSURE-REVIEW-HTML-169-right,8f76daa094e9532b6f2e5717633405c9ad40efeb51a699229d1170cbbb3dfef7,在本地未公开页列材料中补齐PDF原页记录；未补齐前不得写回字段事实。,公开层只保存页列通道状态、计数、证据编号和SHA；不公开具体核验内容、识别内容、字段记录、人工内容或本地位置。
G0FIELDGAPPAGE-51446b2f1591a466,data/working/issue19-first-closure-g0-conflict-field-evidence-gap-tasks-v1-public-ledger.csv,data/working/issue19-first-closure-g0-conflict-field-evidence-closure-result-v1-page-summary.csv,湖北招生考试2026年19期·本科普通批（下）,ee61fc69389f24a9a7830167113cf0ddc0447f8fa4b2743cd3241be60a9bd86d,2026-06-29,issue19_first_closure_g0_conflict_field_evidence_gap_tasks_v1,G0冲突字段补证缺口页列通道汇总,页列×证据缺口通道,false,false,false,false,false,false,false,false,false,41,169-right,169,right,02,湖北官方侧记录,湖北官方或省招办计划核验,E1-湖北官方侧核验,2,2,1,1,1,专业计划数:1；学费:1,2,0,pending_hubei_official_plan_review:2,G1-缺湖北官方记录:2,P0-含双人复核缺口页列:2,R0-冲突字段双人核页优先:2,2dde23b561185619ed92b6e0786414b7352ffa62c9ad655c82ac1f955b1c9362,8e45a2928aae9dbe373b395c9bf6cb4868bca7286c11130ba4b61e6cc275927e,G0FIELD-PRIVATE-PAGE-169-right,2198e9c15313021fb32768b508cd37bd756c554ca9045fb173a79c3e2109f1df,FIRST-CLOSURE-REVIEW-HTML-169-right,8f76daa094e9532b6f2e5717633405c9ad40efeb51a699229d1170cbbb3dfef7,补齐湖北官方系统或省招办计划侧记录；高校官网不得替代湖北官方计划。,公开层只保存页列通道状态、计数、证据编号和SHA；不公开具体核验内容、识别内容、字段记录、人工内容或本地位置。
G0FIELDGAPPAGE-ce51cd9eeb61b9c0,data/working/issue19-first-closure-g0-conflict-field-evidence-gap-tasks-v1-public-ledger.csv,data/working/issue19-first-closure-g0-conflict-field-evidence-closure-result-v1-page-summary.csv,湖北招生考试2026年19期·本科普通批（下）,ee61fc69389f24a9a7830167113cf0ddc0447f8fa4b2743cd3241be60a9bd86d,2026-06-29,issue19_first_closure_g0_conflict_field_evidence_gap_tasks_v1,G0冲突字段补证缺口页列通道汇总,页列×证据缺口通道,false,false,false,false,false,false,false,false,false,42,169-right,169,right,03,高校辅证人工核验,高校官网辅证人工核验,E2-高校辅证人工核验,2,2,1,1,1,专业计划数:1；学费:1,2,0,school_source_pending:1；school_source_seed_present_pending_manual_review:1,G2a-缺高校辅证线索:1；G2b-高校辅证种子待人工核验:1,P0-含双人复核缺口页列:2,R0-冲突字段双人核页优先:2,9d4862fdd5b8a33e5e5d967b853c2eb0b18e19f105cfa87fea8d4e9f5b7fc865,8e45a2928aae9dbe373b395c9bf6cb4868bca7286c11130ba4b61e6cc275927e,G0FIELD-PRIVATE-PAGE-169-right,2198e9c15313021fb32768b508cd37bd756c554ca9045fb173a79c3e2109f1df,FIRST-CLOSURE-REVIEW-HTML-169-right,8f76daa094e9532b6f2e5717633405c9ad40efeb51a699229d1170cbbb3dfef7,把高校侧线索人工核验为证据记录；仅作double check，不替代湖北官方计划。,公开层只保存页列通道状态、计数、证据编号和SHA；不公开具体核验内容、识别内容、字段记录、人工内容或本地位置。
G0FIELDGAPPAGE-3eea16739b83335b,data/working/issue19-first-closure-g0-conflict-field-evidence-gap-tasks-v1-public-ledger.csv,data/working/issue19-first-closure-g0-conflict-field-evidence-closure-result-v1-page-summary.csv,湖北招生考试2026年19期·本科普通批（下）,ee61fc69389f24a9a7830167113cf0ddc0447f8fa4b2743cd3241be60a9bd86d,2026-06-29,issue19_first_closure_g0_conflict_field_evidence_gap_tasks_v1,G0冲突字段补证缺口页列通道汇总,页列×证据缺口通道,false,false,false,false,false,false,false,false,false,43,169-right,169,right,04,冲突处理,冲突解释和处理,E3-冲突处理,2,2,1,1,1,专业计划数:1；学费:1,0,2,pending_conflict_resolution:2,G3-冲突未处理:2,P0-含双人复核缺口页列:2,R0-冲突字段双人核页优先:2,45241aa72e9f0bbf387e668e9b53d7ed923247cb76adf3def06ffdea34346ae8,8e45a2928aae9dbe373b395c9bf6cb4868bca7286c11130ba4b61e6cc275927e,G0FIELD-PRIVATE-PAGE-169-right,2198e9c15313021fb32768b508cd37bd756c554ca9045fb173a79c3e2109f1df,FIRST-CLOSURE-REVIEW-HTML-169-right,8f76daa094e9532b6f2e5717633405c9ad40efeb51a699229d1170cbbb3dfef7,在PDF原页、湖北官方侧和高校辅证记录齐备后处理冲突方向。,公开层只保存页列通道状态、计数、证据编号和SHA；不公开具体核验内容、识别内容、字段记录、人工内容或本地位置。
G0FIELDGAPPAGE-80c5597298e94ba9,data/working/issue19-first-closure-g0-conflict-field-evidence-gap-tasks-v1-public-ledger.csv,data/working/issue19-first-closure-g0-conflict-field-evidence-closure-result-v1-page-summary.csv,湖北招生考试2026年19期·本科普通批（下）,ee61fc69389f24a9a7830167113cf0ddc0447f8fa4b2743cd3241be60a9bd86d,2026-06-29,issue19_first_closure_g0_conflict_field_evidence_gap_tasks_v1,G0冲突字段补证缺口页列通道汇总,页列×证据缺口通道,false,false,false,false,false,false,false,false,false,44,169-right,169,right,05,双人复核,双人复核,E3-双人复核,2,2,1,1,1,专业计划数:1；学费:1,2,0,pending_double_review:2,G4-双人复核未完成:2,P0-含双人复核缺口页列:2,R0-冲突字段双人核页优先:2,956e2293b4aba46f36415dc142e1fdaa8f91bd94dd074a7d42b2daf48dfe977a,8e45a2928aae9dbe373b395c9bf6cb4868bca7286c11130ba4b61e6cc275927e,G0FIELD-PRIVATE-PAGE-169-right,2198e9c15313021fb32768b508cd37bd756c554ca9045fb173a79c3e2109f1df,FIRST-CLOSURE-REVIEW-HTML-169-right,8f76daa094e9532b6f2e5717633405c9ad40efeb51a699229d1170cbbb3dfef7,需要双人复核的字段先完成A/B复核和一致性结论；未完成前不得写回。,公开层只保存页列通道状态、计数、证据编号和SHA；不公开具体核验内容、识别内容、字段记录、人工内容或本地位置。
G0FIELDGAPPAGE-fdf132fdf0933dab,data/working/issue19-first-closure-g0-conflict-field-evidence-gap-tasks-v1-public-ledger.csv,data/working/issue19-first-closure-g0-conflict-field-evidence-closure-result-v1-page-summary.csv,湖北招生考试2026年19期·本科普通批（下）,ee61fc69389f24a9a7830167113cf0ddc0447f8fa4b2743cd3241be60a9bd86d,2026-06-29,issue19_first_closure_g0_conflict_field_evidence_gap_tasks_v1,G0冲突字段补证缺口页列通道汇总,页列×证据缺口通道,false,false,false,false,false,false,false,false,false,45,169-right,169,right,06,三方一致性闭环,PDF/湖北官方/高校辅证三方闭环,E4-三方一致性闭环,2,2,1,1,1,专业计划数:1；学费:1,0,2,blocked_missing_pdf:2,G5-三方一致性未闭环:2,P0-含双人复核缺口页列:2,R0-冲突字段双人核页优先:2,99c8921c8fdc94754f5021671d638b624a03a995b15bcca390936b61310068fe,8e45a2928aae9dbe373b395c9bf6cb4868bca7286c11130ba4b61e6cc275927e,G0FIELD-PRIVATE-PAGE-169-right,2198e9c15313021fb32768b508cd37bd756c554ca9045fb173a79c3e2109f1df,FIRST-CLOSURE-REVIEW-HTML-169-right,8f76daa094e9532b6f2e5717633405c9ad40efeb51a699229d1170cbbb3dfef7,等待PDF原页、湖北官方侧、高校辅证和必要双人复核后再做三方一致性闭环。,公开层只保存页列通道状态、计数、证据编号和SHA；不公开具体核验内容、识别内容、字段记录、人工内容或本地位置。
G0FIELDGAPPAGE-ddc284d911e71660,data/working/issue19-first-closure-g0-conflict-field-evidence-gap-tasks-v1-public-ledger.csv,data/working/issue19-first-closure-g0-conflict-field-evidence-closure-result-v1-page-summary.csv,湖北招生考试2026年19期·本科普通批（下）,ee61fc69389f24a9a7830167113cf0ddc0447f8fa4b2743cd3241be60a9bd86d,2026-06-29,issue19_first_closure_g0_conflict_field_evidence_gap_tasks_v1,G0冲突字段补证缺口页列通道汇总,页列×证据缺口通道,false,false,false,false,false,false,false,false,false,46,169-right,169,right,07,字段确认,字段确认,E5-字段确认,2,2,1,1,1,专业计划数:1；学费:1,0,2,blocked:2,G6-字段确认未填写:2,P0-含双人复核缺口页列:2,R0-冲突字段双人核页优先:2,ac2d744513e14e4fe2ae1a276bc45be6a38999abf8acde664c3ba9c520556b1b,8e45a2928aae9dbe373b395c9bf6cb4868bca7286c11130ba4b61e6cc275927e,G0FIELD-PRIVATE-PAGE-169-right,2198e9c15313021fb32768b508cd37bd756c554ca9045fb173a79c3e2109f1df,FIRST-CLOSURE-REVIEW-HTML-169-right,8f76daa094e9532b6f2e5717633405c9ad40efeb51a699229d1170cbbb3dfef7,三方闭环后在私有材料中填写字段确认；公开层仍不保存字段记录。,公开层只保存页列通道状态、计数、证据编号和SHA；不公开具体核验内容、识别内容、字段记录、人工内容或本地位置。
G0FIELDGAPPAGE-f6142c52efddfc5d,data/working/issue19-first-closure-g0-conflict-field-evidence-gap-tasks-v1-public-ledger.csv,data/working/issue19-first-closure-g0-conflict-field-evidence-closure-result-v1-page-summary.csv,湖北招生考试2026年19期·本科普通批（下）,ee61fc69389f24a9a7830167113cf0ddc0447f8fa4b2743cd3241be60a9bd86d,2026-06-29,issue19_first_closure_g0_conflict_field_evidence_gap_tasks_v1,G0冲突字段补证缺口页列通道汇总,页列×证据缺口通道,false,false,false,false,false,false,false,false,false,47,169-right,169,right,08,写回评审,字段写回评审,E6-写回评审,2,2,1,1,1,专业计划数:1；学费:1,0,2,blocked_until_required_evidence_closed:2,G7-写回评审建议未填写:2,P0-含双人复核缺口页列:2,R0-冲突字段双人核页优先:2,905d1eb5f7e4139a0880cd126e917dfe8c9b544dd37f323054cf2b9843751442,8e45a2928aae9dbe373b395c9bf6cb4868bca7286c11130ba4b61e6cc275927e,G0FIELD-PRIVATE-PAGE-169-right,2198e9c15313021fb32768b508cd37bd756c554ca9045fb173a79c3e2109f1df,FIRST-CLOSURE-REVIEW-HTML-169-right,8f76daa094e9532b6f2e5717633405c9ad40efeb51a699229d1170cbbb3dfef7,字段确认完成后进入私有写回评审；通过评审前仍不得写回或推荐。,公开层只保存页列通道状态、计数、证据编号和SHA；不公开具体核验内容、识别内容、字段记录、人工内容或本地位置。
G0FIELDGAPPAGE-1223c55aea90ae6f,data/working/issue19-first-closure-g0-conflict-field-evidence-gap-tasks-v1-public-ledger.csv,data/working/issue19-first-closure-g0-conflict-field-evidence-closure-result-v1-page-summary.csv,湖北招生考试2026年19期·本科普通批（下）,ee61fc69389f24a9a7830167113cf0ddc0447f8fa4b2743cd3241be60a9bd86d,2026-06-29,issue19_first_closure_g0_conflict_field_evidence_gap_tasks_v1,G0冲突字段补证缺口页列通道汇总,页列×证据缺口通道,false,false,false,false,false,false,false,false,false,48,199-left,199,left,01,PDF原页记录,PDF原页核页,E0-PDF原页核页先行,9,9,3,3,1,专业计划数:3；再选科目:3；学费:3,9,0,pending_pdf_page_review:9,G0-缺PDF原页记录:9,P0-含双人复核缺口页列:9,R0-冲突字段双人核页优先:9,4a807c7436d83294ab40b5242df6060e50cc67742a402d585629046f5130a9da,536c2a0d5467df7881cc9da9ad82237ece462a3346d73bab24d327ec884548e1,G0FIELD-PRIVATE-PAGE-199-left,3fdbf22229820387aa1a6615cae143f8774d378c03abf5b1726569a6c0b2173b,FIRST-CLOSURE-REVIEW-HTML-199-left,0015fb47a28280a4de32d77adfa128c2f8e0553efcf7633c4d50ed66f8d2e7c4,在本地未公开页列材料中补齐PDF原页记录；未补齐前不得写回字段事实。,公开层只保存页列通道状态、计数、证据编号和SHA；不公开具体核验内容、识别内容、字段记录、人工内容或本地位置。
G0FIELDGAPPAGE-bae40c6f072ab47f,data/working/issue19-first-closure-g0-conflict-field-evidence-gap-tasks-v1-public-ledger.csv,data/working/issue19-first-closure-g0-conflict-field-evidence-closure-result-v1-page-summary.csv,湖北招生考试2026年19期·本科普通批（下）,ee61fc69389f24a9a7830167113cf0ddc0447f8fa4b2743cd3241be60a9bd86d,2026-06-29,issue19_first_closure_g0_conflict_field_evidence_gap_tasks_v1,G0冲突字段补证缺口页列通道汇总,页列×证据缺口通道,false,false,false,false,false,false,false,false,false,49,199-left,199,left,02,湖北官方侧记录,湖北官方或省招办计划核验,E1-湖北官方侧核验,9,9,3,3,1,专业计划数:3；再选科目:3；学费:3,9,0,pending_hubei_official_plan_review:9,G1-缺湖北官方记录:9,P0-含双人复核缺口页列:9,R0-冲突字段双人核页优先:9,f917bdf7622ec1c17a4aabdf0a6e53b37690c44469318efed6d5ef9270c1412c,536c2a0d5467df7881cc9da9ad82237ece462a3346d73bab24d327ec884548e1,G0FIELD-PRIVATE-PAGE-199-left,3fdbf22229820387aa1a6615cae143f8774d378c03abf5b1726569a6c0b2173b,FIRST-CLOSURE-REVIEW-HTML-199-left,0015fb47a28280a4de32d77adfa128c2f8e0553efcf7633c4d50ed66f8d2e7c4,补齐湖北官方系统或省招办计划侧记录；高校官网不得替代湖北官方计划。,公开层只保存页列通道状态、计数、证据编号和SHA；不公开具体核验内容、识别内容、字段记录、人工内容或本地位置。
G0FIELDGAPPAGE-002381781d01b4d1,data/working/issue19-first-closure-g0-conflict-field-evidence-gap-tasks-v1-public-ledger.csv,data/working/issue19-first-closure-g0-conflict-field-evidence-closure-result-v1-page-summary.csv,湖北招生考试2026年19期·本科普通批（下）,ee61fc69389f24a9a7830167113cf0ddc0447f8fa4b2743cd3241be60a9bd86d,2026-06-29,issue19_first_closure_g0_conflict_field_evidence_gap_tasks_v1,G0冲突字段补证缺口页列通道汇总,页列×证据缺口通道,false,false,false,false,false,false,false,false,false,50,199-left,199,left,03,高校辅证人工核验,高校官网辅证人工核验,E2-高校辅证人工核验,9,9,3,3,1,专业计划数:3；再选科目:3；学费:3,9,0,school_source_seed_present_pending_manual_review:9,G2b-高校辅证种子待人工核验:9,P0-含双人复核缺口页列:9,R0-冲突字段双人核页优先:9,2af09cf681fc402e3693c4c69ad8b0d21a3803d2ec3efc18913bafeb8d4464f1,536c2a0d5467df7881cc9da9ad82237ece462a3346d73bab24d327ec884548e1,G0FIELD-PRIVATE-PAGE-199-left,3fdbf22229820387aa1a6615cae143f8774d378c03abf5b1726569a6c0b2173b,FIRST-CLOSURE-REVIEW-HTML-199-left,0015fb47a28280a4de32d77adfa128c2f8e0553efcf7633c4d50ed66f8d2e7c4,把高校侧线索人工核验为证据记录；仅作double check，不替代湖北官方计划。,公开层只保存页列通道状态、计数、证据编号和SHA；不公开具体核验内容、识别内容、字段记录、人工内容或本地位置。
G0FIELDGAPPAGE-ecb810c8506c70ca,data/working/issue19-first-closure-g0-conflict-field-evidence-gap-tasks-v1-public-ledger.csv,data/working/issue19-first-closure-g0-conflict-field-evidence-closure-result-v1-page-summary.csv,湖北招生考试2026年19期·本科普通批（下）,ee61fc69389f24a9a7830167113cf0ddc0447f8fa4b2743cd3241be60a9bd86d,2026-06-29,issue19_first_closure_g0_conflict_field_evidence_gap_tasks_v1,G0冲突字段补证缺口页列通道汇总,页列×证据缺口通道,false,false,false,false,false,false,false,false,false,51,199-left,199,left,04,冲突处理,冲突解释和处理,E3-冲突处理,9,9,3,3,1,专业计划数:3；再选科目:3；学费:3,0,9,pending_conflict_resolution:9,G3-冲突未处理:9,P0-含双人复核缺口页列:9,R0-冲突字段双人核页优先:9,a2612edc9a4388a45fc44907f0d889cfa85c7aed0fc0853c6b9b63e541f71861,536c2a0d5467df7881cc9da9ad82237ece462a3346d73bab24d327ec884548e1,G0FIELD-PRIVATE-PAGE-199-left,3fdbf22229820387aa1a6615cae143f8774d378c03abf5b1726569a6c0b2173b,FIRST-CLOSURE-REVIEW-HTML-199-left,0015fb47a28280a4de32d77adfa128c2f8e0553efcf7633c4d50ed66f8d2e7c4,在PDF原页、湖北官方侧和高校辅证记录齐备后处理冲突方向。,公开层只保存页列通道状态、计数、证据编号和SHA；不公开具体核验内容、识别内容、字段记录、人工内容或本地位置。
G0FIELDGAPPAGE-0a62343007a46228,data/working/issue19-first-closure-g0-conflict-field-evidence-gap-tasks-v1-public-ledger.csv,data/working/issue19-first-closure-g0-conflict-field-evidence-closure-result-v1-page-summary.csv,湖北招生考试2026年19期·本科普通批（下）,ee61fc69389f24a9a7830167113cf0ddc0447f8fa4b2743cd3241be60a9bd86d,2026-06-29,issue19_first_closure_g0_conflict_field_evidence_gap_tasks_v1,G0冲突字段补证缺口页列通道汇总,页列×证据缺口通道,false,false,false,false,false,false,false,false,false,52,199-left,199,left,05,双人复核,双人复核,E3-双人复核,9,9,3,3,1,专业计划数:3；再选科目:3；学费:3,9,0,pending_double_review:9,G4-双人复核未完成:9,P0-含双人复核缺口页列:9,R0-冲突字段双人核页优先:9,808e90cad66a677d855fe85fe1b4fd69dd49b48fe7ca0cc9d0e51f39de32f09d,536c2a0d5467df7881cc9da9ad82237ece462a3346d73bab24d327ec884548e1,G0FIELD-PRIVATE-PAGE-199-left,3fdbf22229820387aa1a6615cae143f8774d378c03abf5b1726569a6c0b2173b,FIRST-CLOSURE-REVIEW-HTML-199-left,0015fb47a28280a4de32d77adfa128c2f8e0553efcf7633c4d50ed66f8d2e7c4,需要双人复核的字段先完成A/B复核和一致性结论；未完成前不得写回。,公开层只保存页列通道状态、计数、证据编号和SHA；不公开具体核验内容、识别内容、字段记录、人工内容或本地位置。
G0FIELDGAPPAGE-568d819bc311e613,data/working/issue19-first-closure-g0-conflict-field-evidence-gap-tasks-v1-public-ledger.csv,data/working/issue19-first-closure-g0-conflict-field-evidence-closure-result-v1-page-summary.csv,湖北招生考试2026年19期·本科普通批（下）,ee61fc69389f24a9a7830167113cf0ddc0447f8fa4b2743cd3241be60a9bd86d,2026-06-29,issue19_first_closure_g0_conflict_field_evidence_gap_tasks_v1,G0冲突字段补证缺口页列通道汇总,页列×证据缺口通道,false,false,false,false,false,false,false,false,false,53,199-left,199,left,06,三方一致性闭环,PDF/湖北官方/高校辅证三方闭环,E4-三方一致性闭环,9,9,3,3,1,专业计划数:3；再选科目:3；学费:3,0,9,blocked_missing_pdf:9,G5-三方一致性未闭环:9,P0-含双人复核缺口页列:9,R0-冲突字段双人核页优先:9,6eeb7d269326fbf0d3e3cdf32412c7aa73c8c581471dbb7aceb480750634bde8,536c2a0d5467df7881cc9da9ad82237ece462a3346d73bab24d327ec884548e1,G0FIELD-PRIVATE-PAGE-199-left,3fdbf22229820387aa1a6615cae143f8774d378c03abf5b1726569a6c0b2173b,FIRST-CLOSURE-REVIEW-HTML-199-left,0015fb47a28280a4de32d77adfa128c2f8e0553efcf7633c4d50ed66f8d2e7c4,等待PDF原页、湖北官方侧、高校辅证和必要双人复核后再做三方一致性闭环。,公开层只保存页列通道状态、计数、证据编号和SHA；不公开具体核验内容、识别内容、字段记录、人工内容或本地位置。
G0FIELDGAPPAGE-d03eacc9da132c7f,data/working/issue19-first-closure-g0-conflict-field-evidence-gap-tasks-v1-public-ledger.csv,data/working/issue19-first-closure-g0-conflict-field-evidence-closure-result-v1-page-summary.csv,湖北招生考试2026年19期·本科普通批（下）,ee61fc69389f24a9a7830167113cf0ddc0447f8fa4b2743cd3241be60a9bd86d,2026-06-29,issue19_first_closure_g0_conflict_field_evidence_gap_tasks_v1,G0冲突字段补证缺口页列通道汇总,页列×证据缺口通道,false,false,false,false,false,false,false,false,false,54,199-left,199,left,07,字段确认,字段确认,E5-字段确认,9,9,3,3,1,专业计划数:3；再选科目:3；学费:3,0,9,blocked:9,G6-字段确认未填写:9,P0-含双人复核缺口页列:9,R0-冲突字段双人核页优先:9,db1bf9b58f1958b2da30b3853464a0b1a4d89d40efbbc542b69425e2518c1cd7,536c2a0d5467df7881cc9da9ad82237ece462a3346d73bab24d327ec884548e1,G0FIELD-PRIVATE-PAGE-199-left,3fdbf22229820387aa1a6615cae143f8774d378c03abf5b1726569a6c0b2173b,FIRST-CLOSURE-REVIEW-HTML-199-left,0015fb47a28280a4de32d77adfa128c2f8e0553efcf7633c4d50ed66f8d2e7c4,三方闭环后在私有材料中填写字段确认；公开层仍不保存字段记录。,公开层只保存页列通道状态、计数、证据编号和SHA；不公开具体核验内容、识别内容、字段记录、人工内容或本地位置。
G0FIELDGAPPAGE-28536c0f2ce34bb9,data/working/issue19-first-closure-g0-conflict-field-evidence-gap-tasks-v1-public-ledger.csv,data/working/issue19-first-closure-g0-conflict-field-evidence-closure-result-v1-page-summary.csv,湖北招生考试2026年19期·本科普通批（下）,ee61fc69389f24a9a7830167113cf0ddc0447f8fa4b2743cd3241be60a9bd86d,2026-06-29,issue19_first_closure_g0_conflict_field_evidence_gap_tasks_v1,G0冲突字段补证缺口页列通道汇总,页列×证据缺口通道,false,false,false,false,false,false,false,false,false,55,199-left,199,left,08,写回评审,字段写回评审,E6-写回评审,9,9,3,3,1,专业计划数:3；再选科目:3；学费:3,0,9,blocked_until_required_evidence_closed:9,G7-写回评审建议未填写:9,P0-含双人复核缺口页列:9,R0-冲突字段双人核页优先:9,ece8ae35280c4207e43f6194c6516dc7d7fa8e93c716897d250495c446f03007,536c2a0d5467df7881cc9da9ad82237ece462a3346d73bab24d327ec884548e1,G0FIELD-PRIVATE-PAGE-199-left,3fdbf22229820387aa1a6615cae143f8774d378c03abf5b1726569a6c0b2173b,FIRST-CLOSURE-REVIEW-HTML-199-left,0015fb47a28280a4de32d77adfa128c2f8e0553efcf7633c4d50ed66f8d2e7c4,字段确认完成后进入私有写回评审；通过评审前仍不得写回或推荐。,公开层只保存页列通道状态、计数、证据编号和SHA；不公开具体核验内容、识别内容、字段记录、人工内容或本地位置。
G0FIELDGAPPAGE-0d829edf046abccc,data/working/issue19-first-closure-g0-conflict-field-evidence-gap-tasks-v1-public-ledger.csv,data/working/issue19-first-closure-g0-conflict-field-evidence-closure-result-v1-page-summary.csv,湖北招生考试2026年19期·本科普通批（下）,ee61fc69389f24a9a7830167113cf0ddc0447f8fa4b2743cd3241be60a9bd86d,2026-06-29,issue19_first_closure_g0_conflict_field_evidence_gap_tasks_v1,G0冲突字段补证缺口页列通道汇总,页列×证据缺口通道,false,false,false,false,false,false,false,false,false,56,209-right,209,right,01,PDF原页记录,PDF原页核页,E0-PDF原页核页先行,6,6,2,2,1,专业计划数:2；再选科目:2；学费:2,6,0,pending_pdf_page_review:6,G0-缺PDF原页记录:6,P0-含双人复核缺口页列:6,R0-冲突字段双人核页优先:6,8474e4ecdc5ef16ec8223904f91d04ce05af59482ef4703c82060d03ed9656c0,aaebd1e169576dd03ac4091bc37f13d4a4eed93404a51c99604c37fa716e37fc,G0FIELD-PRIVATE-PAGE-209-right,e65eaa808feab67cf1ce973f5c6383a08e556864136dc81731dc8a46a01ff8f3,FIRST-CLOSURE-REVIEW-HTML-209-right,d5d80ff32bf32c3dfaa19ab7e2924539b58d862306db70265cbfc85031d89081,在本地未公开页列材料中补齐PDF原页记录；未补齐前不得写回字段事实。,公开层只保存页列通道状态、计数、证据编号和SHA；不公开具体核验内容、识别内容、字段记录、人工内容或本地位置。
G0FIELDGAPPAGE-58b2151cd2e6880a,data/working/issue19-first-closure-g0-conflict-field-evidence-gap-tasks-v1-public-ledger.csv,data/working/issue19-first-closure-g0-conflict-field-evidence-closure-result-v1-page-summary.csv,湖北招生考试2026年19期·本科普通批（下）,ee61fc69389f24a9a7830167113cf0ddc0447f8fa4b2743cd3241be60a9bd86d,2026-06-29,issue19_first_closure_g0_conflict_field_evidence_gap_tasks_v1,G0冲突字段补证缺口页列通道汇总,页列×证据缺口通道,false,false,false,false,false,false,false,false,false,57,209-right,209,right,02,湖北官方侧记录,湖北官方或省招办计划核验,E1-湖北官方侧核验,6,6,2,2,1,专业计划数:2；再选科目:2；学费:2,6,0,pending_hubei_official_plan_review:6,G1-缺湖北官方记录:6,P0-含双人复核缺口页列:6,R0-冲突字段双人核页优先:6,28e41e6dd76629c869a67e7223921bd4e278eb127df6eacec908075a7b3c8b59,aaebd1e169576dd03ac4091bc37f13d4a4eed93404a51c99604c37fa716e37fc,G0FIELD-PRIVATE-PAGE-209-right,e65eaa808feab67cf1ce973f5c6383a08e556864136dc81731dc8a46a01ff8f3,FIRST-CLOSURE-REVIEW-HTML-209-right,d5d80ff32bf32c3dfaa19ab7e2924539b58d862306db70265cbfc85031d89081,补齐湖北官方系统或省招办计划侧记录；高校官网不得替代湖北官方计划。,公开层只保存页列通道状态、计数、证据编号和SHA；不公开具体核验内容、识别内容、字段记录、人工内容或本地位置。
G0FIELDGAPPAGE-0814c229a5c0d2a0,data/working/issue19-first-closure-g0-conflict-field-evidence-gap-tasks-v1-public-ledger.csv,data/working/issue19-first-closure-g0-conflict-field-evidence-closure-result-v1-page-summary.csv,湖北招生考试2026年19期·本科普通批（下）,ee61fc69389f24a9a7830167113cf0ddc0447f8fa4b2743cd3241be60a9bd86d,2026-06-29,issue19_first_closure_g0_conflict_field_evidence_gap_tasks_v1,G0冲突字段补证缺口页列通道汇总,页列×证据缺口通道,false,false,false,false,false,false,false,false,false,58,209-right,209,right,03,高校辅证人工核验,高校官网辅证人工核验,E2-高校辅证人工核验,6,6,2,2,1,专业计划数:2；再选科目:2；学费:2,6,0,school_source_seed_present_pending_manual_review:6,G2b-高校辅证种子待人工核验:6,P0-含双人复核缺口页列:6,R0-冲突字段双人核页优先:6,c67c4b9e82c8fddc626b6f8348cb13c6e5d2faa94b25c815ecaef814309ab9b8,aaebd1e169576dd03ac4091bc37f13d4a4eed93404a51c99604c37fa716e37fc,G0FIELD-PRIVATE-PAGE-209-right,e65eaa808feab67cf1ce973f5c6383a08e556864136dc81731dc8a46a01ff8f3,FIRST-CLOSURE-REVIEW-HTML-209-right,d5d80ff32bf32c3dfaa19ab7e2924539b58d862306db70265cbfc85031d89081,把高校侧线索人工核验为证据记录；仅作double check，不替代湖北官方计划。,公开层只保存页列通道状态、计数、证据编号和SHA；不公开具体核验内容、识别内容、字段记录、人工内容或本地位置。
G0FIELDGAPPAGE-565cc2857defb54c,data/working/issue19-first-closure-g0-conflict-field-evidence-gap-tasks-v1-public-ledger.csv,data/working/issue19-first-closure-g0-conflict-field-evidence-closure-result-v1-page-summary.csv,湖北招生考试2026年19期·本科普通批（下）,ee61fc69389f24a9a7830167113cf0ddc0447f8fa4b2743cd3241be60a9bd86d,2026-06-29,issue19_first_closure_g0_conflict_field_evidence_gap_tasks_v1,G0冲突字段补证缺口页列通道汇总,页列×证据缺口通道,false,false,false,false,false,false,false,false,false,59,209-right,209,right,04,冲突处理,冲突解释和处理,E3-冲突处理,6,6,2,2,1,专业计划数:2；再选科目:2；学费:2,0,6,pending_conflict_resolution:6,G3-冲突未处理:6,P0-含双人复核缺口页列:6,R0-冲突字段双人核页优先:6,f797150d499dae02d49ca687bef6844f7dbbeae8ab2f9a52448d072c278bb275,aaebd1e169576dd03ac4091bc37f13d4a4eed93404a51c99604c37fa716e37fc,G0FIELD-PRIVATE-PAGE-209-right,e65eaa808feab67cf1ce973f5c6383a08e556864136dc81731dc8a46a01ff8f3,FIRST-CLOSURE-REVIEW-HTML-209-right,d5d80ff32bf32c3dfaa19ab7e2924539b58d862306db70265cbfc85031d89081,在PDF原页、湖北官方侧和高校辅证记录齐备后处理冲突方向。,公开层只保存页列通道状态、计数、证据编号和SHA；不公开具体核验内容、识别内容、字段记录、人工内容或本地位置。
G0FIELDGAPPAGE-29ff4429f9287cfa,data/working/issue19-first-closure-g0-conflict-field-evidence-gap-tasks-v1-public-ledger.csv,data/working/issue19-first-closure-g0-conflict-field-evidence-closure-result-v1-page-summary.csv,湖北招生考试2026年19期·本科普通批（下）,ee61fc69389f24a9a7830167113cf0ddc0447f8fa4b2743cd3241be60a9bd86d,2026-06-29,issue19_first_closure_g0_conflict_field_evidence_gap_tasks_v1,G0冲突字段补证缺口页列通道汇总,页列×证据缺口通道,false,false,false,false,false,false,false,false,false,60,209-right,209,right,05,双人复核,双人复核,E3-双人复核,6,6,2,2,1,专业计划数:2；再选科目:2；学费:2,6,0,pending_double_review:6,G4-双人复核未完成:6,P0-含双人复核缺口页列:6,R0-冲突字段双人核页优先:6,858bb74802a7e6eb2ec221ee49dd980fb17741ce4f1be6853f65e1318bc27366,aaebd1e169576dd03ac4091bc37f13d4a4eed93404a51c99604c37fa716e37fc,G0FIELD-PRIVATE-PAGE-209-right,e65eaa808feab67cf1ce973f5c6383a08e556864136dc81731dc8a46a01ff8f3,FIRST-CLOSURE-REVIEW-HTML-209-right,d5d80ff32bf32c3dfaa19ab7e2924539b58d862306db70265cbfc85031d89081,需要双人复核的字段先完成A/B复核和一致性结论；未完成前不得写回。,公开层只保存页列通道状态、计数、证据编号和SHA；不公开具体核验内容、识别内容、字段记录、人工内容或本地位置。
G0FIELDGAPPAGE-cd67c8c1d84d71b2,data/working/issue19-first-closure-g0-conflict-field-evidence-gap-tasks-v1-public-ledger.csv,data/working/issue19-first-closure-g0-conflict-field-evidence-closure-result-v1-page-summary.csv,湖北招生考试2026年19期·本科普通批（下）,ee61fc69389f24a9a7830167113cf0ddc0447f8fa4b2743cd3241be60a9bd86d,2026-06-29,issue19_first_closure_g0_conflict_field_evidence_gap_tasks_v1,G0冲突字段补证缺口页列通道汇总,页列×证据缺口通道,false,false,false,false,false,false,false,false,false,61,209-right,209,right,06,三方一致性闭环,PDF/湖北官方/高校辅证三方闭环,E4-三方一致性闭环,6,6,2,2,1,专业计划数:2；再选科目:2；学费:2,0,6,blocked_missing_pdf:6,G5-三方一致性未闭环:6,P0-含双人复核缺口页列:6,R0-冲突字段双人核页优先:6,0a07d4d92bf1e9c5b4c858c393bc766adaa4024967f106ec07fa6eb47eb48cb0,aaebd1e169576dd03ac4091bc37f13d4a4eed93404a51c99604c37fa716e37fc,G0FIELD-PRIVATE-PAGE-209-right,e65eaa808feab67cf1ce973f5c6383a08e556864136dc81731dc8a46a01ff8f3,FIRST-CLOSURE-REVIEW-HTML-209-right,d5d80ff32bf32c3dfaa19ab7e2924539b58d862306db70265cbfc85031d89081,等待PDF原页、湖北官方侧、高校辅证和必要双人复核后再做三方一致性闭环。,公开层只保存页列通道状态、计数、证据编号和SHA；不公开具体核验内容、识别内容、字段记录、人工内容或本地位置。
G0FIELDGAPPAGE-1b2cefa5bc2dae99,data/working/issue19-first-closure-g0-conflict-field-evidence-gap-tasks-v1-public-ledger.csv,data/working/issue19-first-closure-g0-conflict-field-evidence-closure-result-v1-page-summary.csv,湖北招生考试2026年19期·本科普通批（下）,ee61fc69389f24a9a7830167113cf0ddc0447f8fa4b2743cd3241be60a9bd86d,2026-06-29,issue19_first_closure_g0_conflict_field_evidence_gap_tasks_v1,G0冲突字段补证缺口页列通道汇总,页列×证据缺口通道,false,false,false,false,false,false,false,false,false,62,209-right,209,right,07,字段确认,字段确认,E5-字段确认,6,6,2,2,1,专业计划数:2；再选科目:2；学费:2,0,6,blocked:6,G6-字段确认未填写:6,P0-含双人复核缺口页列:6,R0-冲突字段双人核页优先:6,8aebe695f697b2e6a07941b06e3bc9db78098fcc84c0bac79abdc8263a64010f,aaebd1e169576dd03ac4091bc37f13d4a4eed93404a51c99604c37fa716e37fc,G0FIELD-PRIVATE-PAGE-209-right,e65eaa808feab67cf1ce973f5c6383a08e556864136dc81731dc8a46a01ff8f3,FIRST-CLOSURE-REVIEW-HTML-209-right,d5d80ff32bf32c3dfaa19ab7e2924539b58d862306db70265cbfc85031d89081,三方闭环后在私有材料中填写字段确认；公开层仍不保存字段记录。,公开层只保存页列通道状态、计数、证据编号和SHA；不公开具体核验内容、识别内容、字段记录、人工内容或本地位置。
G0FIELDGAPPAGE-fd73f8b01b18ceb4,data/working/issue19-first-closure-g0-conflict-field-evidence-gap-tasks-v1-public-ledger.csv,data/working/issue19-first-closure-g0-conflict-field-evidence-closure-result-v1-page-summary.csv,湖北招生考试2026年19期·本科普通批（下）,ee61fc69389f24a9a7830167113cf0ddc0447f8fa4b2743cd3241be60a9bd86d,2026-06-29,issue19_first_closure_g0_conflict_field_evidence_gap_tasks_v1,G0冲突字段补证缺口页列通道汇总,页列×证据缺口通道,false,false,false,false,false,false,false,false,false,63,209-right,209,right,08,写回评审,字段写回评审,E6-写回评审,6,6,2,2,1,专业计划数:2；再选科目:2；学费:2,0,6,blocked_until_required_evidence_closed:6,G7-写回评审建议未填写:6,P0-含双人复核缺口页列:6,R0-冲突字段双人核页优先:6,83ce4861f4f6a3ad080b80ddc4f701eb9bb0dc2135a76bd38a12af0a2364cceb,aaebd1e169576dd03ac4091bc37f13d4a4eed93404a51c99604c37fa716e37fc,G0FIELD-PRIVATE-PAGE-209-right,e65eaa808feab67cf1ce973f5c6383a08e556864136dc81731dc8a46a01ff8f3,FIRST-CLOSURE-REVIEW-HTML-209-right,d5d80ff32bf32c3dfaa19ab7e2924539b58d862306db70265cbfc85031d89081,字段确认完成后进入私有写回评审；通过评审前仍不得写回或推荐。,公开层只保存页列通道状态、计数、证据编号和SHA；不公开具体核验内容、识别内容、字段记录、人工内容或本地位置。
G0FIELDGAPPAGE-7ddefa0a1f2bc265,data/working/issue19-first-closure-g0-conflict-field-evidence-gap-tasks-v1-public-ledger.csv,data/working/issue19-first-closure-g0-conflict-field-evidence-closure-result-v1-page-summary.csv,湖北招生考试2026年19期·本科普通批（下）,ee61fc69389f24a9a7830167113cf0ddc0447f8fa4b2743cd3241be60a9bd86d,2026-06-29,issue19_first_closure_g0_conflict_field_evidence_gap_tasks_v1,G0冲突字段补证缺口页列通道汇总,页列×证据缺口通道,false,false,false,false,false,false,false,false,false,64,226-left,226,left,01,PDF原页记录,PDF原页核页,E0-PDF原页核页先行,3,3,1,1,1,专业计划数:1；再选科目:1；学费:1,3,0,pending_pdf_page_review:3,G0-缺PDF原页记录:3,P2-常规冲突字段页列:3,R1-冲突字段单人初核后抽检复核:3,e7d6de9a89841fed0d44fd6198490754a52b9334b71ab4236514b4821f4b7bbb,6766a0ad4be11d40fe5b4cc7ab35fb66bef8a3a2a5b0b68ad7a83e422b89be51,G0FIELD-PRIVATE-PAGE-226-left,abc71c328166506bfac1c155960e4929199d335a5962c47fd63b7adb833ed472,FIRST-CLOSURE-REVIEW-HTML-226-left,1746ce9f2e5b4c5913211eafdae9f110013a85874a4b7081cddb611027ab2090,在本地未公开页列材料中补齐PDF原页记录；未补齐前不得写回字段事实。,公开层只保存页列通道状态、计数、证据编号和SHA；不公开具体核验内容、识别内容、字段记录、人工内容或本地位置。
G0FIELDGAPPAGE-da873a8127e246d6,data/working/issue19-first-closure-g0-conflict-field-evidence-gap-tasks-v1-public-ledger.csv,data/working/issue19-first-closure-g0-conflict-field-evidence-closure-result-v1-page-summary.csv,湖北招生考试2026年19期·本科普通批（下）,ee61fc69389f24a9a7830167113cf0ddc0447f8fa4b2743cd3241be60a9bd86d,2026-06-29,issue19_first_closure_g0_conflict_field_evidence_gap_tasks_v1,G0冲突字段补证缺口页列通道汇总,页列×证据缺口通道,false,false,false,false,false,false,false,false,false,65,226-left,226,left,02,湖北官方侧记录,湖北官方或省招办计划核验,E1-湖北官方侧核验,3,3,1,1,1,专业计划数:1；再选科目:1；学费:1,3,0,pending_hubei_official_plan_review:3,G1-缺湖北官方记录:3,P2-常规冲突字段页列:3,R1-冲突字段单人初核后抽检复核:3,74f0940787630f4968d88ae4315316805731d3d4a5e5adb13ca2e4806ee1361b,6766a0ad4be11d40fe5b4cc7ab35fb66bef8a3a2a5b0b68ad7a83e422b89be51,G0FIELD-PRIVATE-PAGE-226-left,abc71c328166506bfac1c155960e4929199d335a5962c47fd63b7adb833ed472,FIRST-CLOSURE-REVIEW-HTML-226-left,1746ce9f2e5b4c5913211eafdae9f110013a85874a4b7081cddb611027ab2090,补齐湖北官方系统或省招办计划侧记录；高校官网不得替代湖北官方计划。,公开层只保存页列通道状态、计数、证据编号和SHA；不公开具体核验内容、识别内容、字段记录、人工内容或本地位置。
G0FIELDGAPPAGE-2bd38d5789f109f0,data/working/issue19-first-closure-g0-conflict-field-evidence-gap-tasks-v1-public-ledger.csv,data/working/issue19-first-closure-g0-conflict-field-evidence-closure-result-v1-page-summary.csv,湖北招生考试2026年19期·本科普通批（下）,ee61fc69389f24a9a7830167113cf0ddc0447f8fa4b2743cd3241be60a9bd86d,2026-06-29,issue19_first_closure_g0_conflict_field_evidence_gap_tasks_v1,G0冲突字段补证缺口页列通道汇总,页列×证据缺口通道,false,false,false,false,false,false,false,false,false,66,226-left,226,left,03,高校辅证人工核验,高校官网辅证人工核验,E2-高校辅证人工核验,3,3,1,1,1,专业计划数:1；再选科目:1；学费:1,3,0,school_source_pending:1；school_source_seed_present_pending_manual_review:2,G2a-缺高校辅证线索:1；G2b-高校辅证种子待人工核验:2,P2-常规冲突字段页列:3,R1-冲突字段单人初核后抽检复核:3,aa6b205da74f5709ee423ba9525f1a07433535a9fc68835163f0b520bedecfce,6766a0ad4be11d40fe5b4cc7ab35fb66bef8a3a2a5b0b68ad7a83e422b89be51,G0FIELD-PRIVATE-PAGE-226-left,abc71c328166506bfac1c155960e4929199d335a5962c47fd63b7adb833ed472,FIRST-CLOSURE-REVIEW-HTML-226-left,1746ce9f2e5b4c5913211eafdae9f110013a85874a4b7081cddb611027ab2090,把高校侧线索人工核验为证据记录；仅作double check，不替代湖北官方计划。,公开层只保存页列通道状态、计数、证据编号和SHA；不公开具体核验内容、识别内容、字段记录、人工内容或本地位置。
G0FIELDGAPPAGE-670c5a0eb9125f3a,data/working/issue19-first-closure-g0-conflict-field-evidence-gap-tasks-v1-public-ledger.csv,data/working/issue19-first-closure-g0-conflict-field-evidence-closure-result-v1-page-summary.csv,湖北招生考试2026年19期·本科普通批（下）,ee61fc69389f24a9a7830167113cf0ddc0447f8fa4b2743cd3241be60a9bd86d,2026-06-29,issue19_first_closure_g0_conflict_field_evidence_gap_tasks_v1,G0冲突字段补证缺口页列通道汇总,页列×证据缺口通道,false,false,false,false,false,false,false,false,false,67,226-left,226,left,04,冲突处理,冲突解释和处理,E3-冲突处理,3,3,1,1,1,专业计划数:1；再选科目:1；学费:1,0,3,pending_conflict_resolution:3,G3-冲突未处理:3,P2-常规冲突字段页列:3,R1-冲突字段单人初核后抽检复核:3,2d36223d579df9e0ce5a8dd98b09641165bf98b2bcabf9ac3b1c2ffeccbf4e9d,6766a0ad4be11d40fe5b4cc7ab35fb66bef8a3a2a5b0b68ad7a83e422b89be51,G0FIELD-PRIVATE-PAGE-226-left,abc71c328166506bfac1c155960e4929199d335a5962c47fd63b7adb833ed472,FIRST-CLOSURE-REVIEW-HTML-226-left,1746ce9f2e5b4c5913211eafdae9f110013a85874a4b7081cddb611027ab2090,在PDF原页、湖北官方侧和高校辅证记录齐备后处理冲突方向。,公开层只保存页列通道状态、计数、证据编号和SHA；不公开具体核验内容、识别内容、字段记录、人工内容或本地位置。
G0FIELDGAPPAGE-fe705cb9ea3f0547,data/working/issue19-first-closure-g0-conflict-field-evidence-gap-tasks-v1-public-ledger.csv,data/working/issue19-first-closure-g0-conflict-field-evidence-closure-result-v1-page-summary.csv,湖北招生考试2026年19期·本科普通批（下）,ee61fc69389f24a9a7830167113cf0ddc0447f8fa4b2743cd3241be60a9bd86d,2026-06-29,issue19_first_closure_g0_conflict_field_evidence_gap_tasks_v1,G0冲突字段补证缺口页列通道汇总,页列×证据缺口通道,false,false,false,false,false,false,false,false,false,68,226-left,226,left,06,三方一致性闭环,PDF/湖北官方/高校辅证三方闭环,E4-三方一致性闭环,3,3,1,1,1,专业计划数:1；再选科目:1；学费:1,0,3,blocked_missing_pdf:3,G5-三方一致性未闭环:3,P2-常规冲突字段页列:3,R1-冲突字段单人初核后抽检复核:3,a4fc824d8bfc489d0e0a7f3e9890706df37a50ba48be164bac372b31056efce5,6766a0ad4be11d40fe5b4cc7ab35fb66bef8a3a2a5b0b68ad7a83e422b89be51,G0FIELD-PRIVATE-PAGE-226-left,abc71c328166506bfac1c155960e4929199d335a5962c47fd63b7adb833ed472,FIRST-CLOSURE-REVIEW-HTML-226-left,1746ce9f2e5b4c5913211eafdae9f110013a85874a4b7081cddb611027ab2090,等待PDF原页、湖北官方侧、高校辅证和必要双人复核后再做三方一致性闭环。,公开层只保存页列通道状态、计数、证据编号和SHA；不公开具体核验内容、识别内容、字段记录、人工内容或本地位置。
G0FIELDGAPPAGE-863a5dcc884afb57,data/working/issue19-first-closure-g0-conflict-field-evidence-gap-tasks-v1-public-ledger.csv,data/working/issue19-first-closure-g0-conflict-field-evidence-closure-result-v1-page-summary.csv,湖北招生考试2026年19期·本科普通批（下）,ee61fc69389f24a9a7830167113cf0ddc0447f8fa4b2743cd3241be60a9bd86d,2026-06-29,issue19_first_closure_g0_conflict_field_evidence_gap_tasks_v1,G0冲突字段补证缺口页列通道汇总,页列×证据缺口通道,false,false,false,false,false,false,false,false,false,69,226-left,226,left,07,字段确认,字段确认,E5-字段确认,3,3,1,1,1,专业计划数:1；再选科目:1；学费:1,0,3,blocked:3,G6-字段确认未填写:3,P2-常规冲突字段页列:3,R1-冲突字段单人初核后抽检复核:3,6cd1049cc6882395b8e8f94613c7b78f742efd4ed0a3acc21a4dd65c222ca7c1,6766a0ad4be11d40fe5b4cc7ab35fb66bef8a3a2a5b0b68ad7a83e422b89be51,G0FIELD-PRIVATE-PAGE-226-left,abc71c328166506bfac1c155960e4929199d335a5962c47fd63b7adb833ed472,FIRST-CLOSURE-REVIEW-HTML-226-left,1746ce9f2e5b4c5913211eafdae9f110013a85874a4b7081cddb611027ab2090,三方闭环后在私有材料中填写字段确认；公开层仍不保存字段记录。,公开层只保存页列通道状态、计数、证据编号和SHA；不公开具体核验内容、识别内容、字段记录、人工内容或本地位置。
G0FIELDGAPPAGE-4d5fc4e1568f01ac,data/working/issue19-first-closure-g0-conflict-field-evidence-gap-tasks-v1-public-ledger.csv,data/working/issue19-first-closure-g0-conflict-field-evidence-closure-result-v1-page-summary.csv,湖北招生考试2026年19期·本科普通批（下）,ee61fc69389f24a9a7830167113cf0ddc0447f8fa4b2743cd3241be60a9bd86d,2026-06-29,issue19_first_closure_g0_conflict_field_evidence_gap_tasks_v1,G0冲突字段补证缺口页列通道汇总,页列×证据缺口通道,false,false,false,false,false,false,false,false,false,70,226-left,226,left,08,写回评审,字段写回评审,E6-写回评审,3,3,1,1,1,专业计划数:1；再选科目:1；学费:1,0,3,blocked_until_required_evidence_closed:3,G7-写回评审建议未填写:3,P2-常规冲突字段页列:3,R1-冲突字段单人初核后抽检复核:3,a36ee41dceb586bc9c4f65840d2dce412bf24b206b98303780267e08e509bade,6766a0ad4be11d40fe5b4cc7ab35fb66bef8a3a2a5b0b68ad7a83e422b89be51,G0FIELD-PRIVATE-PAGE-226-left,abc71c328166506bfac1c155960e4929199d335a5962c47fd63b7adb833ed472,FIRST-CLOSURE-REVIEW-HTML-226-left,1746ce9f2e5b4c5913211eafdae9f110013a85874a4b7081cddb611027ab2090,字段确认完成后进入私有写回评审；通过评审前仍不得写回或推荐。,公开层只保存页列通道状态、计数、证据编号和SHA；不公开具体核验内容、识别内容、字段记录、人工内容或本地位置。
G0FIELDGAPPAGE-26f2cfa2a163bafa,data/working/issue19-first-closure-g0-conflict-field-evidence-gap-tasks-v1-public-ledger.csv,data/working/issue19-first-closure-g0-conflict-field-evidence-closure-result-v1-page-summary.csv,湖北招生考试2026年19期·本科普通批（下）,ee61fc69389f24a9a7830167113cf0ddc0447f8fa4b2743cd3241be60a9bd86d,2026-06-29,issue19_first_closure_g0_conflict_field_evidence_gap_tasks_v1,G0冲突字段补证缺口页列通道汇总,页列×证据缺口通道,false,false,false,false,false,false,false,false,false,71,226-right,226,right,01,PDF原页记录,PDF原页核页,E0-PDF原页核页先行,6,6,2,2,1,专业计划数:2；再选科目:2；学费:2,6,0,pending_pdf_page_review:6,G0-缺PDF原页记录:6,P1-字段数较多冲突页列:6,R1-冲突字段单人初核后抽检复核:6,a1d76bc2a69d5bc8dfe6adbe49e8b1b2382c6d4006da9faeed00073cc7a16673,912a2435e57fa263c66466cda5e3412407c11d8444cc27b0eab7c7d0d9789e13,G0FIELD-PRIVATE-PAGE-226-right,d70d7776c065165e5a98f203bfc7a22503881667942bacd522a94737e85b50ea,FIRST-CLOSURE-REVIEW-HTML-226-right,4e5741a67b646aa0b75a2fca8e332929677fc60e47832cfa4f0bce9ecac0ea7a,在本地未公开页列材料中补齐PDF原页记录；未补齐前不得写回字段事实。,公开层只保存页列通道状态、计数、证据编号和SHA；不公开具体核验内容、识别内容、字段记录、人工内容或本地位置。
G0FIELDGAPPAGE-c66dd6fb6b893119,data/working/issue19-first-closure-g0-conflict-field-evidence-gap-tasks-v1-public-ledger.csv,data/working/issue19-first-closure-g0-conflict-field-evidence-closure-result-v1-page-summary.csv,湖北招生考试2026年19期·本科普通批（下）,ee61fc69389f24a9a7830167113cf0ddc0447f8fa4b2743cd3241be60a9bd86d,2026-06-29,issue19_first_closure_g0_conflict_field_evidence_gap_tasks_v1,G0冲突字段补证缺口页列通道汇总,页列×证据缺口通道,false,false,false,false,false,false,false,false,false,72,226-right,226,right,02,湖北官方侧记录,湖北官方或省招办计划核验,E1-湖北官方侧核验,6,6,2,2,1,专业计划数:2；再选科目:2；学费:2,6,0,pending_hubei_official_plan_review:6,G1-缺湖北官方记录:6,P1-字段数较多冲突页列:6,R1-冲突字段单人初核后抽检复核:6,7ffec0dec96e3d3a1195cbd307659763dc7ba296c7d38ebd9003f7cd05cef8dd,912a2435e57fa263c66466cda5e3412407c11d8444cc27b0eab7c7d0d9789e13,G0FIELD-PRIVATE-PAGE-226-right,d70d7776c065165e5a98f203bfc7a22503881667942bacd522a94737e85b50ea,FIRST-CLOSURE-REVIEW-HTML-226-right,4e5741a67b646aa0b75a2fca8e332929677fc60e47832cfa4f0bce9ecac0ea7a,补齐湖北官方系统或省招办计划侧记录；高校官网不得替代湖北官方计划。,公开层只保存页列通道状态、计数、证据编号和SHA；不公开具体核验内容、识别内容、字段记录、人工内容或本地位置。
G0FIELDGAPPAGE-3079cda33b51150a,data/working/issue19-first-closure-g0-conflict-field-evidence-gap-tasks-v1-public-ledger.csv,data/working/issue19-first-closure-g0-conflict-field-evidence-closure-result-v1-page-summary.csv,湖北招生考试2026年19期·本科普通批（下）,ee61fc69389f24a9a7830167113cf0ddc0447f8fa4b2743cd3241be60a9bd86d,2026-06-29,issue19_first_closure_g0_conflict_field_evidence_gap_tasks_v1,G0冲突字段补证缺口页列通道汇总,页列×证据缺口通道,false,false,false,false,false,false,false,false,false,73,226-right,226,right,03,高校辅证人工核验,高校官网辅证人工核验,E2-高校辅证人工核验,6,6,2,2,1,专业计划数:2；再选科目:2；学费:2,6,0,school_source_seed_present_pending_manual_review:6,G2b-高校辅证种子待人工核验:6,P1-字段数较多冲突页列:6,R1-冲突字段单人初核后抽检复核:6,ae9ede0f01599a225e52e083906276e828d76a5b960b246a984e4700359d3944,912a2435e57fa263c66466cda5e3412407c11d8444cc27b0eab7c7d0d9789e13,G0FIELD-PRIVATE-PAGE-226-right,d70d7776c065165e5a98f203bfc7a22503881667942bacd522a94737e85b50ea,FIRST-CLOSURE-REVIEW-HTML-226-right,4e5741a67b646aa0b75a2fca8e332929677fc60e47832cfa4f0bce9ecac0ea7a,把高校侧线索人工核验为证据记录；仅作double check，不替代湖北官方计划。,公开层只保存页列通道状态、计数、证据编号和SHA；不公开具体核验内容、识别内容、字段记录、人工内容或本地位置。
G0FIELDGAPPAGE-9db4c105f989e55f,data/working/issue19-first-closure-g0-conflict-field-evidence-gap-tasks-v1-public-ledger.csv,data/working/issue19-first-closure-g0-conflict-field-evidence-closure-result-v1-page-summary.csv,湖北招生考试2026年19期·本科普通批（下）,ee61fc69389f24a9a7830167113cf0ddc0447f8fa4b2743cd3241be60a9bd86d,2026-06-29,issue19_first_closure_g0_conflict_field_evidence_gap_tasks_v1,G0冲突字段补证缺口页列通道汇总,页列×证据缺口通道,false,false,false,false,false,false,false,false,false,74,226-right,226,right,04,冲突处理,冲突解释和处理,E3-冲突处理,6,6,2,2,1,专业计划数:2；再选科目:2；学费:2,0,6,pending_conflict_resolution:6,G3-冲突未处理:6,P1-字段数较多冲突页列:6,R1-冲突字段单人初核后抽检复核:6,c447a25907647ffd13e18ce2e5adb88b3c4701a798c7438da646b5a90580151b,912a2435e57fa263c66466cda5e3412407c11d8444cc27b0eab7c7d0d9789e13,G0FIELD-PRIVATE-PAGE-226-right,d70d7776c065165e5a98f203bfc7a22503881667942bacd522a94737e85b50ea,FIRST-CLOSURE-REVIEW-HTML-226-right,4e5741a67b646aa0b75a2fca8e332929677fc60e47832cfa4f0bce9ecac0ea7a,在PDF原页、湖北官方侧和高校辅证记录齐备后处理冲突方向。,公开层只保存页列通道状态、计数、证据编号和SHA；不公开具体核验内容、识别内容、字段记录、人工内容或本地位置。
G0FIELDGAPPAGE-e1a5dafd60421a78,data/working/issue19-first-closure-g0-conflict-field-evidence-gap-tasks-v1-public-ledger.csv,data/working/issue19-first-closure-g0-conflict-field-evidence-closure-result-v1-page-summary.csv,湖北招生考试2026年19期·本科普通批（下）,ee61fc69389f24a9a7830167113cf0ddc0447f8fa4b2743cd3241be60a9bd86d,2026-06-29,issue19_first_closure_g0_conflict_field_evidence_gap_tasks_v1,G0冲突字段补证缺口页列通道汇总,页列×证据缺口通道,false,false,false,false,false,false,false,false,false,75,226-right,226,right,06,三方一致性闭环,PDF/湖北官方/高校辅证三方闭环,E4-三方一致性闭环,6,6,2,2,1,专业计划数:2；再选科目:2；学费:2,0,6,blocked_missing_pdf:6,G5-三方一致性未闭环:6,P1-字段数较多冲突页列:6,R1-冲突字段单人初核后抽检复核:6,dbb69045f1aaf2ca92fe6b2b95d6e708b965765aee2bad2f5ed58ce89b087859,912a2435e57fa263c66466cda5e3412407c11d8444cc27b0eab7c7d0d9789e13,G0FIELD-PRIVATE-PAGE-226-right,d70d7776c065165e5a98f203bfc7a22503881667942bacd522a94737e85b50ea,FIRST-CLOSURE-REVIEW-HTML-226-right,4e5741a67b646aa0b75a2fca8e332929677fc60e47832cfa4f0bce9ecac0ea7a,等待PDF原页、湖北官方侧、高校辅证和必要双人复核后再做三方一致性闭环。,公开层只保存页列通道状态、计数、证据编号和SHA；不公开具体核验内容、识别内容、字段记录、人工内容或本地位置。
G0FIELDGAPPAGE-ed999ab59db5892d,data/working/issue19-first-closure-g0-conflict-field-evidence-gap-tasks-v1-public-ledger.csv,data/working/issue19-first-closure-g0-conflict-field-evidence-closure-result-v1-page-summary.csv,湖北招生考试2026年19期·本科普通批（下）,ee61fc69389f24a9a7830167113cf0ddc0447f8fa4b2743cd3241be60a9bd86d,2026-06-29,issue19_first_closure_g0_conflict_field_evidence_gap_tasks_v1,G0冲突字段补证缺口页列通道汇总,页列×证据缺口通道,false,false,false,false,false,false,false,false,false,76,226-right,226,right,07,字段确认,字段确认,E5-字段确认,6,6,2,2,1,专业计划数:2；再选科目:2；学费:2,0,6,blocked:6,G6-字段确认未填写:6,P1-字段数较多冲突页列:6,R1-冲突字段单人初核后抽检复核:6,9f603963aa092afef48e7edc4dd21ffe7193cdb91476c94151186dc148d28223,912a2435e57fa263c66466cda5e3412407c11d8444cc27b0eab7c7d0d9789e13,G0FIELD-PRIVATE-PAGE-226-right,d70d7776c065165e5a98f203bfc7a22503881667942bacd522a94737e85b50ea,FIRST-CLOSURE-REVIEW-HTML-226-right,4e5741a67b646aa0b75a2fca8e332929677fc60e47832cfa4f0bce9ecac0ea7a,三方闭环后在私有材料中填写字段确认；公开层仍不保存字段记录。,公开层只保存页列通道状态、计数、证据编号和SHA；不公开具体核验内容、识别内容、字段记录、人工内容或本地位置。
G0FIELDGAPPAGE-55f69e4c5e2faec5,data/working/issue19-first-closure-g0-conflict-field-evidence-gap-tasks-v1-public-ledger.csv,data/working/issue19-first-closure-g0-conflict-field-evidence-closure-result-v1-page-summary.csv,湖北招生考试2026年19期·本科普通批（下）,ee61fc69389f24a9a7830167113cf0ddc0447f8fa4b2743cd3241be60a9bd86d,2026-06-29,issue19_first_closure_g0_conflict_field_evidence_gap_tasks_v1,G0冲突字段补证缺口页列通道汇总,页列×证据缺口通道,false,false,false,false,false,false,false,false,false,77,226-right,226,right,08,写回评审,字段写回评审,E6-写回评审,6,6,2,2,1,专业计划数:2；再选科目:2；学费:2,0,6,blocked_until_required_evidence_closed:6,G7-写回评审建议未填写:6,P1-字段数较多冲突页列:6,R1-冲突字段单人初核后抽检复核:6,f9b94b202bf7fb885aa84d92fd30654cd35c64a2f265ba6de281c1c1d4c336f1,912a2435e57fa263c66466cda5e3412407c11d8444cc27b0eab7c7d0d9789e13,G0FIELD-PRIVATE-PAGE-226-right,d70d7776c065165e5a98f203bfc7a22503881667942bacd522a94737e85b50ea,FIRST-CLOSURE-REVIEW-HTML-226-right,4e5741a67b646aa0b75a2fca8e332929677fc60e47832cfa4f0bce9ecac0ea7a,字段确认完成后进入私有写回评审；通过评审前仍不得写回或推荐。,公开层只保存页列通道状态、计数、证据编号和SHA；不公开具体核验内容、识别内容、字段记录、人工内容或本地位置。
