第二轮候选ID,第二轮池,第二轮层级,建议梯度,是否进入家庭讨论,是否可作为定稿依据,入选理由,专项风险提示,下一步核验动作,体检和章程核验提示,重点观察标签,院校代码,院校名称OCR,院校专业组代码OCR规范化,专业组号OCR,城市候选,公办民办机器线索,家庭底线属性动作,机器家庭匹配初判,调剂初判,偏好专业数,数字媒体技术专业数,计算机类相关专业数,师范类相关专业数,机械自动化机器人专业数,电子信息网络专业数,计算机AI软件专业数,农业动医兽医专业数,动物医学兽医专业数,护理助产专业数,工商旅游管理专业数,环境工程科学专业数,医技护理康复专业数,临床口腔中医暂缓专业数,高收费或超预算专业数,特殊限制待核专业数,专业明细行数,机器筛选价值层级,保真核验层级,历史线索分层,同代码命中年份最大值,历史最高等位分差,历史最低等位分差,来源页码,版面列,组内完整专业清单索引,机器核验下一步,人工核验下一步,专业组出现ID,稳定基座专业组筛选ID
R2GROUP-f1457d51283e0913,专项,S1-医技/康复专项了解,稳妥观察,true,false,命中方向：计算机/AI/软件1个、电子/网络1个、机械/自动化/机器人2个、师范1个、医技/康复1个；历史线索：H2-历史最高线不高于等位分；本轮口径：公办/普通学费线索；所有结论仍需原页、官方侧和章程核验,医技/康复需核体检、证书、实习和就业路径；组内有特殊限制待核；专项方向只进入了解池，不与普通主线混排,回看第19期原页和完整专业组；核湖北官方系统/省招办计划；核高校招生章程、学费、计划数、选科、校区、语种/单科/体检限制和调剂范围。,体检摘要显示色觉正常、矫正视力4.80/4.80；医技、康复、农学等仍必须逐校核招生章程和体检指导意见。,,H225,武夷学院,H22502,02,,非民办线索-教育部名单未备注民办,继续核公办普通学费-非民办线索,默认不进主方案-组内存在医学/护理等排除专业,调剂风险线索-组内存在默认不能接受专业,1,0,1,1,2,1,1,0,0,0,0,0,1,0,0,4,11,V0-默认不进主方案风险,R1-P0整组先核,H2-历史最高线不高于等位分,2,-8,-9,148,right,1.08 蒸学（农林类；专业体检要求详见学校[M-f8446afdc85b9d0e]；2.09 食品质量与安全[M-ff809761fd63fc2e]；3.10 康复治疗学[M-7f7f8b5d3dc4158b]；4.11 机械设计制造及其自动化[M-8b431483378cc590]；5.12 电气工程及其自动化[M-7571b26a567b7be3]；6.13 电子信息工程[M-14408a4afe3eddfc]；7.14 高分千材料与工程（专业体检要求详见学校招生章程）[M-58368cff0171a7a5]；8.15 化学工程与工艺（专业体检要求详见学校招生章程）[M-4afd4522f9300198]；9.16 生物工程（专业体检要求详见学校招生章程）[M-5e24358ac825ebe1]；10.17 土木工程[M-47ae429e9e38408f]；11.18 人工智能H227泉州师范学院（公办）（福建）[M-d32a3a4600408472],先核家庭底线风险，不把该组放入主方案。,仅在保底不足或家庭明确可接受时再核整组。,G-0620ea4028f5d9bd,STABLEGROUP-67c4bcd4a51dea5e
R2GROUP-0c6405c0d5fd3927,专项,S1-医技/康复专项了解,稳妥观察,true,false,命中方向：医技/康复2个；历史线索：H2-历史最高线不高于等位分；本轮口径：公办/普通学费线索；所有结论仍需原页、官方侧和章程核验,医技/康复需核体检、证书、实习和就业路径；专项方向只进入了解池，不与普通主线混排,回看第19期原页和完整专业组；核湖北官方系统/省招办计划；核高校招生章程、学费、计划数、选科、校区、语种/单科/体检限制和调剂范围。,体检摘要显示色觉正常、矫正视力4.80/4.80；医技、康复、农学等仍必须逐校核招生章程和体检指导意见。,,F298,长治医学院,F29803,03,,非民办线索-教育部名单未备注民办,继续核公办普通学费-非民办线索,默认不进主方案-组内存在医学/护理等排除专业,调剂风险线索-组内存在默认不能接受专业,0,0,0,0,0,0,0,0,0,0,0,0,2,0,0,0,6,V0-默认不进主方案风险,R1-P0整组先核,H2-历史最高线不高于等位分,2,-1,-14,108,left,1.03 生物医学工程[M-f5e12cafb813171e]；2.04 康复工程[M-683d80dd9d365acb]；3.05 食品营养与健康[M-de34c33a105ead6b]；4.06 药学貨高院校专业组及专业代号[M-e4fe70048750fbd3]；5.07 中药学[M-fb4f12d9b9b92905]；6.08 康复治疗学[M-9ada6e4ad73d2ac0],先核家庭底线风险，不把该组放入主方案。,仅在保底不足或家庭明确可接受时再核整组。,G-4050cae60c3808cc,STABLEGROUP-0de13d2c90d4da1e
R2GROUP-340eabc105b31f41,专项,S1-医技/康复专项了解,稳妥观察,true,false,命中方向：师范1个、医技/康复1个；历史线索：H2-历史最高线不高于等位分；本轮口径：公办/普通学费线索；所有结论仍需原页、官方侧和章程核验,医技/康复需核体检、证书、实习和就业路径；专项方向只进入了解池，不与普通主线混排,回看第19期原页和完整专业组；核湖北官方系统/省招办计划；核高校招生章程、学费、计划数、选科、校区、语种/单科/体检限制和调剂范围。,体检摘要显示色觉正常、矫正视力4.80/4.80；医技、康复、农学等仍必须逐校核招生章程和体检指导意见。,,F692,牡丹江医科大学,F69203,03,,非民办线索-教育部名单未备注民办,继续核公办普通学费-非民办线索,默认不进主方案-组内存在医学/护理等排除专业,调剂风险线索-组内存在默认不能接受专业,1,0,0,1,0,0,0,0,0,0,0,0,1,0,0,0,2,V0-默认不进主方案风险,R1-P0整组先核,H2-历史最高线不高于等位分,2,-1,-8,126,left,1.04 医学检验技术[M-b214ec4a3a583c92]；2.05 生物技术F693 哈尔滨师范大学（公办）（黑龙江）[M-6a41830496100c18],先核家庭底线风险，不把该组放入主方案。,仅在保底不足或家庭明确可接受时再核整组。,G-cea07874e638e447,STABLEGROUP-f8ac2c554bff3dd3
R2GROUP-aef94241f21e9e19,专项,S1-医技/康复专项了解,稳妥观察,true,false,命中方向：医技/康复1个；历史线索：H2-历史最高线不高于等位分；本轮口径：公办/普通学费线索；所有结论仍需原页、官方侧和章程核验,医技/康复需核体检、证书、实习和就业路径；专项方向只进入了解池，不与普通主线混排,回看第19期原页和完整专业组；核湖北官方系统/省招办计划；核高校招生章程、学费、计划数、选科、校区、语种/单科/体检限制和调剂范围。,体检摘要显示色觉正常、矫正视力4.80/4.80；医技、康复、农学等仍必须逐校核招生章程和体检指导意见。,,F390,内蒙古民族大学,F39004,04,,非民办线索-教育部名单未备注民办,继续核公办普通学费-非民办线索,默认不进主方案-组内存在医学/护理等排除专业,调剂风险线索-组内存在默认不能接受专业,0,0,0,0,0,0,0,0,0,0,0,0,1,0,0,0,1,V0-默认不进主方案风险,R2-P1页列集中核,H2-历史最高线不高于等位分,3,-6,-19,112,left,1.04 医学检验技术[M-9d59fd2363c93202],先核家庭底线风险，不把该组放入主方案。,仅在保底不足或家庭明确可接受时再核整组。,G-7cf419d39864bdac,STABLEGROUP-a69d4b932b1b927f
R2GROUP-0756107d62489181,专项,S1-医技/康复专项了解,稳妥观察,true,false,命中方向：医技/康复1个；历史线索：H2-历史最高线不高于等位分；本轮口径：公办/普通学费线索；所有结论仍需原页、官方侧和章程核验,医技/康复需核体检、证书、实习和就业路径；专项方向只进入了解池，不与普通主线混排,回看第19期原页和完整专业组；核湖北官方系统/省招办计划；核高校招生章程、学费、计划数、选科、校区、语种/单科/体检限制和调剂范围。,体检摘要显示色觉正常、矫正视力4.80/4.80；医技、康复、农学等仍必须逐校核招生章程和体检指导意见。,,C138,湖北理工学院,C13806,06,,非民办线索-教育部名单未备注民办,继续核公办普通学费-非民办线索,默认不进主方案-组内存在医学/护理等排除专业,调剂风险线索-组内存在默认不能接受专业,0,0,0,0,0,0,0,0,0,0,0,0,1,0,0,0,3,V0-默认不进主方案风险,R1-P0整组先核,H2-历史最高线不高于等位分,3,-3,-12,79,left,1.32 监床医学（不招色盲、色弱、单色识别不全；学制：五年）[M-e0776f4fa897d71f]；2.33 医学检验技术（不招色盲、色弱、单色识别不全）KAZGA院校专业及专业代号[M-776e0de825e7fa66]；3.34 药学（不招色盲、色弱、单色识别不全）[M-56dac25e950124d8],先核家庭底线风险，不把该组放入主方案。,仅在保底不足或家庭明确可接受时再核整组。,G-da0d606ea3616eb1,STABLEGROUP-e79ad6bd773e31d1
R2GROUP-6afdc9b2cc366d47,专项,S1-医技/康复专项了解,历史待补,true,false,命中方向：计算机/AI/软件2个、电子/网络1个、机械/自动化/机器人1个、医技/康复1个；历史线索：H0-无同代码历史线索；本轮口径：公办/普通学费线索；所有结论仍需原页、官方侧和章程核验,医技/康复需核体检、证书、实习和就业路径；缺同代码历史线索；专项方向只进入了解池，不与普通主线混排,回看第19期原页和完整专业组；核湖北官方系统/省招办计划；核高校招生章程、学费、计划数、选科、校区、语种/单科/体检限制和调剂范围。,体检摘要显示色觉正常、矫正视力4.80/4.80；医技、康复、农学等仍必须逐校核招生章程和体检指导意见。,,K152,西南科技大学,K15208,08,,非民办线索-教育部名单未备注民办,继续核公办普通学费-非民办线索,默认不进主方案-组内存在医学/护理等排除专业,调剂风险线索-组内存在默认不能接受专业,2,0,2,0,1,1,2,0,0,0,0,0,1,0,0,0,15,V0-默认不进主方案风险,R2-P1页列集中核,H0-无同代码历史线索,0,,,209,left,1.15 材料科学与工程（办学地点：青义校[M-b64bd9b031e01f45]；2.16 应用化学（办学地点：青义校区）[M-4fc49105125ae88b]；3.17 辐射防护与核安全（办学地点：青义校[M-f25ba8a57977cc90]；4.18 核化工与核燃料工程（办学地点：青义校区）[M-7a6a36e852eb1d0c]；5.19 测绘工程（办学地点：青义校区）[M-c45144d226f6dab7]；6.20 软件工程（办学地点：青义校区）[M-1191ca5f16d7fd92]；7.21 信息安全（办学地点：青义校区）[M-6f45c3cb141ad898]；8.22 食品科学与工程（办学地点：青义校[M-11843ae76d60d47f]；9.23 数学与应用数学（办学地点：青义校[M-294ffa043907e062]；10.24 应用物理学（办学地点：青义校区）[M-bcc129709ce80a8c]；11.25 光电信息科学与工程（办学地点：青义校区）[M-dc81796769a233bb]；12.26 土木工程（办学地点：青义校区）[M-0afb2b46c1955133]；13.27 电气工程及其自动化（办学地点：青义校区）[M-2e4944de364ad96f]；14.28 医学影像技术（办学地点：青义校区）[M-817c85307e887cb1]；15.29 生物医学工程（办学地点：青义校区）[M-baa92fc58d301ed8],先核家庭底线风险，不把该组放入主方案。,仅在保底不足或家庭明确可接受时再核整组。,G-5664b48e93bace95,STABLEGROUP-28b32bbc88f29b8f
R2GROUP-34901ccc2fbc6013,专项,S1-医技/康复专项了解,保底观察,true,false,命中方向：医技/康复1个；历史线索：H1-历史最高线低于等位分20分以上；本轮口径：公办/普通学费线索；所有结论仍需原页、官方侧和章程核验,医技/康复需核体检、证书、实习和就业路径；组内有特殊限制待核；专项方向只进入了解池，不与普通主线混排,回看第19期原页和完整专业组；核湖北官方系统/省招办计划；核高校招生章程、学费、计划数、选科、校区、语种/单科/体检限制和调剂范围。,体检摘要显示色觉正常、矫正视力4.80/4.80；医技、康复、农学等仍必须逐校核招生章程和体检指导意见。,,K257,贵州医科大学,K25707,07,,非民办线索-教育部名单未备注民办,继续核公办普通学费-非民办线索,默认不进主方案-组内存在医学/护理等排除专业,调剂风险线索-组内存在默认不能接受专业,0,0,0,0,0,0,0,0,0,0,0,0,1,0,0,1,2,V0-默认不进主方案风险,R1-P0整组先核,H1-历史最高线低于等位分20分以上,1,-45,-45,215,left,1.12 康复治疗学（色弱、色真、单色不能识别，该专业不予录取.第1、2年学费为4200元/年，第3、4年将前往澳大利亚麦考瑞大学就读，学费约49300澳元/年.后两年为全英文教学，请非英GK[M-7e4ac1db173b5c2c]；2.A0 ZA院校专业维及业代号唔语种考生谨镇填报该专业.英语单科成绩不低于英语单科满分的60%，请仔细阅读我校招生章程后谨慎报；办学地点：云漫湖校区）K258 遵义医科大学（公办）（贵州）[M-ac990cbd0e78ef0c],先核家庭底线风险，不把该组放入主方案。,仅在保底不足或家庭明确可接受时再核整组。,G-e80334e8efb1a0a5,STABLEGROUP-b54e70734c078e38
R2GROUP-ecb2005b1a17c738,专项,S1-医技/康复专项了解,冲刺观察,true,false,命中方向：计算机/AI/软件1个、师范1个、医技/康复2个；命中优先城市：武汉；历史线索：H4-历史最高线高于等位分16-30分；本轮口径：公办/普通学费线索；所有结论仍需原页、官方侧和章程核验,医技/康复需核体检、证书、实习和就业路径；录取线距离偏冲；专项方向只进入了解池，不与普通主线混排,回看第19期原页和完整专业组；核湖北官方系统/省招办计划；核高校招生章程、学费、计划数、选科、校区、语种/单科/体检限制和调剂范围。,体检摘要显示色觉正常、矫正视力4.80/4.80；医技、康复、农学等仍必须逐校核招生章程和体检指导意见。,,C107,武汉体育学院,C10703,03,武汉,非民办线索-教育部名单未备注民办,继续核公办普通学费-非民办线索,默认不进主方案-组内存在医学/护理等排除专业,调剂风险线索-组内存在默认不能接受专业,2,0,1,1,0,0,1,0,0,0,0,0,2,0,0,0,10,V0-默认不进主方案风险,R2-P1页列集中核,H4-历史最高线高于等位分16-30分,3,25,6,69,right,1.05 运动康复[M-540f83eda499babc]；2.06 应用心理学[M-ac43bdd444bf8962]；3.07 智能体育工程[M-74714e385b34e496]；4.08 教育技术学[M-673f4b6deb768a3a]；5.09 信息管理与信息系统[M-38cf0eae495a290e]；6.10 体育经济与管理[M-33d3912e00ef12f5]；7.1 新闻学[M-c99c1ddad4ec82ba]；8.12 中医骨伤科学（学制：五年）[M-7298107e7c5823f4]；9.13 康复治疗学[M-4e2be5d77225f310]；10.14 数据科学与大数据技术[M-857c30bc6020c054],先核家庭底线风险，不把该组放入主方案。,仅在保底不足或家庭明确可接受时再核整组。,G-afbb7a450a726ecb,STABLEGROUP-56f181edd897241f
R2GROUP-9ae967297d00003d,专项,S1-医技/康复专项了解,稳冲观察,true,false,命中方向：医技/康复2个；历史线索：H3-历史最高线高于等位分15分内；本轮口径：公办/普通学费线索；所有结论仍需原页、官方侧和章程核验,医技/康复需核体检、证书、实习和就业路径；专项方向只进入了解池，不与普通主线混排,回看第19期原页和完整专业组；核湖北官方系统/省招办计划；核高校招生章程、学费、计划数、选科、校区、语种/单科/体检限制和调剂范围。,体检摘要显示色觉正常、矫正视力4.80/4.80；医技、康复、农学等仍必须逐校核招生章程和体检指导意见。,,K004,海南医科大学,K00406,06,,非民办线索-教育部名单未备注民办,继续核公办普通学费-非民办线索,默认不进主方案-组内存在医学/护理等排除专业,调剂风险线索-组内存在默认不能接受专业,0,0,0,0,0,0,0,0,0,0,0,0,2,0,0,0,2,V0-默认不进主方案风险,R1-P0整组先核,H3-历史最高线高于等位分15分内,2,14,-20,202,left,1.17 医学影像技术（中外合作办学）（不招色盲、色弱：外语单科成绩不低于 105分）[M-c98fbc3bfae3520d]；2.18 康复治疗学（中外合作办学）（不招色真、色弱；外语单科成绩不低于 105[M-e0a8137de3996d4b],先核家庭底线风险，不把该组放入主方案。,仅在保底不足或家庭明确可接受时再核整组。,G-72babc2cec2a94e2,STABLEGROUP-51fb6dfb29d6b7ac
R2GROUP-c9b1d7dbf16b653f,专项,S1-医技/康复专项了解,稳冲观察,true,false,命中方向：医技/康复1个；历史线索：H3-历史最高线高于等位分15分内；本轮口径：公办/普通学费线索；所有结论仍需原页、官方侧和章程核验,医技/康复需核体检、证书、实习和就业路径；专项方向只进入了解池，不与普通主线混排,回看第19期原页和完整专业组；核湖北官方系统/省招办计划；核高校招生章程、学费、计划数、选科、校区、语种/单科/体检限制和调剂范围。,体检摘要显示色觉正常、矫正视力4.80/4.80；医技、康复、农学等仍必须逐校核招生章程和体检指导意见。,,F687,佳木斯大学,F68703,03,,非民办线索-教育部名单未备注民办,继续核公办普通学费-非民办线索,默认不进主方案-组内存在医学/护理等排除专业,调剂风险线索-组内存在默认不能接受专业,0,0,0,0,0,0,0,0,0,0,0,0,1,0,0,0,1,V0-默认不进主方案风险,R2-P1页列集中核,H3-历史最高线高于等位分15分内,3,6,4,125,left,1.03 康复治疗学[M-6b89b2f60b46b167],先核家庭底线风险，不把该组放入主方案。,仅在保底不足或家庭明确可接受时再核整组。,G-e78a6729a9fc420d,STABLEGROUP-f199d27792011188
R2GROUP-3ced64772c15331e,专项,S1-医技/康复专项了解,稳冲观察,true,false,命中方向：医技/康复1个；历史线索：H3-历史最高线高于等位分15分内；本轮口径：公办/普通学费线索；所有结论仍需原页、官方侧和章程核验,医技/康复需核体检、证书、实习和就业路径；专项方向只进入了解池，不与普通主线混排,回看第19期原页和完整专业组；核湖北官方系统/省招办计划；核高校招生章程、学费、计划数、选科、校区、语种/单科/体检限制和调剂范围。,体检摘要显示色觉正常、矫正视力4.80/4.80；医技、康复、农学等仍必须逐校核招生章程和体检指导意见。,,A207,北方民族大学,A20707,07,,非民办线索-教育部名单未备注民办,继续核公办普通学费-非民办线索,默认不进主方案-组内存在医学/护理等排除专业,调剂风险线索-组内存在默认不能接受专业,0,0,0,0,0,0,0,0,0,0,0,0,1,0,0,0,3,V0-默认不进主方案风险,R2-P1页列集中核,H3-历史最高线高于等位分15分内,2,10,9,58,left,1.31 医学檢验技术（色弱、色盲不予录取，其他体检要求见学校 2026年章程）[M-33067007d1dc6d07]；2.32 医学影像技术（色弱、色盲不予录取，其他体检要求见学校 2026年章程）[M-2b93fd51f273ec6a]；3.33 眼视光学（色弱、色盲不予录取，其他体检要求见学校 2026年章程）[M-7ef653d7a6651651],先核家庭底线风险，不把该组放入主方案。,仅在保底不足或家庭明确可接受时再核整组。,G-729b008cd6e93724,STABLEGROUP-3b9250921828420a
R2GROUP-9ffbea227fbec37e,专项,S1-医技/康复专项了解,稳冲观察,true,false,命中方向：医技/康复1个；历史线索：H3-历史最高线高于等位分15分内；本轮口径：公办/普通学费线索；所有结论仍需原页、官方侧和章程核验,医技/康复需核体检、证书、实习和就业路径；专项方向只进入了解池，不与普通主线混排,回看第19期原页和完整专业组；核湖北官方系统/省招办计划；核高校招生章程、学费、计划数、选科、校区、语种/单科/体检限制和调剂范围。,体检摘要显示色觉正常、矫正视力4.80/4.80；医技、康复、农学等仍必须逐校核招生章程和体检指导意见。,,K574,甘肃中医药大学,K57404,04,,非民办线索-教育部名单未备注民办,继续核公办普通学费-非民办线索,默认不进主方案-组内存在医学/护理等排除专业,调剂风险线索-组内存在默认不能接受专业,0,0,0,0,0,0,0,0,0,0,0,0,1,0,0,0,1,V0-默认不进主方案风险,R2-P1页列集中核,H3-历史最高线高于等位分15分内,3,11,2,229,left,1.10 康复治疗学（不招色盲色弱考生；办学地点：和平校区）[M-ae4fa7d51704c53f],先核家庭底线风险，不把该组放入主方案。,仅在保底不足或家庭明确可接受时再核整组。,G-db6ac62efb9c963e,STABLEGROUP-dbab2c0b1a898bd2
R2GROUP-b4b6df8deb92c5ca,专项,S1-医技/康复专项了解,稳冲观察,true,false,命中方向：医技/康复1个；历史线索：H3-历史最高线高于等位分15分内；本轮口径：公办/普通学费线索；所有结论仍需原页、官方侧和章程核验,医技/康复需核体检、证书、实习和就业路径；专项方向只进入了解池，不与普通主线混排,回看第19期原页和完整专业组；核湖北官方系统/省招办计划；核高校招生章程、学费、计划数、选科、校区、语种/单科/体检限制和调剂范围。,体检摘要显示色觉正常、矫正视力4.80/4.80；医技、康复、农学等仍必须逐校核招生章程和体检指导意见。,,H427,山东中医药大学,H42706,06,,非民办线索-教育部名单未备注民办,继续核公办普通学费-非民办线索,默认不进主方案-组内存在医学/护理等排除专业,调剂风险线索-组内存在默认不能接受专业,0,0,0,0,0,0,0,0,0,0,0,0,1,0,0,0,1,V0-默认不进主方案风险,R1-P0整组先核,H3-历史最高线高于等位分15分内,1,12,12,166,right,1.21 康复治疗学（中外合作办学）（与德国比勒费尔德中等企业应用技术大学合作，采用”4+0”培养模式，四年均山东中医药大学学习，部分课程采用名语教学，康复治疗学专业不招色盲、色弱考生；办学地点：长清校区）H428 济宁医学院（公办）（山东）[M-54c2e8001a91459c],先核家庭底线风险，不把该组放入主方案。,仅在保底不足或家庭明确可接受时再核整组。,G-c9c9d4a7138902b0,STABLEGROUP-5d5a769c28dc8238
R2GROUP-809229750ac58147,专项,S1-医技/康复专项了解,历史待补,true,false,命中方向：师范1个、医技/康复1个；命中优先城市：西安；历史线索：H0-无同代码历史线索；本轮口径：公办/普通学费线索；所有结论仍需原页、官方侧和章程核验,医技/康复需核体检、证书、实习和就业路径；缺同代码历史线索；专项方向只进入了解池，不与普通主线混排,回看第19期原页和完整专业组；核湖北官方系统/省招办计划；核高校招生章程、学费、计划数、选科、校区、语种/单科/体检限制和调剂范围。,体检摘要显示色觉正常、矫正视力4.80/4.80；医技、康复、农学等仍必须逐校核招生章程和体检指导意见。,,T488,西安医学院,T48808,08,西安,非民办线索-教育部名单未备注民办,继续核公办普通学费-非民办线索,默认不进主方案-组内存在医学/护理等排除专业,调剂风险线索-组内存在默认不能接受专业,1,0,0,1,0,0,0,0,0,0,0,0,1,0,0,0,2,V0-默认不进主方案风险,R1-P0整组先核,H0-无同代码历史线索,0,,,226,right,1.09 药学（中外合作办学）（办学地点：未夹[M-583de959ff90ade7]；2.10 康复治疗学（中外合作办学）（办学地点：未央校区）K489 陕西学前师范学院（公办）（陕西）[M-a9532ca85d0d9bb8],先核家庭底线风险，不把该组放入主方案。,仅在保底不足或家庭明确可接受时再核整组。,G-384f5ce657000141,STABLEGROUP-7ba7b38b6de081cd
R2GROUP-d97bd738cacae87c,专项,S1-医技/康复专项了解,冲刺观察,true,false,命中方向：医技/康复1个；命中优先城市：武汉；历史线索：H4-历史最高线高于等位分16-30分；本轮口径：公办/普通学费线索；所有结论仍需原页、官方侧和章程核验,医技/康复需核体检、证书、实习和就业路径；录取线距离偏冲；专项方向只进入了解池，不与普通主线混排,回看第19期原页和完整专业组；核湖北官方系统/省招办计划；核高校招生章程、学费、计划数、选科、校区、语种/单科/体检限制和调剂范围。,体检摘要显示色觉正常、矫正视力4.80/4.80；医技、康复、农学等仍必须逐校核招生章程和体检指导意见。,,C107,武汉体育学院,C10705,05,武汉,非民办线索-教育部名单未备注民办,继续核公办普通学费-非民办线索,默认不进主方案-组内存在医学/护理等排除专业,调剂风险线索-组内存在默认不能接受专业,0,0,0,0,0,0,0,0,0,0,0,0,1,0,0,0,1,V0-默认不进主方案风险,R1-P0整组先核,H4-历史最高线高于等位分16-30分,1,18,18,69,right,1.15 康复治疗学（中外合作办学）C108 江汉大学（公办）（湖北）[M-42d3d828fe3b0cb5],先核家庭底线风险，不把该组放入主方案。,仅在保底不足或家庭明确可接受时再核整组。,G-7b8d9b906bd9f568,STABLEGROUP-2f568cc03f7a02b9
R2GROUP-561798fcf84aa2d4,专项,S1-医技/康复专项了解,历史待补,true,false,命中方向：医技/康复1个；命中优先城市：成都；历史线索：H0-无同代码历史线索；本轮口径：公办/普通学费线索；所有结论仍需原页、官方侧和章程核验,医技/康复需核体检、证书、实习和就业路径；缺同代码历史线索；专项方向只进入了解池，不与普通主线混排,回看第19期原页和完整专业组；核湖北官方系统/省招办计划；核高校招生章程、学费、计划数、选科、校区、语种/单科/体检限制和调剂范围。,体检摘要显示色觉正常、矫正视力4.80/4.80；医技、康复、农学等仍必须逐校核招生章程和体检指导意见。,,K170,成都体育学院,K17006,06,成都,非民办线索-教育部名单未备注民办,继续核公办普通学费-非民办线索,默认不进主方案-组内存在医学/护理等排除专业,调剂风险线索-组内存在默认不能接受专业,0,0,0,0,0,0,0,0,0,0,0,0,1,0,0,0,1,V0-默认不进主方案风险,R1-P0整组先核,H0-无同代码历史线索,0,,,212,left,1.06 康复治疗学（办学地点：东部新区校資亮計孝院校製组及专业代号K172 成都大学（公办）（四川）[M-39980b50f0a4ffec],先核家庭底线风险，不把该组放入主方案。,仅在保底不足或家庭明确可接受时再核整组。,G-bde9c3ef3755f290,STABLEGROUP-8cfe8abd849d735d
R2GROUP-57059f65c994c972,专项,S1-医技/康复专项了解,冲刺观察,true,false,命中方向：医技/康复1个；命中优先城市：西安；历史线索：H4-历史最高线高于等位分16-30分；本轮口径：公办/普通学费线索；所有结论仍需原页、官方侧和章程核验,医技/康复需核体检、证书、实习和就业路径；录取线距离偏冲；专项方向只进入了解池，不与普通主线混排,回看第19期原页和完整专业组；核湖北官方系统/省招办计划；核高校招生章程、学费、计划数、选科、校区、语种/单科/体检限制和调剂范围。,体检摘要显示色觉正常、矫正视力4.80/4.80；医技、康复、农学等仍必须逐校核招生章程和体检指导意见。,,K488,西安医学院,K48807,07,西安,非民办线索-教育部名单未备注民办,继续核公办普通学费-非民办线索,默认不进主方案-组内存在医学/护理等排除专业,调剂风险线索-组内存在默认不能接受专业,0,0,0,0,0,0,0,0,0,0,0,0,1,0,0,0,2,V0-默认不进主方案风险,R1-P0整组先核,H4-历史最高线高于等位分16-30分,1,28,28,226,right,1.07 药学（ICC国际创意学院项目；办学地点：未央校区）[M-c711b81fad3bfabf]；2.08 医学影像技术（ICC 国际创意学院项目：办学地点：未央校区）[M-05c62858a0830f27],先核家庭底线风险，不把该组放入主方案。,仅在保底不足或家庭明确可接受时再核整组。,G-e97e63aa5a980eeb,STABLEGROUP-79951d19a23c2e86
R2GROUP-0ea701a2149dd0d8,专项,S1-医技/康复专项了解,历史待补,true,false,命中方向：医技/康复2个；历史线索：H0-无同代码历史线索；本轮口径：公办/普通学费线索；所有结论仍需原页、官方侧和章程核验,医技/康复需核体检、证书、实习和就业路径；缺同代码历史线索；专项方向只进入了解池，不与普通主线混排,回看第19期原页和完整专业组；核湖北官方系统/省招办计划；核高校招生章程、学费、计划数、选科、校区、语种/单科/体检限制和调剂范围。,体检摘要显示色觉正常、矫正视力4.80/4.80；医技、康复、农学等仍必须逐校核招生章程和体检指导意见。,,H124,安徽中医药大学,H12408,08,,非民办线索-教育部名单未备注民办,继续核公办普通学费-非民办线索,默认不进主方案-组内存在医学/护理等排除专业,调剂风险线索-组内存在默认不能接受专业,0,0,0,0,0,0,0,0,0,0,0,0,2,0,0,0,3,V0-默认不进主方案风险,R2-P1页列集中核,H0-无同代码历史线索,0,,,145,left,1.17 医学检验技术（不招色觉异常（含色頂、色弱）考生；办学地点：少荃湖校[M-37c92f02b89422b6]；2.18 医学影像技术（不招色觉异常（含色頂、色弱）考生；办学地点：少荃湖校[M-91e95ec1a202685b]；3.19 健康与医疗保障（不招色觉异常（含魚盲、色弱）考生：办学地点：少荃湖校[M-0c7059c4d275262c],先核家庭底线风险，不把该组放入主方案。,仅在保底不足或家庭明确可接受时再核整组。,G-1ffbcb293469d779,STABLEGROUP-251a999f0bd0326e
R2GROUP-0db252078dd6c814,专项,S1-医技/康复专项了解,历史待补,true,false,命中方向：医技/康复2个；历史线索：H0-无同代码历史线索；本轮口径：公办/普通学费线索；所有结论仍需原页、官方侧和章程核验,医技/康复需核体检、证书、实习和就业路径；缺同代码历史线索；专项方向只进入了解池，不与普通主线混排,回看第19期原页和完整专业组；核湖北官方系统/省招办计划；核高校招生章程、学费、计划数、选科、校区、语种/单科/体检限制和调剂范围。,体检摘要显示色觉正常、矫正视力4.80/4.80；医技、康复、农学等仍必须逐校核招生章程和体检指导意见。,,K471,延安大学,K47105,05,,非民办线索-教育部名单未备注民办,继续核公办普通学费-非民办线索,默认不进主方案-组内存在医学/护理等排除专业,调剂风险线索-组内存在默认不能接受专业,0,0,0,0,0,0,0,0,0,0,0,0,2,0,0,0,2,V0-默认不进主方案风险,R1-P0整组先核,H0-无同代码历史线索,0,,,225,left,1.16 医学影像学（办学地点：杨家岭校区；学制：五年）[M-64db5523a400463d]；2.17 医学检验技术（办学地点：杨家岭校K472 陕西理工大学（公办）（陕西）[M-5be3e06437e1b42d],先核家庭底线风险，不把该组放入主方案。,仅在保底不足或家庭明确可接受时再核整组。,G-5694ccfb8b0aa526,STABLEGROUP-1bd23ef9f2118c69
R2GROUP-a338aae17682d6f4,专项,S1-医技/康复专项了解,冲刺观察,true,false,命中方向：医技/康复2个；历史线索：H4-历史最高线高于等位分16-30分；本轮口径：公办/普通学费线索；所有结论仍需原页、官方侧和章程核验,医技/康复需核体检、证书、实习和就业路径；录取线距离偏冲；专项方向只进入了解池，不与普通主线混排,回看第19期原页和完整专业组；核湖北官方系统/省招办计划；核高校招生章程、学费、计划数、选科、校区、语种/单科/体检限制和调剂范围。,体检摘要显示色觉正常、矫正视力4.80/4.80；医技、康复、农学等仍必须逐校核招生章程和体检指导意见。,,H380,南昌医学院,H38002,02,,非民办线索-教育部名单未备注民办,继续核公办普通学费-非民办线索,默认不进主方案-组内存在医学/护理等排除专业,调剂风险线索-组内存在默认不能接受专业,0,0,0,0,0,0,0,0,0,0,0,0,2,0,0,0,2,V0-默认不进主方案风险,R2-P1页列集中核,H4-历史最高线高于等位分16-30分,1,26,26,162,right,1.02 医学检验技术（象湖校区；不招色弱、色盲、单色识别不全的考生）[M-7d4b9cb8d65922f0]；2.03 医学影像技术（象湖校区：不招色弱、色盲、单色识别不全的考生）[M-4082635a0a2fabe6],先核家庭底线风险，不把该组放入主方案。,仅在保底不足或家庭明确可接受时再核整组。,G-1c68774244a41b9e,STABLEGROUP-5c12f1a8a4e43440
R2GROUP-7f2928608158574c,专项,S1-医技/康复专项了解,冲刺观察,true,false,命中方向：医技/康复1个；历史线索：H4-历史最高线高于等位分16-30分；本轮口径：公办/普通学费线索；所有结论仍需原页、官方侧和章程核验,医技/康复需核体检、证书、实习和就业路径；录取线距离偏冲；专项方向只进入了解池，不与普通主线混排,回看第19期原页和完整专业组；核湖北官方系统/省招办计划；核高校招生章程、学费、计划数、选科、校区、语种/单科/体检限制和调剂范围。,体检摘要显示色觉正常、矫正视力4.80/4.80；医技、康复、农学等仍必须逐校核招生章程和体检指导意见。,,F206,河北中医药大学,F20605,05,,非民办线索-教育部名单未备注民办,继续核公办普通学费-非民办线索,默认不进主方案-组内存在医学/护理等排除专业,调剂风险线索-组内存在默认不能接受专业,0,0,0,0,0,0,0,0,0,0,0,0,1,0,0,0,1,V0-默认不进主方案风险,R2-P1页列集中核,H4-历史最高线高于等位分16-30分,2,23,12,104,left,1.09 康复治疗学（色盲、色弱不予录取）[M-a093c68ae690f106],先核家庭底线风险，不把该组放入主方案。,仅在保底不足或家庭明确可接受时再核整组。,G-0474563a19e8fc20,STABLEGROUP-e07b3272f9cf9ab6
R2GROUP-78c9befd5d4132b7,专项,S1-医技/康复专项了解,冲刺观察,true,false,命中方向：医技/康复1个；历史线索：H4-历史最高线高于等位分16-30分；本轮口径：公办/普通学费线索；所有结论仍需原页、官方侧和章程核验,医技/康复需核体检、证书、实习和就业路径；录取线距离偏冲；专项方向只进入了解池，不与普通主线混排,回看第19期原页和完整专业组；核湖北官方系统/省招办计划；核高校招生章程、学费、计划数、选科、校区、语种/单科/体检限制和调剂范围。,体检摘要显示色觉正常、矫正视力4.80/4.80；医技、康复、农学等仍必须逐校核招生章程和体检指导意见。,,K470,陕西中医药大学,K47002,02,,非民办线索-教育部名单未备注民办,继续核公办普通学费-非民办线索,默认不进主方案-组内存在医学/护理等排除专业,调剂风险线索-组内存在默认不能接受专业,0,0,0,0,0,0,0,0,0,0,0,0,1,0,0,0,2,V0-默认不进主方案风险,R2-P1页列集中核,H4-历史最高线高于等位分16-30分,1,24,24,224,right,1.02 中医康复学（学制：五年）【47003 陕西中医药大学第 03组[M-97a357510c288989]；2.03 床医学（学制：五年）[M-1080ffd3a9ff4138],先核家庭底线风险，不把该组放入主方案。,仅在保底不足或家庭明确可接受时再核整组。,G-9860ad98474f6877,STABLEGROUP-e778c11e903d7951
R2GROUP-7310c1946ded8d38,专项,S1-医技/康复专项了解,冲刺观察,true,false,命中方向：医技/康复1个；历史线索：H4-历史最高线高于等位分16-30分；本轮口径：公办/普通学费线索；所有结论仍需原页、官方侧和章程核验,医技/康复需核体检、证书、实习和就业路径；录取线距离偏冲；专项方向只进入了解池，不与普通主线混排,回看第19期原页和完整专业组；核湖北官方系统/省招办计划；核高校招生章程、学费、计划数、选科、校区、语种/单科/体检限制和调剂范围。,体检摘要显示色觉正常、矫正视力4.80/4.80；医技、康复、农学等仍必须逐校核招生章程和体检指导意见。,,K351,云南中医药大学,K35107,07,,非民办线索-教育部名单未备注民办,继续核公办普通学费-非民办线索,默认不进主方案-组内存在医学/护理等排除专业,调剂风险线索-组内存在默认不能接受专业,0,0,0,0,0,0,0,0,0,0,0,0,1,0,0,0,1,V0-默认不进主方案风险,R2-P1页列集中核,H4-历史最高线高于等位分16-30分,1,25,25,219,right,1.09 康复治疗学（色盲色弱不录；办学地[M-b396ea022e40ec5b],先核家庭底线风险，不把该组放入主方案。,仅在保底不足或家庭明确可接受时再核整组。,G-33d08e7fbab07702,STABLEGROUP-358c3e8ea8e2b535
R2GROUP-9550ee2c8966d7d7,专项,S1-医技/康复专项了解,历史待补,true,false,命中方向：医技/康复1个；历史线索：H0-无同代码历史线索；本轮口径：公办/普通学费线索；所有结论仍需原页、官方侧和章程核验,医技/康复需核体检、证书、实习和就业路径；缺同代码历史线索；专项方向只进入了解池，不与普通主线混排,回看第19期原页和完整专业组；核湖北官方系统/省招办计划；核高校招生章程、学费、计划数、选科、校区、语种/单科/体检限制和调剂范围。,体检摘要显示色觉正常、矫正视力4.80/4.80；医技、康复、农学等仍必须逐校核招生章程和体检指导意见。,,C115,湖北医药学院,C11509,09,,非民办线索-教育部名单未备注民办,继续核公办普通学费-非民办线索,默认不进主方案-组内存在医学/护理等排除专业,调剂风险线索-组内存在默认不能接受专业,0,0,0,0,0,0,0,0,0,0,0,0,1,0,0,0,1,V0-默认不进主方案风险,R1-P0整组先核,H0-无同代码历史线索,0,,,72,left,1.34 康复治疗学（中外合作办学）C116湖北科技学院（公办）（湖北）[M-99e4015f9d06e7d4],先核家庭底线风险，不把该组放入主方案。,仅在保底不足或家庭明确可接受时再核整组。,G-c39a024a94b578a7,STABLEGROUP-41122889b35eb7f9
R2GROUP-f4eea3c686ecbf4f,专项,S1-医技/康复专项了解,历史待补,true,false,命中方向：医技/康复1个；历史线索：H0-无同代码历史线索；本轮口径：公办/普通学费线索；所有结论仍需原页、官方侧和章程核验,医技/康复需核体检、证书、实习和就业路径；缺同代码历史线索；专项方向只进入了解池，不与普通主线混排,回看第19期原页和完整专业组；核湖北官方系统/省招办计划；核高校招生章程、学费、计划数、选科、校区、语种/单科/体检限制和调剂范围。,体检摘要显示色觉正常、矫正视力4.80/4.80；医技、康复、农学等仍必须逐校核招生章程和体检指导意见。,,F186,河北北方学院,F18603,03,,非民办线索-教育部名单未备注民办,继续核公办普通学费-非民办线索,默认不进主方案-组内存在医学/护理等排除专业,调剂风险线索-组内存在默认不能接受专业,0,0,0,0,0,0,0,0,0,0,0,0,1,0,0,0,1,V0-默认不进主方案风险,R1-P0整组先核,H0-无同代码历史线索,0,,,101,right,1.03 医学检验技术（色盲、色弱不予录取）F187 承德医学院（公办）（河北）[M-91a4b42136fb5bd3],先核家庭底线风险，不把该组放入主方案。,仅在保底不足或家庭明确可接受时再核整组。,G-4ea91f0d3e70a8c1,STABLEGROUP-c7af78da373df498
R2GROUP-4eaf8416ab132e49,专项,S1-医技/康复专项了解,历史待补,true,false,命中方向：医技/康复1个；历史线索：H0-无同代码历史线索；本轮口径：公办/普通学费线索；所有结论仍需原页、官方侧和章程核验,医技/康复需核体检、证书、实习和就业路径；缺同代码历史线索；专项方向只进入了解池，不与普通主线混排,回看第19期原页和完整专业组；核湖北官方系统/省招办计划；核高校招生章程、学费、计划数、选科、校区、语种/单科/体检限制和调剂范围。,体检摘要显示色觉正常、矫正视力4.80/4.80；医技、康复、农学等仍必须逐校核招生章程和体检指导意见。,,F427,山东中医药大学,F42704,04,,非民办线索-教育部名单未备注民办,继续核公办普通学费-非民办线索,默认不进主方案-组内存在医学/护理等排除专业,调剂风险线索-组内存在默认不能接受专业,0,0,0,0,0,0,0,0,0,0,0,0,1,0,0,0,3,V0-默认不进主方案风险,R2-P1页列集中核,H0-无同代码历史线索,0,,,166,right,1.05 信息管理与信息系统（办学地点：长清校区）[M-b2dae1a9de2b23ba]；2.06 中医康复学（不招色直、色弱考生；办学地点：长清校区；学制：五年）[M-294050af28b7c6db]；3.07 中医养生学（不招色真、色弱考生；办学地点：长清校区；学制：五年）[M-8db5f4aac84cbf7b],先核家庭底线风险，不把该组放入主方案。,仅在保底不足或家庭明确可接受时再核整组。,G-a2220dbd28525889,STABLEGROUP-45f99fd07b3dcaf7
R2GROUP-b5a655f6298fe65a,专项,S1-医技/康复专项了解,历史待补,true,false,命中方向：医技/康复1个；历史线索：H0-无同代码历史线索；本轮口径：公办/普通学费线索；所有结论仍需原页、官方侧和章程核验,医技/康复需核体检、证书、实习和就业路径；缺同代码历史线索；专项方向只进入了解池，不与普通主线混排,回看第19期原页和完整专业组；核湖北官方系统/省招办计划；核高校招生章程、学费、计划数、选科、校区、语种/单科/体检限制和调剂范围。,体检摘要显示色觉正常、矫正视力4.80/4.80；医技、康复、农学等仍必须逐校核招生章程和体检指导意见。,,F702,齐齐哈尔医学院,F70205,05,,非民办线索-教育部名单未备注民办,继续核公办普通学费-非民办线索,默认不进主方案-组内存在医学/护理等排除专业,调剂风险线索-组内存在默认不能接受专业,0,0,0,0,0,0,0,0,0,0,0,0,1,0,0,0,1,V0-默认不进主方案风险,R1-P0整组先核,H0-无同代码历史线索,0,,,127,left,1.09 医学影像学（色盲、色弱考生不予录取：学制：五年）P704 黑龙江工程学院（公办）（黑龙江）[M-d60ebe5020ae50ed],先核家庭底线风险，不把该组放入主方案。,仅在保底不足或家庭明确可接受时再核整组。,G-3cff682b4d4df6d1,STABLEGROUP-4f8c30de456c3c98
R2GROUP-6d1e32cdb25da4ac,专项,S1-医技/康复专项了解,历史待补,true,false,命中方向：医技/康复1个；历史线索：H0-无同代码历史线索；本轮口径：公办/普通学费线索；所有结论仍需原页、官方侧和章程核验,医技/康复需核体检、证书、实习和就业路径；缺同代码历史线索；专项方向只进入了解池，不与普通主线混排,回看第19期原页和完整专业组；核湖北官方系统/省招办计划；核高校招生章程、学费、计划数、选科、校区、语种/单科/体检限制和调剂范围。,体检摘要显示色觉正常、矫正视力4.80/4.80；医技、康复、农学等仍必须逐校核招生章程和体检指导意见。,,H330,新余学院,H33007,07,,非民办线索-教育部名单未备注民办,继续核公办普通学费-非民办线索,默认不进主方案-组内存在医学/护理等排除专业,调剂风险线索-组内存在默认不能接受专业,0,0,0,0,0,0,0,0,0,0,0,0,1,0,0,0,1,V0-默认不进主方案风险,R2-P1页列集中核,H0-无同代码历史线索,0,,,160,right,1.29 康复治疗学[M-cdfbd723f6f0f32a],先核家庭底线风险，不把该组放入主方案。,仅在保底不足或家庭明确可接受时再核整组。,G-a66c4b108b72583d,STABLEGROUP-e861ad1d2628d1c6
R2GROUP-50718cda03f01162,专项,S1-医技/康复专项了解,历史待补,true,false,命中方向：医技/康复1个；历史线索：H0-无同代码历史线索；本轮口径：公办/普通学费线索；所有结论仍需原页、官方侧和章程核验,医技/康复需核体检、证书、实习和就业路径；缺同代码历史线索；专项方向只进入了解池，不与普通主线混排,回看第19期原页和完整专业组；核湖北官方系统/省招办计划；核高校招生章程、学费、计划数、选科、校区、语种/单科/体检限制和调剂范围。,体检摘要显示色觉正常、矫正视力4.80/4.80；医技、康复、农学等仍必须逐校核招生章程和体检指导意见。,,H773,广东药科大学,H77304,04,,非民办线索-教育部名单未备注民办,继续核公办普通学费-非民办线索,默认不进主方案-组内存在医学/护理等排除专业,调剂风险线索-组内存在默认不能接受专业,0,0,0,0,0,0,0,0,0,0,0,0,1,0,0,0,2,V0-默认不进主方案风险,R2-P1页列集中核,H0-无同代码历史线索,0,,,187,left,1.08 生物医学工程（不招色盲色弱；办学地点：云浮校区）[M-7cbc9d581d01a253]；2.09 康复治疗学（不招色盲色弱：办学地GA◎KA◎Z院棧代号点：云浮校区）[M-e8e61ff475c7ecd6],先核家庭底线风险，不把该组放入主方案。,仅在保底不足或家庭明确可接受时再核整组。,G-8d291f73f0950382,STABLEGROUP-5f63d3b89e4625b7
R2GROUP-d2c14983f1673607,专项,S1-医技/康复专项了解,冲刺观察,true,false,命中方向：医技/康复1个；历史线索：H4-历史最高线高于等位分16-30分；本轮口径：公办/普通学费线索；所有结论仍需原页、官方侧和章程核验,医技/康复需核体检、证书、实习和就业路径；录取线距离偏冲；专项方向只进入了解池，不与普通主线混排,回看第19期原页和完整专业组；核湖北官方系统/省招办计划；核高校招生章程、学费、计划数、选科、校区、语种/单科/体检限制和调剂范围。,体检摘要显示色觉正常、矫正视力4.80/4.80；医技、康复、农学等仍必须逐校核招生章程和体检指导意见。,,F600,长春大学,F60014,14,,非民办线索-教育部名单未备注民办,继续核公办普通学费-非民办线索,默认不进主方案-组内存在医学/护理等排除专业,调剂风险线索-组内存在默认不能接受专业,0,0,0,0,0,0,0,0,0,0,0,0,1,0,0,0,1,V0-默认不进主方案风险,R1-P0整组先核,H4-历史最高线高于等位分16-30分,1,30,30,122,right,1.22 康复治疗学（办学地点：卫星校区）[M-43a4fa07dff96d46],先核家庭底线风险，不把该组放入主方案。,仅在保底不足或家庭明确可接受时再核整组。,G-0faeb103782c1f4b,STABLEGROUP-65a7cf380cc7db88
R2GROUP-b6290c37162e1aa5,专项,S1-医技/康复专项了解,冲刺观察,true,false,命中方向：环境1个、医技/康复1个；历史线索：H4-历史最高线高于等位分16-30分；本轮口径：公办/普通学费线索；所有结论仍需原页、官方侧和章程核验,医技/康复需核体检、证书、实习和就业路径；组内有特殊限制待核；录取线距离偏冲；专项方向只进入了解池，不与普通主线混排,回看第19期原页和完整专业组；核湖北官方系统/省招办计划；核高校招生章程、学费、计划数、选科、校区、语种/单科/体检限制和调剂范围。,体检摘要显示色觉正常、矫正视力4.80/4.80；医技、康复、农学等仍必须逐校核招生章程和体检指导意见。,,H798,佛山大学,H79803,03,,非民办线索-教育部名单未备注民办,继续核公办普通学费-非民办线索,默认不进主方案-组内存在医学/护理等排除专业,调剂风险线索-组内存在默认不能接受专业,0,0,0,0,0,0,0,0,0,0,0,1,1,0,0,4,5,V0-默认不进主方案风险,R2-P1页列集中核,H4-历史最高线高于等位分16-30分,3,28,12,191,left,1.03 材料化学（不招色盲色弱：办学地点：江湾校区）[M-382bc2e9cea1e0ea]；2.04 材料科学与工程（不招色盲色弱；办学地点：江湾校区）[M-fb14b0d3a323dc2a]；3.05 环境工程（享越工程师班；不招色盲色弱：办学地点：江湾校区）[M-913ca353693f9e85]；4.06 生物工程（不招色盲色弱：办学地点：仙溪校区）[M-275101ac2adb8c68]；5.07 医学检验技术（不招色盲色弱：办学地点：河滨路校区）[M-c6679fbe3732901e],先核家庭底线风险，不把该组放入主方案。,仅在保底不足或家庭明确可接受时再核整组。,G-cd2e332ff0df20f9,STABLEGROUP-dcf8f31917438321
R2GROUP-f07c7eeae61ef3f8,专项,S1-医技/康复专项了解,历史待补,true,false,命中方向：医技/康复1个；历史线索：H0-无同代码历史线索；本轮口径：公办/普通学费线索；所有结论仍需原页、官方侧和章程核验,医技/康复需核体检、证书、实习和就业路径；组内有特殊限制待核；缺同代码历史线索；专项方向只进入了解池，不与普通主线混排,回看第19期原页和完整专业组；核湖北官方系统/省招办计划；核高校招生章程、学费、计划数、选科、校区、语种/单科/体检限制和调剂范围。,体检摘要显示色觉正常、矫正视力4.80/4.80；医技、康复、农学等仍必须逐校核招生章程和体检指导意见。,,H124,安徽中医药大学,H12406,06,,非民办线索-教育部名单未备注民办,继续核公办普通学费-非民办线索,默认不进主方案-组内存在医学/护理等排除专业,调剂风险线索-组内存在默认不能接受专业,0,0,0,0,0,0,0,0,0,0,0,0,1,0,0,1,2,V0-默认不进主方案风险,R2-P1页列集中核,H0-无同代码历史线索,0,,,145,left,1.14 应用心理学（不招色觉异常（含色直、色弱）考生：办学地点：少荃湖校区）[M-d548ceb2b737e468]；2.15 运动康复（办学地点：少荃湖校区）[M-b7b3a9278e24c093],先核家庭底线风险，不把该组放入主方案。,仅在保底不足或家庭明确可接受时再核整组。,G-b171961a16f500aa,STABLEGROUP-b9e8aa09f8bacdbb
R2GROUP-7a44309a449dd537,专项,S1-医技/康复专项了解,高冲暂缓,true,false,命中方向：计算机/AI/软件1个、医技/康复3个；历史线索：H5-历史最高线高于等位分30分以上；本轮口径：公办/普通学费线索；所有结论仍需原页、官方侧和章程核验,医技/康复需核体检、证书、实习和就业路径；录取线距离偏冲；专项方向只进入了解池，不与普通主线混排,回看第19期原页和完整专业组；核湖北官方系统/省招办计划；核高校招生章程、学费、计划数、选科、校区、语种/单科/体检限制和调剂范围。,体检摘要显示色觉正常、矫正视力4.80/4.80；医技、康复、农学等仍必须逐校核招生章程和体检指导意见。,,H317,江西中医药大学,H31708,08,,非民办线索-教育部名单未备注民办,继续核公办普通学费-非民办线索,默认不进主方案-组内存在医学/护理等排除专业,调剂风险线索-组内存在默认不能接受专业,1,0,1,0,0,0,1,0,0,0,0,0,3,0,0,0,6,V0-默认不进主方案风险,R1-P0整组先核,H5-历史最高线高于等位分30分以上,1,42,42,156,right,1.25 医学检验技术（不招收色盲、色弱、单色识别不全的考生）[M-2e19bb303f6a2fc8]；2.26 康复治疗学（不招收色盲、色弱、单色识别不全的考生[M-ee264b7cec07c1df]；3.27 生物医学工程（不招收色盲、色弱、单色识别不全的考生）[M-23580523fe58f0a5]；4.28 医学影像技术（不招收色盲、色弱、单色识别不全的考生）[M-eacdcd6152df4d75]；5.29 智能医学工程（不招收色盲、色弱、单色识别不全的考生）[M-0862ec0d6abe3a7b]；6.30 生物医药数据科学（不招收色盲、色弱、单色识别不全的考生）[M-327e9c15e3c792f4],先核家庭底线风险，不把该组放入主方案。,仅在保底不足或家庭明确可接受时再核整组。,G-3ad21fd4b562f317,STABLEGROUP-c660033a9566102c
R2GROUP-bace184d76fd14de,专项,S1-医技/康复专项了解,高冲暂缓,true,false,命中方向：医技/康复1个；命中优先城市：成都；历史线索：H5-历史最高线高于等位分30分以上；本轮口径：公办/普通学费线索；所有结论仍需原页、官方侧和章程核验,医技/康复需核体检、证书、实习和就业路径；录取线距离偏冲；专项方向只进入了解池，不与普通主线混排,回看第19期原页和完整专业组；核湖北官方系统/省招办计划；核高校招生章程、学费、计划数、选科、校区、语种/单科/体检限制和调剂范围。,体检摘要显示色觉正常、矫正视力4.80/4.80；医技、康复、农学等仍必须逐校核招生章程和体检指导意见。,,K178,成都医学院,K17801,01,成都,非民办线索-教育部名单未备注民办,继续核公办普通学费-非民办线索,默认不进主方案-组内存在医学/护理等排除专业,调剂风险线索-组内存在默认不能接受专业,0,0,0,0,0,0,0,0,0,0,0,0,1,0,0,0,1,V0-默认不进主方案风险,R2-P1页列集中核,H5-历史最高线高于等位分30分以上,2,33,24,212,right,1.01 医学检验技术（色盲、色弱及单眼失明考生不予录取；办学地点：新都校区）[M-f82cba5c01e8a098],先核家庭底线风险，不把该组放入主方案。,仅在保底不足或家庭明确可接受时再核整组。,G-ff098790cb737df6,STABLEGROUP-b8673100abe2aeb0
R2GROUP-bd80fdedcbbc268e,专项,S1-医技/康复专项了解,高冲暂缓,true,false,命中方向：医技/康复1个；命中优先城市：成都；历史线索：H5-历史最高线高于等位分30分以上；本轮口径：公办/普通学费线索；所有结论仍需原页、官方侧和章程核验,医技/康复需核体检、证书、实习和就业路径；录取线距离偏冲；专项方向只进入了解池，不与普通主线混排,回看第19期原页和完整专业组；核湖北官方系统/省招办计划；核高校招生章程、学费、计划数、选科、校区、语种/单科/体检限制和调剂范围。,体检摘要显示色觉正常、矫正视力4.80/4.80；医技、康复、农学等仍必须逐校核招生章程和体检指导意见。,,K159,成都中医药大学,K15907,07,成都,非民办线索-教育部名单未备注民办,继续核公办普通学费-非民办线索,默认不进主方案-组内存在医学/护理等排除专业,调剂风险线索-组内存在默认不能接受专业,0,0,0,0,0,0,0,0,0,0,0,0,1,0,0,0,1,V0-默认不进主方案风险,R1-P0整组先核,H5-历史最高线高于等位分30分以上,1,44,44,211,left,1.12 康复治疗学（中外合作办学）（不招收色真色弱考生，4+0培养模式，温江校区就读.无英语单科成绩要求，课程采里金英文小班教学，毕业授子成都中医药大学本科毕业证书、理学学士学位证书和英国基尔大学康复与运动疗法理学学士学位证书）K160川北医学院（...[M-b03666eb684f0f41],先核家庭底线风险，不把该组放入主方案。,仅在保底不足或家庭明确可接受时再核整组。,G-0f55ed2751e874f5,STABLEGROUP-12371b95d86dad15
R2GROUP-1f614431b0daf866,专项,S2-农业/环境专项了解,稳妥观察,true,false,命中方向：计算机/AI/软件3个、电子/网络1个、机械/自动化/机器人3个、师范2个、环境1个、农业2个；历史线索：H2-历史最高线不高于等位分；本轮口径：公办/普通学费线索；所有结论仍需原页、官方侧和章程核验,仍需完整组核验；专项方向只进入了解池，不与普通主线混排,回看第19期原页和完整专业组；核湖北官方系统/省招办计划；核高校招生章程、学费、计划数、选科、校区、语种/单科/体检限制和调剂范围。,无新增体检自动阻断线索；仍需按最终入围专业逐项核章程。,,K577,陇东学院,K57703,03,,非民办线索-教育部名单未备注民办,继续核公办普通学费-非民办线索,默认不进主方案-组内存在医学/护理等排除专业,调剂风险线索-组内存在默认不能接受专业,5,0,3,2,3,1,3,2,0,0,0,1,0,0,0,0,18,V0-默认不进主方案风险,R2-P1页列集中核,H2-历史最高线不高于等位分,2,-2,-4,229,right,1.07 化学（师范类）[M-0d7935d423fd3348]；2.08 过程装备与控制工程[M-4edba993b16b4710]；3.09 化学工程与工艺[M-8ba4934e001a2ac8]；4.10 石油工程卫1生物制药[M-a0e9b4f33a3c31cb]；5.12 食品科学与工程[M-1ff6ffd50d39250f]；6.13 农学（农林类）[M-b78db898dc601b06]；7.14 农业资源与环境（农林类）[M-49b140336aab494b]；8.15 土木工程[M-ad92b1a0d15a6606]；9.16 智能建造[M-41cb26e6908b980a]；10.17 计算机科学与技术[M-21897212acaf512a]；11.18 物联网工程[M-a7fef31f1bba1408]；12.19 人工智能[M-2d571319c5fcb48c]；13.20 物理学（师范炎）[M-44cc2eafb091e5e2]；14.21 电气工程及其自动化[M-14da227ed7d55b89]；15.22 安全工程[M-20a9cd79a0088b9e]；16.23 新能源科学与工程[M-8164c3aef8f04273]；17.24 机械设计制造及其自动化[M-aecb482cfc3d6568]；18.25 机器人工程[M-3fc2404e46ed5009],先核家庭底线风险，不把该组放入主方案。,仅在保底不足或家庭明确可接受时再核整组。,G-0387b85c737381ef,STABLEGROUP-d01cb2c2a2862dae
R2GROUP-fbebf57a7a9a4eaa,专项,S2-农业/环境专项了解,稳妥观察,true,false,命中方向：计算机/AI/软件3个、电子/网络2个、机械/自动化/机器人3个、环境2个、农业1个；历史线索：H2-历史最高线不高于等位分；本轮口径：公办/普通学费线索；所有结论仍需原页、官方侧和章程核验,组内有特殊限制待核；专项方向只进入了解池，不与普通主线混排,回看第19期原页和完整专业组；核湖北官方系统/省招办计划；核高校招生章程、学费、计划数、选科、校区、语种/单科/体检限制和调剂范围。,体检或特殊限制字段待核；需看招生章程、专业备注和第19期原页。,,F584,吉林化工大学,F58402,02,,非民办线索-教育部名单未备注民办,继续核公办普通学费-非民办线索,默认不进主方案-组内存在医学/护理等排除专业,调剂风险线索-组内存在默认不能接受专业,3,0,3,0,3,2,3,1,0,0,0,2,0,0,0,15,38,V0-默认不进主方案风险,R1-P0整组先核,H2-历史最高线不高于等位分,2,-3,-5,120,left,1.10 化学工程与工艺（不招色盲色弱：办学地点：龙潭校区）[M-97e6b735eae73c61]；2.11 油气储运工程（不招色盲；办学地点：[M-6ce9d18062ace3a1]；3.12 轻化工程（不招色盲色弱；办学地点：[M-2911ffa1dd99ae41]；4.13 盛用化学（不招色盲色弱；办学地点：[M-f1cce8e0b4a7bf2c]；5.14 机械设计制造及其自动化（办学地点：[M-004ea208a0db40df]；6.15 材料成型及控制工程（办学地点：龙潭校区）[M-245326b5465f7ac7]；7.16 过程装备与控制工程（不招色盲色弱；办学地点：龙潭校区）[M-0714a8f223fe2823]；8.17 能源与动力工程（办学地点：龙潭校[M-aa761eb7ecd34647]；9.18 测控技术与仪器（办学地点：龙潭校[M-a6728a65af4f4076]；10.19 电气工程及其自动化（办学地点：龙潭校区）[M-2127250761b6deee]；11.20 自动化（办学地点：龙潭校区）[M-666d77693fddd89f]；12.21 智能装各与系统（办学地点：龙潭校区）[M-beacf21975850a4a]；13.24 袋装/不招色有色弱：办学地点：沈椰[M-5c10afe515b0d7b4]；14.23 化学测量学与技术（不招色盲色弱；办学地点：龙潭校区）資亮謝亭院校专业组及专业代号[M-08022ad828cdcb6d]；15.24 制药工程（不招色盲色弱；办学地点：龙潭校区）[M-6d5931082bc03cbf]；16.25 生物制药（不招色盲色弱；办学地点：龙潭校区）[M-b60ea0b9de2ea276]；17.26 药物制剂（不招色盲色弱；办学地点：龙潭校区）[M-572f699a135fbc31]；18.27 给排水科学与工程（办学地点：龙潭校[M-222f8292522f1ab7]；19.28 环境工程（办学地点：龙潭校区）[M-502e703e3a4661a4]；20.29 环境科学（办学地点：龙潭校区）[M-daf1a17bc8775541]；21.30 安全工程（办学地点：龙潭校区）[M-20e4c7f07d974116]；22.31 数学与应用数学（办学地点：龙潭校[M-16f2acde6c83bd52]；23.32 应用物理学（不招色盲；办学地点：龙潭校区）[M-6138fd122b1de117]；24.33 材料科学与工程（不招色盲色弱；办学地点：龙潭校区）[M-2bf98733e7170b1f]；25.34 材料化学（不招色盲色弱；办学地点：龙潭校区）[M-cce888aeea7363da]；26.35 高分子材料与工程（不招色盲色弱；办学地点：龙潭校区）[M-f9a58a7bb63ac0ae]；27.36 能源化学（不招色盲色弱；办学地点：龙潭校区）[M-675f1c5bcf1db11b]；28.37 生物技术（不招色盲色弱；办学地点：龙潭校区）[M-f1991e668ae4b1a2]；29.38 食品科学与工程（不招色盲色弱；办学地点：龙潭校区）[M-33ddc3b4ed485461]；30.39 生物工程（不招色盲色弱；办学地点：龙潭校区）[M-97260461eeeaab81]；31.40 车辆工程（办学地点：丰满校区）[M-0cc1a6004e240567]；32.41 飞行器制造工程（办学地点：丰满校[M-f1d34bf2f1b6edc4]；33.42 飞行器动力工程（办学地点：丰满校[M-fdfc5a7e4c80a1bc]；34.43 飞行器控制与信息工程（办学地点：丰满校区）[M-46e77e849d2a813b]；35.44 无人驾驶航空器系统工程（办学地点：丰满校区）45（电子信息工程（办学地点：丰满校区）[M-80d4c63495c3c3ea]；36.46 人工智能（办学地点：丰满校区）[M-ca94652ce760ec15]；37.47 计算机科学与技术（办学地点：丰满校[M-c68ca3bc7ad8f085]；38.48 数据科学与大数据技术（办学地点：丰满校区）F585 吉林农业大学（公办）（吉林）[M-d0e59a1154cd46a5],先核家庭底线风险，不把该组放入主方案。,仅在保底不足或家庭明确可接受时再核整组。,G-f0c78c9f5e3ad64c,STABLEGROUP-63256692085aa59c
R2GROUP-10b522d8db8bc7db,专项,S2-农业/环境专项了解,历史待补,true,false,命中方向：计算机/AI/软件4个、电子/网络4个、机械/自动化/机器人4个、环境1个；历史线索：H0-无同代码历史线索；本轮口径：公办/普通学费线索；所有结论仍需原页、官方侧和章程核验,结构或组内边界需先核；缺同代码历史线索；专项方向只进入了解池，不与普通主线混排,回看第19期原页和完整专业组；核湖北官方系统/省招办计划；核高校招生章程、学费、计划数、选科、校区、语种/单科/体检限制和调剂范围。,无新增体检自动阻断线索；仍需按最终入围专业逐项核章程。,,F117,安徽工业大学,F11702,02,,非民办线索-教育部名单未备注民办,继续核公办普通学费-非民办线索,优先复核-有偏好专业且未触发自动阻断,暂不判断-组内结构异常需先核页,4,0,4,0,4,4,4,0,0,0,0,1,0,0,0,0,26,V1-偏好专业优先线索,R1-P0整组先核,H0-无同代码历史线索,0,,,143,right,1.05 治金工程（办学地点：佳山校区）[M-808535c1c4be4fae]；2.06 材料科学与工程（办学地点：秀山校[M-206f7ae5f468e47c]；3.07 测控技术与仪器（办学地点：佳山校[M-8c1b03694cf4f04b]；4.08 车辆工程（办学地点：佳山校区）[M-7d8d87ad79aeffd1]；5.09 电气工程及其自动化（办学地点：佳山校区）[M-ac84d3b10b3802ad]；6.10 电子信息工程（办学地点：佳山校区）二高分子材料与工程（办学地点：佳山校[M-57d566d166e1e8d1]；7.12 给排水科学与工程（办学地点：秀山校[M-b5b923c242dab445]；8.13 焊接技术与工程（办学地点：秀山校区）[M-b9c4a2b50a089ac2]；9.14 化学工程与工艺（办学地点：佳山校[M-886677663c056a65]；10.15 环境工程（办学地点：佳山校区）[M-9e9c4a191a415c39]；11.16 机器人工程（办学地点：佳山校区）[M-64498ad36c5c276b]；12.17 机械设计制造及其自动化（办学地点：KA◎ZG院校专业组及专业代号佳山校区）[M-43f4c7f8e5b6b366]；13.18 计算机科学与技术（办学地点：佳山校[M-7b6561d6f719e168]；14.19 建筑环境与能源应用工程（办学地点：秀山校区）[M-1ee7d230291518f5]；15.20 金属材料工程（办学地点：秀山校区）[M-9d208329840691da]；16.21 熊源与动力工程（办学地点：佳山校[M-4f90eafc82d5543f]；17.22 人工智能（办学地点：佳山校区）[M-48c809ef4adb8ff5]；18.23 软件工程（办学地点：佳山校区）[M-cb5548f786c5c869]；19.24 通信工程（办学地点：佳山校区）[M-5527be2f5a0c02c1]；20.25 士木工程（办学地点：秀山校区）[M-a0f2c582d687acd9]；21.26 徹电子科学与工程（办学地点：秀山校[M-69fb06fd682c0a16]；22.27 物联网工程（办学地点：佳山校区）[M-9de12f7ab602f259]；23.28 应用化学（办学地点：佳山校区）[M-560bb57b57b8d24f]；24.29 资源循环科学与工程（办学地点：佳山校区）[M-850d74e78ba9d154]；25.30 自动化（办学地点：佳山校区）[M-ecddf33bb13f8b7c]；26.31 智能建造（办学地点：秀山校区）H118 安徹理工大学（公办）（安徽）[M-602c0e6e49e32f7d],按P0优先核PDF原页结构、字段缺口和官网冲突。,整组所有专业都要核，不能只核拟填6个专业。,G-c5ce24d41d1f9e63,STABLEGROUP-866c10aa9a5725e0
R2GROUP-661f149e730bb770,专项,S2-农业/环境专项了解,高冲暂缓,true,false,命中方向：计算机/AI/软件8个、电子/网络4个、机械/自动化/机器人5个、环境1个；历史线索：H5-历史最高线高于等位分30分以上；本轮口径：公办/普通学费线索；所有结论仍需原页、官方侧和章程核验,录取线距离偏冲；专项方向只进入了解池，不与普通主线混排,回看第19期原页和完整专业组；核湖北官方系统/省招办计划；核高校招生章程、学费、计划数、选科、校区、语种/单科/体检限制和调剂范围。,无新增体检自动阻断线索；仍需按最终入围专业逐项核章程。,,A083,哈尔滨工业大学,A08302,02,,非民办线索-教育部名单未备注民办,继续核公办普通学费-非民办线索,默认不进主方案-组内存在医学/护理等排除专业,调剂风险线索-组内存在默认不能接受专业,8,0,8,0,5,4,8,0,0,0,0,1,0,0,0,0,9,V0-默认不进主方案风险,R1-P0整组先核,H5-历史最高线高于等位分30分以上,1,135,135,24,left,1.02 工科试验班（尖班、港大优学班：自动复合材料与工程、人工智能、能力傘工霧縣科學套型權®森機设计制造及其自动化、机器人工程、器制造工程、环境工程、精密仪器、测控技术与仪器、智能材料与结构、智能装备与系统；本专业类内任选专恶，两班型任选其一，培养...[M-466d44fc75bf8351]；2.03 工科试验班（自主智能系统院士特色班：自动化、人工智能、具身智能、测制导与控制技术、智能装备与系统、机器人工程：院士担任班主任，培养方式详见学校招生官网）[M-283efff847993143]；3.04 工科试验班（AI 院士特色班；人工智能：院士担任班主任，培养地点第1年校本部，后3年深圳校区，培养方式详见学校招生官网）[M-64d8afa9dc2c0a5c]；4.05 具身智能（大湾区班：院士担任班毛任、深度融入创新创业课程，培养地点在深圳校区，培养方式详见学校招生資亮院校专业组及专业代号官网）[M-62a0ef10ce34765a]；5.06 人工智能（中关村班：与中关村学院深鹰融合培养，培养方式详见学校招生官网）复合材料与工程力学、智能材料与结构、兩得科李驾空置、鄭华技朱了7含永坦班、普文班、小卫星班、智能机器人班、尖端仪器班，院士担任班主任，相关领域内专业任选，一生一策，培养...[M-58d62dcd21af9211]；6.08 工科试验班（未来技术拔尖班：自动化、人工智能；具身智能、计算机科学与技术、电子信息工程、机器人工程焊接技术与工程、电气工程及其自动化、脑机科学与技术、集成电路设计与集成系统、智能科学与技术、智能制造程：校本部理工专业任选，未来技术学院培养，...[M-959a312d03b86a59]；7.09 工科试验班（自主智能：具身智能、智熊装备与系统、自动化、智能视觉工程、机器人工程人王智能、智熊感电子信息程、大数据管理与应用、通信工程；本专业类内任选专业）[M-7d5f2563a7ff0dd5]；8.10 工科试验班（脑机智能：微电子科学与集成电路设计正程、智能视觉工程、与集成系统、智能科学与技术、仿生科学与工程、精密仪器、脑机科学上技术、智能医学工程、生物信息学、光电信息生物技术、电子封装技术、材料与器件：本专业类内任选专业）[M-8a010563089160d1]；9.11 工科试验班（未来空天：飞行器设计与工程、自动化、探测制导与控制技术、智熊材料与结构、飞行器制造工程、飞行器动力工程、测控技术与仪器高分子材料与工程、焊接技术与工程、通信工程、智能科学与技术、机器人工程；本专业类内任选专业）[M-5e2cf433c5b44034],先核家庭底线风险，不把该组放入主方案。,仅在保底不足或家庭明确可接受时再核整组。,G-1995731774357360,STABLEGROUP-eb70367f7ad49e79
R2GROUP-3c34749289b96522,专项,S2-农业/环境专项了解,高冲暂缓,true,false,命中方向：计算机/AI/软件6个、电子/网络5个、机械/自动化/机器人6个、农业1个、工商/旅游管理1个；命中优先城市：北京；历史线索：H5-历史最高线高于等位分30分以上；本轮口径：公办/普通学费线索；所有结论仍需原页、官方侧和章程核验,录取线距离偏冲；专项方向只进入了解池，不与普通主线混排,回看第19期原页和完整专业组；核湖北官方系统/省招办计划；核高校招生章程、学费、计划数、选科、校区、语种/单科/体检限制和调剂范围。,无新增体检自动阻断线索；仍需按最终入围专业逐项核章程。,,A007,北京理工大学,A00704,04,北京,非民办线索-教育部名单未备注民办,继续核公办普通学费-非民办线索,默认不进主方案-组内存在医学/护理等排除专业,调剂风险线索-组内存在默认不能接受专业,6,0,6,0,6,5,6,1,0,0,1,0,0,0,0,0,10,V0-默认不进主方案风险,R1-P0整组先核,H5-历史最高线高于等位分30分以上,1,134,134,12,left,1.05 工科试验班（卓越班；具身智能、人工智能、机器人工程、低空技术与工程数据科学与大数据技术、计算机科学与技术、电子信息工程、光电信息科学与工程、智能感知工程、网络空间客；全校理工专业任选，全院士國队导师，校区任选（大四、研究生可选珠海），方向任...[M-0908952b5b735f3c]；2.06 工科试验班（未来精工技术：具身智计算机科学与技术、电子信息工程光电信息科学与工程、智能感知工程网络空间安全：全校理工专业，全院士团队导师，校区任选（大四、研究生可选珠海），面向“智能无人+”方向）貨高院校专业组及专业代号[M-2e1262d35f367c80]；3.07 工科试验班（徐特辛英才班；具臭智人工智能、机器人工程、低空技术与工程、数据科学与大数据技术、计算机科学与技术，电子信息工程、光电信息科学与工程、智能感知工程、网络空间安全；全校理工专业，含智能班、领军班、协和医班，小班化、精英化、国际化培养...[M-9b1c792298668996]；4.08 工科试验班（拔尖计划：具身智能、人工智能、机器人工程、低空技术与工数据科学与大数据技术、计算极科学与技术、电子信息工程、光电信智能感知工程、网络息科学与工程、空间安金：含四类徐特立特色班、李泽湘双创班、数学拔尖班、医工实验班、智能信息安全拔...[M-b6d97998b0b4dacf]；5.09 工科试验班（航空航天与机电类：低空技术与工程、飞行器设计与工程、行器动力工程、航空航天工程、武器发射工程、探测制导与控制技术、丁程力学、武器系统与工程、弹药工程与爆炸技术、特种能源技术与工程、安全工程、机械电子工程）[M-57aa1bb40e61da9a]；6.10 工科试验班（智能制造与智能车辆酱英班：车辆工程、装甲车辆工程、能源与动力工程、机械工程、工业工程、智能制造工程、能源与动力工程（含管理双学位）、机械工程（含德语双学[M-9c083efbbcb088e2]；7.1 工科试验班（信息科学技术；具身智脱器更塾綠：專焱茄黎孕骜良梨华致全、密码科学与技术）[M-9a79733e507509c1]；8.12 工科试验班（电子信息实验班；电子信息工程、通信工程、光电信息科学工程、测控技术与仪器、智能感知］程、电子科学与技术、微电子科学与工程）[M-abb50a07b7f76b22]；9.13 理科试验班（理学与材料菁英班：碳中材料与工程、材料化学、新能源材料医学工程、信息与计算科学、统计学、应用物理学、化学工程与工艺（管理双学位）、新能源材料与器件（管理双位）、应用化学（机械双学位）、生物扌术（AI 双学位）、生物技术（中国农业...[M-82c1163cb00a1151]；10.14 经济管理试验班（含数字化管理方向；会计学（含智能财务方向）、金融科技、信息管理与信息系统（含大数据管理方向）、信息管理与信息系统（北京外国语大学英语专业联合培养））[M-91a8f0c29be8fe94],先核家庭底线风险，不把该组放入主方案。,仅在保底不足或家庭明确可接受时再核整组。,G-40b6e780f7219833,STABLEGROUP-5b0068af20013716
R2GROUP-ce633b41a8a10cbc,专项,S2-农业/环境专项了解,历史待补,true,false,命中方向：计算机/AI/软件3个、电子/网络1个、机械/自动化/机器人1个、师范2个、农业1个；历史线索：H0-无同代码历史线索；本轮口径：公办/普通学费线索；所有结论仍需原页、官方侧和章程核验,缺同代码历史线索；专项方向只进入了解池，不与普通主线混排,回看第19期原页和完整专业组；核湖北官方系统/省招办计划；核高校招生章程、学费、计划数、选科、校区、语种/单科/体检限制和调剂范围。,无新增体检自动阻断线索；仍需按最终入围专业逐项核章程。,,H228,闽南师范大学,H22807,07,,非民办线索-教育部名单未备注民办,继续核公办普通学费-非民办线索,优先复核-有偏好专业且未触发自动阻断,可进入人工调剂接受度判断,5,0,3,2,1,1,3,1,0,0,0,0,0,0,0,0,8,V1-偏好专业优先线索,R2-P1页列集中核,H0-无同代码历史线索,0,,,149,left,1.11 数学与应用数学（师范类；办学地点：[M-57054f89d2f5b83f]；2.12 智慧农业（办学地点：江滨校区）[M-15813a3d09dbc41c]；3.13 物理学（师范类；办学地点：圆山校区）[M-5225a9ee68ed896d]；4.14 电气工程及其自动化（办学地点：圆山[M-07c1291dd18a0add]；5.15 电子信息工程（办学地点：圆山校区）[M-bda5a31c723aa8b8]；6.16 人工智能（办学地点：圆山校区）[M-5f6343ed3bec9803]；7.17 软件工程（一、二年学费5040元/生•学年，三、四年学费 13360元/生•学年；办学地点：圆山校区）[M-9169ed1720a00ee6]；8.18 数据科学与大数据技术（办学地点：圆[M-5f916ef1e8c0894e],按页列集中核字段缺口，再接湖北官方计划和高校官网辅证。,同一页列若发现结构错误，整页列升级核验。,G-f89fb379db82f5fa,STABLEGROUP-3fa065827e09df0e
R2GROUP-1546e9971cebe7e8,专项,S2-农业/环境专项了解,稳冲观察,true,false,命中方向：计算机/AI/软件1个、电子/网络1个、机械/自动化/机器人3个、环境2个；历史线索：H3-历史最高线高于等位分15分内；本轮口径：公办/普通学费线索；所有结论仍需原页、官方侧和章程核验,仍需完整组核验；专项方向只进入了解池，不与普通主线混排,回看第19期原页和完整专业组；核湖北官方系统/省招办计划；核高校招生章程、学费、计划数、选科、校区、语种/单科/体检限制和调剂范围。,无新增体检自动阻断线索；仍需按最终入围专业逐项核章程。,,F583,吉林建筑大学,F58303,03,,非民办线索-教育部名单未备注民办,继续核公办普通学费-非民办线索,优先复核-有偏好专业且未触发自动阻断,可进入人工调剂接受度判断,1,0,1,0,3,1,1,0,0,0,0,2,0,0,0,0,19,V1-偏好专业优先线索,R1-P0整组先核,H3-历史最高线高于等位分15分内,3,8,-15,119,right,1.08 土木工程（办学地点：净月校区）[M-f34b21de2cc968c3]；2.09 工程力学（办学地点：净月校区）[M-32d00ac3d83978a0]；3.10 机械工程（办学地点：净月校区）[M-60f656ef0d4092fd]；4.1 城市地下空间工程（办学地点：净月校[M-fe4e0dae3daf6265]；5.12 给排水科学与工程（办学地点：净月校[M-460936e59330df43]；6.13 建筑环境与能源应用工程（办学地点：净月校区）[M-9b02989029a6c4b5]；7.14 环境工程（办学地点：净月校区）[M-1a249820eb21546c]；8.15 环境科学（办学地点：净月校区）[M-8deefc2de69e8ab1]；9.16 高分子材料与工程（办学地点：净月校[M-b998213e3ac0be75]；10.17 道路桥梁与渡河工程（办学地点：净月校区）[M-725c916a349b4f28]；11.18 电气工程及其自动化（办学地点：净月校区）[M-0ddb16c9a581b24f]；12.19 自动化（办学地点：净月校区）[M-78b994496d8f1619]；13.20 计算机科学与技术（办学地点：净月校[M-ab6dbf173ff63796]；14.21 建筑电气与智能化（办学地点：净月校[M-b4ae23ef80dbcd14]；15.22 地理空间信息工程（办学地点：净月校[M-1f9485734fcb633c]；16.23 地质工程（办学地点：净月校区）[M-300adac4c2e34df1]；17.24 地理信息科学（办学地点：净月校区）[M-2fd639d2b4c67241]；18.25 安全工程（办学地点：净月校区）G◎◎ZXA院校专业组及专业代号[M-42250b01830484d1]；19.26 逼感科学与技术（办学地点：净月校[M-90e9e94d5fb865f9],按P0优先核PDF原页结构、字段缺口和官网冲突。,整组所有专业都要核，不能只核拟填6个专业。,G-30d1416d72ea0545,STABLEGROUP-55f91487ad7a1df5
R2GROUP-e132e62ecd5f2cc9,专项,S2-农业/环境专项了解,冲刺观察,true,false,命中方向：计算机/AI/软件3个、电子/网络2个、师范5个、环境1个；历史线索：H4-历史最高线高于等位分16-30分；本轮口径：公办/普通学费线索；所有结论仍需原页、官方侧和章程核验,组内有特殊限制待核；录取线距离偏冲；专项方向只进入了解池，不与普通主线混排,回看第19期原页和完整专业组；核湖北官方系统/省招办计划；核高校招生章程、学费、计划数、选科、校区、语种/单科/体检限制和调剂范围。,体检或特殊限制字段待核；需看招生章程、专业备注和第19期原页。,,K752,新疆师范大学,K75205,05,,非民办线索-教育部名单未备注民办,继续核公办普通学费-非民办线索,暂缓进入主方案-组内存在特殊限制待核专业,暂不判断-特殊限制待核,7,0,3,5,0,2,3,0,0,0,0,1,0,0,0,6,17,V1-偏好专业优先线索,R1-P0整组先核,H4-历史最高线高于等位分16-30分,3,16,-16,234,right,1.31 数学与应用数学（师范类：高考数学单科成绩不低于80分；办学地点：温泉校区）[M-a77a872aa3f113ab]；2.32 信息与计算科学（高考数学单科成绩不低于80分：办学地点：温泉校区）[M-f3fbdaf76954f832]；3.33 应用统计学（高考数学单科成绩不低于80分；办学地点：温泉校区）[M-aefa52d546c63817]；4.34 物理学（师范类；高考数学单科成绩不低芋60分；办学地点：昆仑校区）[M-119c6e6692273409]；5.35 电子信息科学与技术（高考数学单科感绩不低于60分；办学地点：昆仑校[M-6d74f6ea94a2887c]；6.36 光电信息科学与工程（高考数学单科成绩不低子60分；办学地点：昆仑校[M-8d1b82b5f676fa00]；7.37 计算机科学与技术（师范类；办学地点：昆仑校区）[M-09057fdfd946e6c2]；8.38 软件工程（办学地点：昆仑校区）[M-03271fe251d222ae]；9.39 数据科学与大数据技术（办学地点：昆仑校区）[M-0999b17dae4b06d3]；10.40 逼感科学与技术（办学地点：温泉校[M-601e8606c47063b1]；11.4 化学（师范类；办学地点：昆仑校区）[M-4050c77bc07a1ae4]；12.42 化学工程与工艺（办学地点：昆仑校区）[M-423d7417e05d5bac]；13.43 环境工程（办学地点：昆仑校区）[M-66047167e51d253e]；14.44 生物科学（师范类；办学地点：温泉校[M-b69ac4db4a5e575f]；15.45 生物技术（办学地点：温泉校区）[M-94ae0b8c8b8a1b81]；16.46 生物工程（办学地点：温泉校区）[M-8f062f820bbb1eea]；17.47 食品安全与检测（办学地点：温泉校[M-c8f3a67e757d06c6],按P0优先核PDF原页结构、字段缺口和官网冲突。,整组所有专业都要核，不能只核拟填6个专业。,G-7694bcd996e8e798,STABLEGROUP-d64b56ac10694ac7
R2GROUP-72fbc7ec170832d0,专项,S2-农业/环境专项了解,稳妥观察,true,false,命中方向：电子/网络2个、机械/自动化/机器人1个、环境1个；历史线索：H2-历史最高线不高于等位分；本轮口径：公办/普通学费线索；所有结论仍需原页、官方侧和章程核验,仍需完整组核验；专项方向只进入了解池，不与普通主线混排,回看第19期原页和完整专业组；核湖北官方系统/省招办计划；核高校招生章程、学费、计划数、选科、校区、语种/单科/体检限制和调剂范围。,无新增体检自动阻断线索；仍需按最终入围专业逐项核章程。,,H574,河南工程学院,H57404,04,,非民办线索-教育部名单未备注民办,继续核公办普通学费-非民办线索,普通备选待了解-未命中当前偏好且未触发自动阻断,可进入人工调剂接受度判断,0,0,0,0,1,2,0,0,0,0,0,1,0,0,0,0,11,V3-历史线索普通留存,R1-P0整组先核,H2-历史最高线不高于等位分,3,-1,-9,176,right,1.07 数学与应用数学（办学地点：龙湖校[M-e71f3f83a3f2a4fc]；2.08 信息与计算科学（办学地点：龙湖校杂引及趣业代号区）[M-bacafe1c3f85ed49]；3.09 应用物理学（办学地点：龙湖校区）[M-14cab87041855971]；4.10 电气工程及其自动化（办学地点：龙湖校区）二1电子科学与技术（办学地点：龙湖校[M-9e12ef21fd87f195]；5.12 通信工程（办学地点：龙湖校区）[M-939ddb910753e9d6]；6.13 土木工程（办学地点：龙湖校区）[M-f057f08b9a2940e7]；7.14 化学工程与工艺（办学地点：桐柏路校[M-cac985a9290b4e11]；8.15 资源勘查工程（办学地点：龙湖校区）[M-474aebf882cd5b79]；9.16 环境工程（办学地点：龙湖校区）[M-c55bb3cb1b4dd626]；10.17 安全工程（办学地点：龙湖校区）[M-c7b4f37909099801]；11.18 智能车辆工程（办学地点：龙湖校区）[M-dec7cacbd9f319ee],按P0优先核PDF原页结构、字段缺口和官网冲突。,整组所有专业都要核，不能只核拟填6个专业。,G-5709d8125378cca1,STABLEGROUP-3302e77ae0885153
R2GROUP-db7dc97cfa714cfe,专项,S2-农业/环境专项了解,稳妥观察,true,false,命中方向：计算机/AI/软件1个、机械/自动化/机器人2个、师范1个、环境1个；历史线索：H2-历史最高线不高于等位分；本轮口径：公办/普通学费线索；所有结论仍需原页、官方侧和章程核验,结构或组内边界需先核；专项方向只进入了解池，不与普通主线混排,回看第19期原页和完整专业组；核湖北官方系统/省招办计划；核高校招生章程、学费、计划数、选科、校区、语种/单科/体检限制和调剂范围。,无新增体检自动阻断线索；仍需按最终入围专业逐项核章程。,,H326,萍乡学院,H32602,02,,非民办线索-教育部名单未备注民办,继续核公办普通学费-非民办线索,优先复核-有偏好专业且未触发自动阻断,暂不判断-组内结构异常需先核页,2,0,1,1,2,0,1,0,0,0,0,1,0,0,0,0,4,V1-偏好专业优先线索,R1-P0整组先核,H2-历史最高线不高于等位分,2,-3,-11,159,right,1.03 机械设计制造及其自动化[M-af869322a7df0ca1]；2.04 机器人工程[M-dd97e3fbade8493d]；3.05 智能科学与技术[M-9166242e6b7b500c]；4.06 环境科学与工程H327 江西科技师范大学（公办）（江西）[M-7456fc8621e6c2ca],按P0优先核PDF原页结构、字段缺口和官网冲突。,整组所有专业都要核，不能只核拟填6个专业。,G-f21ad57f496d2c62,STABLEGROUP-c60c28de6abe2abd
R2GROUP-571c60eef59e8506,专项,S2-农业/环境专项了解,高冲暂缓,true,false,命中方向：计算机/AI/软件5个、电子/网络6个、机械/自动化/机器人6个、环境1个；历史线索：H5-历史最高线高于等位分30分以上；本轮口径：公办/普通学费线索；所有结论仍需原页、官方侧和章程核验,录取线距离偏冲；专项方向只进入了解池，不与普通主线混排,回看第19期原页和完整专业组；核湖北官方系统/省招办计划；核高校招生章程、学费、计划数、选科、校区、语种/单科/体检限制和调剂范围。,无新增体检自动阻断线索；仍需按最终入围专业逐项核章程。,,H660,长沙理工大学,H66003,03,,非民办线索-教育部名单未备注民办,继续核公办普通学费-非民办线索,默认不进主方案-组内存在医学/护理等排除专业,调剂风险线索-组内存在默认不能接受专业,4,0,4,0,6,6,5,0,0,0,0,1,0,0,0,0,57,V0-默认不进主方案风险,R1-P0整组先核,H5-历史最高线高于等位分30分以上,3,110,70,179,left,1.15 数学与应用数学[M-4d5e1f1157e44b37]；2.16 应用统计学[M-53581c60c29e1718]；3.17 电子科学与技术[M-99e26a8acc9bbc7e]；4.18 光电信息科学与工程[M-0abc0b0b6ca16a7c]；5.19 制药工程[M-3095904497655069]；6.20 电子信息科学与技术[M-3fe797e64b653c1f]；7.21 环境工程[M-cff750421236e686]；8.22 食品科学与工程[M-2c5ab83f5d382003]；9.23 生物工程[M-9b4f4d34df668be3]；10.24 工程力学[M-2814b69c3b336223]；11.25 生木工程[M-2ccea3d72a2a3a4b]；12.26 测控技术与仪器[M-e7d76dc9444843cf]；13.27 能源与动力工程[M-3dcded24a023e4cd]；14.28 新能源科学与工程[M-3da265ed7f441af8]；15.29 直动化[M-7ad96d25a41c41cc]；16.30 建筑环境与能源应用工程[M-e6d3637e6468df1f]；17.31 电子信息工程[M-a8a66c1d343d49d7]；18.32 轨道交通信号与控制[M-2b6f1efbb8a5ac70]；19.33 通信工程[M-46160d73bab85035]；20.34 计算机科学与技术[M-3bf02d6ae29f18e4]；21.35 软件工程[M-e539938d8ebae5a8]；22.36 道路桥梁与渡河工程[M-3229221dd3079a28]；23.37 测绘工程[M-eda779fad35c7d22]；24.38 给排水科学与工程[M-1e5e22a88ac37f52]；25.39 港口航道与海岸工程[M-315437cdd673b38e]；26.40 船舶与海洋工程[M-69ef1dd0a443ab8f]；27.4 电气工程与智能控制[M-4514cc4ad75593df]；28.42 人工智能[M-3966ef8235df6e3d]；29.43 储能科学与工程[M-e1bf44bba85116fe]；30.4 智能电网信息工程[M-e1f1bcec2c9a110f]；31.45 机器人工程[M-986394d76cf54caa]；32.46 智能建造[M-9ef3ffecae381794]；33.47 地理信息科学[M-c8eab9ec9bdc717a]；34.48 机械设计制造及其自动化[M-1227feb3c892bfe4]；35.49 车辆工程[M-0bc01d7ebfe72bb8]；36.50 智能制造工程GKZAA代号[M-2edf696c106af307]；37.51 交通运输[M-ab7be99c6fb217c4]；38.52 交通工程[M-b026f1c06ba4455c]；39.53 应用化学[M-f0ec69eaaf50f3a5]；40.54 化学工程与工艺[M-62725658f41938ed]；41.55 逼感科学与技术[M-d5c7e688c3fcd3a9]；42.56 水利水电工程[M-b72a822cf3d6dfed]；43.57 水文与水资源工程[M-ef281decc79fd2f4]；44.58 机械设计制造及其自动化（创新班）[M-8b87428826351b7e]；45.59 物理学（创新班）[M-490d8e15ea6360ef]；46.60 电气工程及其自动化[M-8dd8a149fae4f7aa]；47.61 无机非金属材料工程[M-d3d9c851914f678d]；48.62 新能源材料与器件[M-7ef40de65f16ba57]；49.63 电气工程及其自动化（创新班）[M-ab2934d9c135573c]；50.64 计算机科学与技术（智能班）[M-27e2f5adcf6785ac]；51.65 能源与动力工程（创新班）[M-a9f12ba3378853ee]；52.66 港口航道与海岸工程（创新班）[M-53eec27b6b85d3d0]；53.67 道路桥梁与波河工程（创新班）[M-eabd81f9b078aec0]；54.68 土木工程（创新班）[M-9da8a116ea7e6bde]；55.69 材料科学与工程[M-8cdd9238f5bb4811]；56.70 网络空间安全[M-5e8bbf66507e25c5]；57.7 化学生物学[M-fa5c03ef36ec8c28],先核家庭底线风险，不把该组放入主方案。,仅在保底不足或家庭明确可接受时再核整组。,G-2aca5bdc5beeec87,STABLEGROUP-cb6d770bca2cabf1
R2GROUP-770378f72ccb8df4,专项,S2-农业/环境专项了解,稳冲观察,true,false,命中方向：计算机/AI/软件2个、机械/自动化/机器人2个、农业2个；历史线索：H3-历史最高线高于等位分15分内；本轮口径：公办/普通学费线索；所有结论仍需原页、官方侧和章程核验,结构或组内边界需先核；专项方向只进入了解池，不与普通主线混排,回看第19期原页和完整专业组；核湖北官方系统/省招办计划；核高校招生章程、学费、计划数、选科、校区、语种/单科/体检限制和调剂范围。,无新增体检自动阻断线索；仍需按最终入围专业逐项核章程。,,F387,内蒙古农业大学,F38702,02,,非民办线索-教育部名单未备注民办,继续核公办普通学费-非民办线索,优先复核-有偏好专业且未触发自动阻断,暂不判断-组内结构异常需先核页,2,0,2,0,2,0,2,2,0,0,0,0,0,0,0,0,10,V1-偏好专业优先线索,R1-P0整组先核,H3-历史最高线高于等位分15分内,2,2,-4,111,right,1.07 应用统计学（办学地点：呼和浩特校[M-d55c57f255dbe14e]；2.08 机械设计制造及其自动化（办学地点：呼和浩特校区）[M-f94738dcdb0147c4]；3.09 树料科学与工程（办学地点：呼和浩特校区）[M-a09ed26730e07d3a]；4.10 电气工程及其自动化（办学地点：呼和浩特校区）[M-c07ad5c79de8d336]；5.11 软件工程（办学地点：呼和浩特校区）[M-33b2a8b7450cfcc6]；6.12 数据科学与大数据技术（办学地点：呼和浩特校区）[M-6769ec15ca7fc955]；7.13 水文与水资源工程（办学地点：呼和浩特校区）[M-6e3072a3c723260b]；8.14 农业电气化（办学地点：呼和浩特校[M-a15bea465320e7aa]；9.15 农业水利工程（含享越农林计划；办学地点：呼和浩特校区）[M-da905de62c0490b5]；10.16 家具设计与工程（办学地点：呼和浩特校区）F388 内蒙古医科大学（公办）（内蒙）[M-8e671dc4a3987201],按P0优先核PDF原页结构、字段缺口和官网冲突。,整组所有专业都要核，不能只核拟填6个专业。,G-660bf38051556cc2,STABLEGROUP-30fd7fd3cb4c68bd
R2GROUP-b254f1c81c1d9bed,专项,S2-农业/环境专项了解,高冲暂缓,true,false,命中方向：计算机/AI/软件3个、电子/网络3个、机械/自动化/机器人5个、师范6个、环境2个、工商/旅游管理2个；历史线索：H5-历史最高线高于等位分30分以上；本轮口径：公办/普通学费线索；所有结论仍需原页、官方侧和章程核验,组内有特殊限制待核；录取线距离偏冲；专项方向只进入了解池，不与普通主线混排,回看第19期原页和完整专业组；核湖北官方系统/省招办计划；核高校招生章程、学费、计划数、选科、校区、语种/单科/体检限制和调剂范围。,体检或特殊限制字段待核；需看招生章程、专业备注和第19期原页。,,H659,湖南科技大学,H65903,03,,非民办线索-教育部名单未备注民办,继续核公办普通学费-非民办线索,默认不进主方案-组内存在医学/护理等排除专业,调剂风险线索-组内存在默认不能接受专业,9,0,3,6,5,3,3,0,0,0,2,2,0,0,0,1,55,V0-默认不进主方案风险,R1-P0整组先核,H5-历史最高线高于等位分30分以上,3,79,3,178,right,1.18 建筑学（学制：五年）[M-9ca7c7d5c21cc013]；2.19 城乡规划（学制：五年）[M-a01ee3e0196776fc]；3.20 汉语言文学（师范类）[M-6f07dc44e44b85f8]；4.21 新闻学[M-9ac9e8155fcae548]；5.22 翻译（外语语种：英语）[M-fe397aef6e2be38f]；6.23 教育技术学（师范类）[M-f635bd53d0989c6d]；7.24 经济学[M-448c04801e6e5efc]；8.25 国际经济与贸易[M-c2aaa0441667471e]；9.26 会计学[M-21e350f12c7ca021]；10.27 工商管理[M-94e47a4e526ff8c0]；11.28 金融工程[M-4ee5af490636418c]；12.29 数字经济[M-5c7ac6faac82e6d1]；13.30 建筑学（智能创新班；学制：五年）[M-a927e759f60b90ea]；14.HG 5904/湖南科技大学第 04 组[M-4a09892d53393a56]；15.31 机械设计制造及其自动化[M-3481ab01b8ebd034]；16.32 机械设计制造及其自动化（卓越工程师班）[M-4f3fffed7d9a8983]；17.33 测控技术与仪器[M-1814486cfd4a192c]；18.34 车辆工程[M-8a58fba1f5db55df]；19.35 智能制造工程[M-fe94624bf3c946eb]；20.36 电气工程及其自动化[M-3dc13505e21b8ddf]；21.37 自动化[M-9da96efeb3903af2]；22.38 电子信息工程[M-6d27898c4a38097f]；23.39 人工智能[M-e9c0c3ea4a004c8c]；24.40 针算机科学与技术[M-ebaa3d0e9b30b347]；25.41 信息安全[M-f963e0f1c7d58e0b]；26.42 软件工程[M-5d087de49a6daa33]；27.43 采矿工程[M-c70a61cdf5100854]；28.44 采矿工程（海牛实验班）[M-8ae2ca1d84a4396a]；29.45 安全工程[M-1d7e67a30f784fda]；30.46 环境工程[M-d4ec906b9a868078]；31.47 环境工程（智能创新班）[M-a8f2b0db9f09a807]；32.48 应急技术与管理[M-ddd8b15be3a6a551]；33.49 土木工程[M-e89e8571980d1cd1]；34.50 土木工程（海牛实验班）[M-ef2e99394725b729]；35.51 工程力学[M-eda5f0d8533e7924]；36.52 智能建造[M-55d418a99d3ed96e]；37.53 新能源科学与工程[M-2efe95465f44b51c]；38.54 化学（师范类）[M-3dc9f5eb7e99bb7f]；39.55 应用化学[M-c95228bd311b0457]；40.56 化学工程与工艺院校专业组及妻业代号[M-fe4a083d0a6a9622]；41.57 化学工程与工艺（卓越工程师班）[M-6715812307f34fb8]；42.58 制药工程[M-2401a0c477a49407]；43.59 制药工程（智能创新班）[M-44675dfd8d020ad3]；44.60 数学与应用数学（师范类）[M-9752571aa260e778]；45.61 信息与计算科学[M-edf38ee462c25b4d]；46.62 应用统计学[M-25a13885cb0b842d]；47.63 物理学（师范类）[M-8054d73a1e8d3eed]；48.64 电子信息科学与技术[M-695f08e1db591d0c]；49.65 集成电路设计与集成系统[M-eb01bd4cfad9296f]；50.66 生物科学（师范类）[M-b32a244c42faaa3a]；51.67 生物工程[M-a2f9b3591f8dc01d]；52.68 材料科学与工程[M-f585c7f02dcbd024]；53.69 智能材料与结构[M-aa603d3753f26b64]；54.70 勘查技术与工程[M-6337cc927950233f]；55.71 遥感科学与技术H660 长沙理工大学（公办）（湖南）[M-1d842db895c3b66a],先核家庭底线风险，不把该组放入主方案。,仅在保底不足或家庭明确可接受时再核整组。,G-25ede64776d31a58,STABLEGROUP-c83772d800d8a851
R2GROUP-20d5787c5333bfbd,专项,S2-农业/环境专项了解,稳妥观察,true,false,命中方向：计算机/AI/软件1个、师范2个、农业1个；历史线索：H2-历史最高线不高于等位分；本轮口径：公办/普通学费线索；所有结论仍需原页、官方侧和章程核验,组内有特殊限制待核；专项方向只进入了解池，不与普通主线混排,回看第19期原页和完整专业组；核湖北官方系统/省招办计划；核高校招生章程、学费、计划数、选科、校区、语种/单科/体检限制和调剂范围。,体检或特殊限制字段待核；需看招生章程、专业备注和第19期原页。,,K362,楚雄师范学院,K36203,03,,非民办线索-教育部名单未备注民办,继续核公办普通学费-非民办线索,暂缓进入主方案-组内存在特殊限制待核专业,暂不判断-特殊限制待核,3,0,1,2,0,0,1,1,0,0,0,0,0,0,0,2,5,V1-偏好专业优先线索,R1-P0整组先核,H2-历史最高线不高于等位分,1,-19,-19,220,right,1.05 数学与应用数学（师范类）[M-672d4ef9450e4096]；2.06 化学（师范类：色觉异常及不能准确识别颜色者不予录取）[M-2221fd5bbd62adee]；3.07 葡萄与葡萄酒工程（身体条件要求详见学校招生章程）[M-270b815604ba8a79]；4.08 人工智能[M-445e864efef6cd07]；5.09 农学（作物遗传育种方向：色觉异常及不能准确识别颜色者不予录取）[M-fb59cd3435e5f600],按P0优先核PDF原页结构、字段缺口和官网冲突。,整组所有专业都要核，不能只核拟填6个专业。,G-3adf7959372a709c,STABLEGROUP-6ecfc113892aae4a
R2GROUP-2731ee35642b8923,专项,S2-农业/环境专项了解,高冲暂缓,true,false,命中方向：计算机/AI/软件3个、电子/网络6个、机械/自动化/机器人3个、师范1个、环境1个；命中优先城市：武汉；历史线索：H5-历史最高线高于等位分30分以上；本轮口径：公办/普通学费线索；所有结论仍需原页、官方侧和章程核验,录取线距离偏冲；专项方向只进入了解池，不与普通主线混排,回看第19期原页和完整专业组；核湖北官方系统/省招办计划；核高校招生章程、学费、计划数、选科、校区、语种/单科/体检限制和调剂范围。,无新增体检自动阻断线索；仍需按最终入围专业逐项核章程。,,C117,武汉纺织大学,C11707,07,武汉,非民办线索-教育部名单未备注民办,继续核公办普通学费-非民办线索,默认不进主方案-组内存在医学/护理等排除专业,调剂风险线索-组内存在默认不能接受专业,4,0,3,1,3,6,3,0,0,0,0,1,0,0,0,0,24,V0-默认不进主方案风险,R1-P0整组先核,H5-历史最高线高于等位分30分以上,3,47,46,72,right,1.43 轻化工程（办学地点：阳光校区）[M-d89a43c58597e9ed]；2.44 纺级工程（柔性电子与智能穿戴方向；办学地点：阳光校区）[M-76a94b74be04d40a]；3.45 材料类（含高分子材料与工程、复合材料与工程专业；办学地点：阳光校区）[M-49f5ffb60009fd8f]；4.46 新能源材料与器件（办学地点：阳光校[M-d7fdfcb6a90e2e25]；5.47 化学类（含应用化学、化妆品技术与工程专业；办学地点：阳光校区）[M-8d7208c16e1dc543]；6.48 化学工程与工艺（绿色与智能工程方向：办学地点：阳光校区）[M-7794d04a8806db35]；7.49 资源循环科学与工程（办学地点：阳光校区）[M-c2b6036738b5576e]；8.50 建筑环 与能源应用工程（办学地点：阳光校区）[M-d0c24c710c597a56]；9.51 环境科学与工程类（含环境工程（含智慧水务方向）、环境科学（拔尖创新班）专业；办学地点：阳光校区）[M-8182929eebf81b0f]；10.52 电子信息工程（智慧诊疗方向：办学地点：阳光校区）[M-6cd9b963f846c593]；11.53 生物医学工程（含拔尖人才创新班；办学地点：阳光校区）[M-0cc095866c7991f0]；12.54 智能医学工程（办学地点：阳光校区）55/（机械类（含机械设计制造及其自动化、智能制造工程专业；办学地点：阳光校[M-298a773927ba32f8]；13.56 自动化类（含自动化、机器人工程专业：办学地点：阳光校区）[M-99f1c9f7d55c1097]；14.57 真动化（智能装备英才班；办学地点：阳光校区）[M-b4c9fc39252744ce]；15.58 电子信息工程（智能感知方向；办学地点：阳光校区）[M-309b367f5764414a]；16.59 通信工程（办学地点：阳光校区）[M-c43d0d34573d3fce]；17.60 新能源科学与工程（办学地点：阳光校[M-00c7b1937a079645]；18.61 计算机类（含计算机科学与技术、软件数据科学与大数工程、物联网工程、据技术专业：办学地点：阳光校区）[M-5705e8500bbb15da]；19.62 人工智能（办学地点：阳光校区）[M-81a5fc59fbbcd2cd]；20.63 数学类（含信息与计算科学、数学与盛用数学（智能科学方向）专业：办学地点：阳光校区）[M-2c66f21cc93b01b0]；21.64 微电子科学与工程（办学地点：阳光校[M-a9f4ce9d7bb1786f]；22.65 光电信息科学与工程（办学地点：阳光校区）[M-f7dda09793772fa2]；23.66 工业设计（办学地点：南湖校区）[M-eb0e075968994299]；24.C1 18 黄冈师范学院（公办）（湖北）[M-87803ecea9bbaa9c],先核家庭底线风险，不把该组放入主方案。,仅在保底不足或家庭明确可接受时再核整组。,G-c6a4db412d40ab75,STABLEGROUP-01eb3720798dc84a
R2GROUP-c65c42c5c780db77,专项,S2-农业/环境专项了解,稳妥观察,true,false,命中方向：计算机/AI/软件1个、机械/自动化/机器人2个、环境1个；历史线索：H2-历史最高线不高于等位分；本轮口径：公办/普通学费线索；所有结论仍需原页、官方侧和章程核验,组内有特殊限制待核；专项方向只进入了解池，不与普通主线混排,回看第19期原页和完整专业组；核湖北官方系统/省招办计划；核高校招生章程、学费、计划数、选科、校区、语种/单科/体检限制和调剂范围。,体检或特殊限制字段待核；需看招生章程、专业备注和第19期原页。,,K757,新疆工程学院,K75702,02,,非民办线索-教育部名单未备注民办,继续核公办普通学费-非民办线索,默认不进主方案-组内存在医学/护理等排除专业,调剂风险线索-组内存在默认不能接受专业,1,0,1,0,2,0,1,0,0,0,0,1,0,0,0,1,16,V0-默认不进主方案风险,R2-P1页列集中核,H2-历史最高线不高于等位分,2,-6,-15,236,left,1.02 安全工程[M-638a141a3b4074bc]；2.03 化学工程与工艺（按”化工与制药类”培养）[M-9f1e33822ecbbe1c]；3.04 环境科学与工程（按”化工与制药类”培养）[M-8a4174b7a36c1e16]；4.05 材料科学与工程（按“化工与制药类？培养）[M-86d0c62abae0efc1]；5.06 机械设计制造及其自动化[M-a93c5111ba24ca1c]；6.07 测控技术与仪器[M-84e276c153e34b98]；7.08 人工智能[M-adfd566ef94d84c0]；8.09 矿物加工工程（宜男生就读）[M-c5bb969963882caf]；9.10 智能采矿工程（宜男生就读）[M-5e1c4f9756ce137a]；10.11 治金工程（宜男生就读）[M-965526d3d90f6b07]；11.12 电气工程及其自动化[M-e87cd4eb63b65c93]；12.13 能源与动力工程[M-055208182a0c45cf]；13.14 土木工程[M-791e647c828195a7]；14.15 测绘工程[M-e43c54000209cf0d]；15.16 铁道工程[M-68c0137bf571d765]；16.17 数学与应用数学（数学单科成绩不低于80分）[M-8e3a7e97fb2d1b54],先核家庭底线风险，不把该组放入主方案。,仅在保底不足或家庭明确可接受时再核整组。,G-26700c70e59e015e,STABLEGROUP-3306cf862cd1ea63
R2GROUP-de7762fbaf8d6c4b,专项,S2-农业/环境专项了解,历史待补,true,false,命中方向：计算机/AI/软件4个、电子/网络2个、环境1个；历史线索：H0-无同代码历史线索；本轮口径：公办/普通学费线索；所有结论仍需原页、官方侧和章程核验,组内有特殊限制待核；缺同代码历史线索；专项方向只进入了解池，不与普通主线混排,回看第19期原页和完整专业组；核湖北官方系统/省招办计划；核高校招生章程、学费、计划数、选科、校区、语种/单科/体检限制和调剂范围。,体检或特殊限制字段待核；需看招生章程、专业备注和第19期原页。,,C151,汉江师范学院,C15113,13,,非民办线索-教育部名单未备注民办,继续核公办普通学费-非民办线索,暂缓进入主方案-组内存在特殊限制待核专业,暂不判断-特殊限制待核,4,0,4,0,0,2,4,0,0,0,0,1,0,0,0,2,8,V1-偏好专业优先线索,R2-P1页列集中核,H0-无同代码历史线索,0,,,81,left,1.49 应用化学（办学地点：校本部；不招色盲、色弱考生，详见院校章程）[M-b246d508387b3c88]；2.50 统计学（办学地点：校本部）[M-81a8bf019b199b86]；3.51 信息工程（办学地点：校本部）[M-9a38e2d994d39c0b]；4.52 人工智能（办学地点：校本部）[M-00be9ec9e942ab11]；5.53 软件工程（办学地点：校本部）[M-e050d772f0fae8cc]；6.54 网络工程（办学地点：校本部）[M-e562568a8ccf8e5c]；7.55 数据科学与大数据技术（办学地点：校本部）[M-95ce0012119a4c4d]；8.56 环境工程（办学地点：校本部；不招色盲、色弱考生，详见院校章程）[M-93a31750ac9b54d3],按页列集中核字段缺口，再接湖北官方计划和高校官网辅证。,同一页列若发现结构错误，整页列升级核验。,G-ef4c80a55d385829,STABLEGROUP-24c013c2e14e2c8c
R2GROUP-dbe4c24af7f1f0e0,专项,S2-农业/环境专项了解,稳妥观察,true,false,命中方向：农业1个；历史线索：H2-历史最高线不高于等位分；本轮口径：公办/普通学费线索；所有结论仍需原页、官方侧和章程核验,仍需完整组核验；专项方向只进入了解池，不与普通主线混排,回看第19期原页和完整专业组；核湖北官方系统/省招办计划；核高校招生章程、学费、计划数、选科、校区、语种/单科/体检限制和调剂范围。,无新增体检自动阻断线索；仍需按最终入围专业逐项核章程。,,K579,河西学院,K57905,05,,非民办线索-教育部名单未备注民办,继续核公办普通学费-非民办线索,普通备选待了解-未命中当前偏好且未触发自动阻断,可进入人工调剂接受度判断,0,0,0,0,0,0,0,1,0,0,0,0,0,0,0,0,3,V3-历史线索普通留存,R2-P1页列集中核,H2-历史最高线不高于等位分,1,-3,-3,229,right,1.08 化学工程与工艺（办学地点：环城北路校区）[M-3a02134077ca03ae]；2.09 菌物科学与工程（办学地点：环城北路校区）[M-05945b94012a4f8a]；3.10 园艺（办学地点：环城北路校区）ZG院校专业组及专业代号[M-a9eedf0fd4e5e9b7],按页列集中核字段缺口，再接湖北官方计划和高校官网辅证。,同一页列若发现结构错误，整页列升级核验。,G-1ef512d59bc2e3aa,STABLEGROUP-76a88c1950ee4dad
R2GROUP-25f23217a9242132,专项,S2-农业/环境专项了解,冲刺观察,true,false,命中方向：计算机/AI/软件2个、电子/网络2个、师范2个、环境1个、农业2个；历史线索：H4-历史最高线高于等位分16-30分；本轮口径：公办/普通学费线索；所有结论仍需原页、官方侧和章程核验,组内有特殊限制待核；录取线距离偏冲；专项方向只进入了解池，不与普通主线混排,回看第19期原页和完整专业组；核湖北官方系统/省招办计划；核高校招生章程、学费、计划数、选科、校区、语种/单科/体检限制和调剂范围。,体检或特殊限制字段待核；需看招生章程、专业备注和第19期原页。,,K002,海南热带海洋学院,K00205,05,,非民办线索-教育部名单未备注民办,继续核公办普通学费-非民办线索,暂缓进入主方案-组内存在特殊限制待核专业,暂不判断-特殊限制待核,4,0,2,2,0,2,2,2,0,0,0,1,0,0,0,13,21,V1-偏好专业优先线索,R1-P0整组先核,H4-历史最高线高于等位分16-30分,3,29,6,200,right,1.14 数学与座用数学（师范类；办学地点：三亚校区）[M-18c3c3d39727a1e5]；2.15 数据计算及应用（办学地点：三亚校[M-1d9a3717770712bb]；3.16 物理学（师范类：办学地点：三亚校区）[M-1a57831faef81c0d]；4.17 化学（不招色弱、色盲、单色识别不全者：办学地点：三亚校区[M-9f828ce1c6e87720]；5.18 海洋科学（不招色弱、色盲、单色识别不全者；办学地点：三亚校区）[M-074db62eabc67a28]；6.19 海洋技术（不招色弱、色盲、單色识别院校[M-74773332862dd10a]；7.1 组及专业代号不全者；办学地点：三亚校区）[M-1af4ffd0f676fdcf]；8.20 生物科学（不招色弱、色真、单色识别不全者：办学地点：三亚校区）[M-93a84d294d543dc4]；9.21 生物技术（不招色弱、色育、单色识别不全者：办学地点：三亚校区）[M-83a16df86ee95a0c]；10.22 通信工程（办学地点：三亚校区）[M-b9ee1c065b82c6ab]；11.23 计算机科学与技术（不招单色识别不全者：办学地点：三亚校区）[M-3427bd6ef22b295a]；12.24 网络工程（办学地点：三亚校区）[M-f36880abadf263b3]；13.25 轮机工程（陆上方向；无红绿色宜，无复热身高 155cm 及以上，双眼操视力均能达到4.6（0.4）及以上；或双眼棵秘力均能到40（0.1）及以上，且矫正视力均能达到4.6（0.4）及以上；办学地点：三亚校区）[M-7ff3f891f35570b5]；14.26 智葱海洋技术（办学地点：三亚校区）[M-3576db17a826f6fe]；15.27 环境工程（不报色弱、色真、单色识别不全者；办学地点：三亚校区）[M-51a614057f398424]；16.28 食品科学与工程（不招色弱、色真、单色识别不全者：办学地点：三亚校区）[M-dcf9db265265256b]；17.29 食品质量与安全（不招色弱、色真、单色识别不全者：办学地点：三亚校区）[M-9fef618e69951770]；18.30 食品营养与健康（不招色弱、色盲、单色识别不全者；办学地点：三亚校区）[M-d1dc7c3878cbc239]；19.31 园艺（不招色弱、色直、单色识别不全者：办学地点：三亚校区）[M-2fe4b62581a0e6dd]；20.32 水产养殖学（不招色弱、色盲、单色识别不全者：办学地点：三亚校区）[M-7d19c229dc90447f]；21.33 海洋渔业科学与技术（不招色弱、色单色识别不全者；办学地点：三亚[M-c808953ce84763fd],按P0优先核PDF原页结构、字段缺口和官网冲突。,整组所有专业都要核，不能只核拟填6个专业。,G-401bc94e6f16cf6b,STABLEGROUP-a4c46829bb651301
R2GROUP-2c88e47966db0ed5,专项,S2-农业/环境专项了解,保底观察,true,false,命中方向：电子/网络1个、师范1个、农业1个；历史线索：H1-历史最高线低于等位分20分以上；本轮口径：公办/普通学费线索；所有结论仍需原页、官方侧和章程核验,组内有特殊限制待核；专项方向只进入了解池，不与普通主线混排,回看第19期原页和完整专业组；核湖北官方系统/省招办计划；核高校招生章程、学费、计划数、选科、校区、语种/单科/体检限制和调剂范围。,体检或特殊限制字段待核；需看招生章程、专业备注和第19期原页。,,K758,昌吉学院,K75802,02,,非民办线索-教育部名单未备注民办,继续核公办普通学费-非民办线索,暂缓进入主方案-组内存在特殊限制待核专业,暂不判断-特殊限制待核,1,0,0,1,0,1,0,1,0,0,0,0,0,0,0,4,8,V1-偏好专业优先线索,R1-P0整组先核,H1-历史最高线低于等位分20分以上,1,-21,-21,236,left,1.02 智慧农业（办学地点：世纪大道新城校[M-23a06e05f9e83124]；2.03 应用化学（色盲、色弱，不能准确识别黄、绿、蓝、紫中任一颜色的导线、按键、信号灯、几何图形者，不予录取；办学地点：世纪大道新城校区）[M-b91182d9bc5b9581]；3.04 化工安全工程（色盲、色弱，不能准确识别红、黄、绿、蓝、紫中任一颜色的导线、按键、信号灯、几何图形者不子录取；办学地点：世纪大道新城校区）[M-cccbac44389b0810]；4.05 数学与应用数学（师范类；办学地点：世纪大道新城校区）[M-f0ee5e63109ead3c]；5.06 微电子科学与工程（办学地点：世纪大道新城校区）[M-2dfcf2f24754e5e1]；6.07 智能感知工程（办学地点：世纪大道新資高院校专业组及专业代号城校区）[M-a0b6c17226e06a89]；7.08 无人驾驶航空器系统工程（无色真、色弱：办学地点：世纪大道新城校区）[M-5f5a39a321de846d]；8.09 飞行器运维工程（双眼矫正视力不低王4.8：无色真、色弱；办学地点：世纪大道新城校区）K779 新疆理工学院（公办）（新疆）[M-c7ef54bae3bd275e],按P0优先核PDF原页结构、字段缺口和官网冲突。,整组所有专业都要核，不能只核拟填6个专业。,G-90ae18934e058922,STABLEGROUP-b98180482e7a193e
R2GROUP-8d95bdfa72343199,专项,S2-农业/环境专项了解,稳妥观察,true,false,命中方向：计算机/AI/软件1个、环境2个；历史线索：H2-历史最高线不高于等位分；本轮口径：公办/普通学费线索；所有结论仍需原页、官方侧和章程核验,组内有特殊限制待核；专项方向只进入了解池，不与普通主线混排,回看第19期原页和完整专业组；核湖北官方系统/省招办计划；核高校招生章程、学费、计划数、选科、校区、语种/单科/体检限制和调剂范围。,体检或特殊限制字段待核；需看招生章程、专业备注和第19期原页。,,F208,河北环境工程学院,F20802,02,,非民办线索-教育部名单未备注民办,继续核公办普通学费-非民办线索,暂缓进入主方案-组内存在特殊限制待核专业,暂不判断-特殊限制待核,1,0,1,0,0,0,1,0,0,0,0,2,0,0,0,1,4,V1-偏好专业优先线索,R1-P0整组先核,H2-历史最高线不高于等位分,2,-17,-17,104,left,1.04 环境科学与工程[M-297c818bfbc0c2ba]；2.05 环境工程（不招色盲、色弱考生）[M-4eb2546481c6aa09]；3.06 水质科学与技术[M-8e91289baf8ed32d]；4.07 软件工程F209河北科技工程职业技术大学（公办）（河[M-06c828fa19a0bdbd],按P0优先核PDF原页结构、字段缺口和官网冲突。,整组所有专业都要核，不能只核拟填6个专业。,G-ed9ac8626d450ad1,STABLEGROUP-5aa77754eac30cee
R2GROUP-80432d4df6ea8dab,专项,S2-农业/环境专项了解,稳妥观察,true,false,命中方向：机械/自动化/机器人1个、师范1个、环境1个、农业1个；历史线索：H2-历史最高线不高于等位分；本轮口径：公办/普通学费线索；所有结论仍需原页、官方侧和章程核验,结构或组内边界需先核；专项方向只进入了解池，不与普通主线混排,回看第19期原页和完整专业组；核湖北官方系统/省招办计划；核高校招生章程、学费、计划数、选科、校区、语种/单科/体检限制和调剂范围。,无新增体检自动阻断线索；仍需按最终入围专业逐项核章程。,,K357,红河学院,K35703,03,,非民办线索-教育部名单未备注民办,继续核公办普通学费-非民办线索,优先复核-有偏好专业且未触发自动阻断,暂不判断-组内结构异常需先核页,1,0,0,1,1,0,0,1,0,0,0,1,0,0,0,0,8,V1-偏好专业优先线索,R1-P0整组先核,H2-历史最高线不高于等位分,3,-3,-18,220,left,1.07 治金工程[M-47e49315c4fb7750]；2.08 电气工程及其自动化[M-80bcd402e578682b]；3.09 食品质量与安全[M-f9c75dbd6214dcfd]；4.10 农业资源与环境（农林类）卫园艺（农林类）[M-bc1ac9776fb76e5f]；5.12 数学与应用数学[M-ef7f4f77405522dc]；6.13 应用统计学[M-c4c4708e84fae8dc]；7.14 物理学（师范炎）[M-b7236cae998c2a8c]；8.15 化学K358 云南财经大学（公办）（云南）[M-b3ea929be0ba597b],按P0优先核PDF原页结构、字段缺口和官网冲突。,整组所有专业都要核，不能只核拟填6个专业。,G-fed0319687e267b4,STABLEGROUP-6c74db456a90d1fd
R2GROUP-bdbb94cd0b129898,专项,S2-农业/环境专项了解,高冲暂缓,true,false,命中方向：计算机/AI/软件5个、电子/网络4个、机械/自动化/机器人3个、环境1个；历史线索：H5-历史最高线高于等位分30分以上；本轮口径：公办/普通学费线索；所有结论仍需原页、官方侧和章程核验,录取线距离偏冲；专项方向只进入了解池，不与普通主线混排,回看第19期原页和完整专业组；核湖北官方系统/省招办计划；核高校招生章程、学费、计划数、选科、校区、语种/单科/体检限制和调剂范围。,无新增体检自动阻断线索；仍需按最终入围专业逐项核章程。,,A133,华侨大学,A13304,04,,非民办线索-教育部名单未备注民办,继续核公办普通学费-非民办线索,默认不进主方案-组内存在医学/护理等排除专业,调剂风险线索-组内存在默认不能接受专业,5,0,5,0,3,4,5,0,0,0,0,1,0,0,0,0,27,V0-默认不进主方案风险,R1-P0整组先核,H5-历史最高线高于等位分30分以上,2,85,68,36,left,"1.20 机械工程（办学地点：厦门校区）[M-085cb1174933a67c]；2.21 工业设计（办学地点：厦门校区）[M-a376363eeb201dbe]；3.22 智能制造工程（办学地点：厦门校区）[M-4dfb285484f6ffe1]；4.23 应用物理学（拔尖人才试点班：实行“！十3""两校区融合培养：办学地点：厦门校区）[M-061dcf76e7ced559]；5.24 电气工程及其自动化（办学地点：厦门校区）[M-906372912f707f1a]；6.25 电子科学与技术（办学地点：厦门校[M-3264e4dd18c0d0e0]；7.26 集成电路设计与集成系统（办学地点：[M-77ee5b5089907769]；8.27 计算机科学与技术（实行“1+3”两校区融合培养；办学地点：厦门校区）[M-373c4ce8b84b4b94]；9.28 软件工程（实行""1+3”两校区融合培养；学费：大二、大二5460元/学年/，大三、大四13000元/学年/生；地点：厦门校区[M-b3af6c0d3da6acff]；10.29 信息安全（实行""1+3""两校区融合培养；办学地点：厦门校区）[M-a357775c7f08dc3d]；11.30 生本工程（智能结构与城镇更新方向；办学地点：厦门校区）[M-25cf42b8516d48bc]；12.31 给排水科学与工程（城镇智能水系统方向：办学地点：厦门校区）[M-c22f29ce698023f9]；13.32 城市地下空间工程（智慧建造与城市运维方向：办学地点：厦门校区）[M-9bb7897c72625caf]；14.33 工程管理（办学地点：厦门校区）[M-4f06c336b43d89d1]；15.34 数学与应用数学（金融统计方向、数据分析方向：办学地点：泉州校区）[M-0c6337cb32ac2e31]；16.35 数学与应用数学（金融学双学士学位项目：办学地点：泉州校区）[M-a9ea437fb3982dd9]；17.36 光电信息科学与工程（办学地点：泉州校区）覓亮院校李业组及专业代号[M-85fcb7445df04caa]；18.37 物联网工程（办学地点：泉州校区）[M-eaa6790d781c491e]；19.38 人工智能（办学地点：泉州校区）13305 华侨大学第05组[M-92ceeccb8093a423]；20.39 应用化学（能源电化学方向：办学地点：厦门校区）[M-2205474dd4fed57d]；21.40 高分子材料与工程（办学地点：厦门校[M-3ee178d0237d0eed]；22.41 新能源材料与器件（办学地点：厦门校[M-0f9a30c4a271b333]；23.42 化学工程与工艺（办学地点：厦门校[M-ab4974bbbab2a344]；24.43 制药工程（办学地点：厦门校区）[M-9e110db66896a334]；25.44 环境工程（办学地点：厦门校区）[M-8bd18abfccf3b6a0]；26.45 生物工程（办学地点：厦门校区）[M-a15f3e721a3c31f3]；27.46 药学（生物与医药方向；办学地点：泉[M-aa12bf5be20de6b6]",先核家庭底线风险，不把该组放入主方案。,仅在保底不足或家庭明确可接受时再核整组。,G-1e237e74c0ac1b8a,STABLEGROUP-4caaed24c0379aac
R2GROUP-4a4aabeb599417f9,专项,S2-农业/环境专项了解,稳冲观察,true,false,命中方向：计算机/AI/软件2个、师范1个、农业1个；历史线索：H3-历史最高线高于等位分15分内；本轮口径：公办/普通学费线索；所有结论仍需原页、官方侧和章程核验,组内有特殊限制待核；专项方向只进入了解池，不与普通主线混排,回看第19期原页和完整专业组；核湖北官方系统/省招办计划；核高校招生章程、学费、计划数、选科、校区、语种/单科/体检限制和调剂范围。,体检或特殊限制字段待核；需看招生章程、专业备注和第19期原页。,,H320,上饶师范学院,H32003,03,,非民办线索-教育部名单未备注民办,继续核公办普通学费-非民办线索,暂缓进入主方案-组内存在特殊限制待核专业,暂不判断-特殊限制待核,3,0,2,1,0,0,2,1,0,0,0,0,0,0,0,7,10,V1-偏好专业优先线索,R1-P0整组先核,H3-历史最高线高于等位分15分内,3,7,-17,157,right,1.06 数据科学与大数据技术（不能准确在显示器上识别红、黄、兰、绿、紫各颜色中任何一种颜色的数码、字母者（不予录取）A◎A◎ZG院校专业组及专业代号[M-714c0a095e82677b]；2.07 人工智能[M-97fae4c85698e33a]；3.08 类曳傅息材料与器件（色盲、色弱考生[M-dc35ef3202b7617c]；4.09 化学（色盲、色弱考生不予录取）[M-f462c203afe79ff6]；5.10 应用化学（色盲、色弱考生不予录取）[M-0aef402589bf7a8f]；6.11 材料科学与工程（色直、色弱考生不予二在学校主校区学习大四将按照培养方案在弋阳校[M-ba733cd5f20c1e00]；7.12 生物科学（色盲、色弱考生不予录取）[M-43449428c14619e8]；8.14 智薏农业（大一、大二在学校主校区学习，大三、大四将按照培养方案在弋阳[M-aa82c94d0d020a52]；9.15 逼感科学与技术（色盲、色弱考生不予[M-2b697a90ff5edca5]；10.16 数学与应用数学（师范类）[M-e866dd877a243bab],按P0优先核PDF原页结构、字段缺口和官网冲突。,整组所有专业都要核，不能只核拟填6个专业。,G-18c7c3f4af6abe8d,STABLEGROUP-68c6ebb0d66a2beb
R2GROUP-534f923b87062dbb,专项,S2-农业/环境专项了解,历史待补,true,false,命中方向：计算机/AI/软件2个、电子/网络1个、环境1个；历史线索：H0-无同代码历史线索；本轮口径：公办/普通学费线索；所有结论仍需原页、官方侧和章程核验,缺同代码历史线索；专项方向只进入了解池，不与普通主线混排,回看第19期原页和完整专业组；核湖北官方系统/省招办计划；核高校招生章程、学费、计划数、选科、校区、语种/单科/体检限制和调剂范围。,无新增体检自动阻断线索；仍需按最终入围专业逐项核章程。,,F178,河北地质大学,F17805,05,,非民办线索-教育部名单未备注民办,继续核公办普通学费-非民办线索,优先复核-有偏好专业且未触发自动阻断,可进入人工调剂接受度判断,2,0,2,0,0,1,2,0,0,0,0,1,0,0,0,0,9,V1-偏好专业优先线索,R2-P1页列集中核,H0-无同代码历史线索,0,,,98,right,1.15 地质类（地质学；古生物学；资源勘查工程）[M-1990b7953db556e6]；2.16 勘查技术与工程[M-1854b6f0a353bd0c]；3.17 资源环境大数据工程[M-e2920b4268f42f6a]；4.18 水利类（地下水科学与工程；水文与水资源工程）[M-5ae5763c44b6bc12]；5.19 环境工程[M-5181213a5f1d712d]；6.20 地质工程[M-1bfc726a0d463388]；7.21 防灾减灾科学与工程[M-21397a32c4370a17]；8.22 计算机类（通信工程：软件工程）[M-efbca80f8ad39ffd]；9.23 数学类（数学与应用数学：信息与计算科学；应用统计学）[M-6f6b57f3620ab702],按页列集中核字段缺口，再接湖北官方计划和高校官网辅证。,同一页列若发现结构错误，整页列升级核验。,G-40323373db771eab,STABLEGROUP-f9a3854a7649d78d
R2GROUP-d3a86f812b5d5509,专项,S2-农业/环境专项了解,历史待补,true,false,命中方向：计算机/AI/软件2个、电子/网络2个、环境1个；历史线索：H0-无同代码历史线索；本轮口径：公办/普通学费线索；所有结论仍需原页、官方侧和章程核验,缺同代码历史线索；专项方向只进入了解池，不与普通主线混排,回看第19期原页和完整专业组；核湖北官方系统/省招办计划；核高校招生章程、学费、计划数、选科、校区、语种/单科/体检限制和调剂范围。,无新增体检自动阻断线索；仍需按最终入围专业逐项核章程。,,H812,东华理工大学,H81201,01,,非民办线索-教育部名单未备注民办,继续核公办普通学费-非民办线索,优先复核-有偏好专业且未触发自动阻断,可进入人工调剂接受度判断,1,0,1,0,0,2,2,0,0,0,0,1,0,0,0,0,22,V1-偏好专业优先线索,R1-P0整组先核,H0-无同代码历史线索,0,,,153,left,1.01 资源勘 工程（办学地点：南昌校区）[M-35b39c6f92faa557]；2.02 地球信息科学与技术（办学地点：南昌校区）[M-0a4a61dd154cdc09]；3.03 勘查技术与工程（办学地点：南昌校[M-d93721f2b6d31e6a]；4.04 地球物理学（拔尖学生培养基地；办学GA◎KA◎Z院校代号地点：南昌校区）[M-181a42a96ae65b5c]；5.05 智能地球探测（办学地点：南昌校区）[M-e1a1df20d9a4016e]；6.06 水文与水资源工程（办学地点：南昌校[M-027f3667d1afe046]；7.07 环境工程（办学地点：南昌校区）[M-012fea53a3f8216a]；8.08 排水科学与工程（办学地点：南昌校[M-dff59caa4503a4d0]；9.09 地下水科学与工程（办学地点：南昌校[M-e4e0978d6a9e4641]；10.10 测绘工程（办学地点：南昌校区）[M-58106cd884dee7f6]；11.11 逼感科学与技术（办学地点：南昌校[M-63f9d546c709e273]；12.12 地理空间信息工程（办学地点：南昌校区）[M-f51cbc1d564f2ddb]；13.13 化学工程与工艺（办学地点：南昌校[M-5f763ec4d69bfcdd]；14.14 材料科学与工程（办学地点：南昌校[M-eeceea1efaa0e94f]；15.15 复合材料与工程（办学地点：南昌校[M-9b82915a5823a83b]；16.16 核工程与核技术（办学地点：南昌校[M-a447e35b83ddd24e]；17.17 算机科学与技术（办学地点：南昌校[M-222c8cee3513f52b]；18.18 通信工程（办学地点：南昌校区）[M-5280aec0717a4bef]；19.19 网络空间安全（办学地点：南昌校区）[M-27099079bee44364]；20.20 人工智能（办学地点：南昌校区）[M-a9456bab7e72620c]；21.21 土木工程（办学地点：南昌校区）[M-be4726ac5f73b4d2]；22.22 城市地下空间工程（办学地点：南昌校[M-f5a3a08a778cc9e3],按P0优先核PDF原页结构、字段缺口和官网冲突。,整组所有专业都要核，不能只核拟填6个专业。,G-11047c5c55142378,STABLEGROUP-086a4ef3a3521f74
R2GROUP-74242f9c09d42900,专项,S2-农业/环境专项了解,高冲暂缓,true,false,命中方向：计算机/AI/软件2个、电子/网络2个、机械/自动化/机器人4个、环境1个；命中优先城市：西安；命名观察：西安建筑科技大学；历史线索：H5-历史最高线高于等位分30分以上；本轮口径：公办/普通学费线索；所有结论仍需原页、官方侧和章程核验,录取线距离偏冲；专项方向只进入了解池，不与普通主线混排,回看第19期原页和完整专业组；核湖北官方系统/省招办计划；核高校招生章程、学费、计划数、选科、校区、语种/单科/体检限制和调剂范围。,无新增体检自动阻断线索；仍需按最终入围专业逐项核章程。,西安建筑科技大学,K465,西安建筑科技大学,K46504,04,西安,非民办线索-教育部名单未备注民办,继续核公办普通学费-非民办线索,优先复核-有偏好专业且未触发自动阻断,可进入人工调剂接受度判断,2,0,2,0,4,2,2,0,0,0,0,1,0,0,0,0,14,V1-偏好专业优先线索,R2-P1页列集中核,H5-历史最高线高于等位分30分以上,3,63,30,223,left,1.04 计算机科学与技术（办学地点：草堂校[M-dd8ef508d85596c0]；2.05 通信工程（办学地点：草堂校区）[M-5980eb4523d13424]；3.06 人工智能（办学地点：草堂校区）[M-ff7d32b888e386ac]；4.07 自动化（办学地点：草堂校区）[M-4ad4d695b088006c]；5.08 机器人工程（办学地点：草堂校区）[M-8faa0cf6417b2e42]；6.09 电气工程及其自动化（办学地点：草堂校区）[M-88ecd908104be17b]；7.10 机械设计制造及其自动化（办学地点：草堂校区）[M-4f407f15b3f204f6]；8.11 光电信息科学与工程（办学地点：草堂校区）[M-a785b35533c30a89]；9.12 新能源材料与器件（办学地点：草堂校区）[M-b07fc24aaa3c52a3]；10.13 纳米材料与技术（先进能源与器件；办学地点：草堂校区）[M-3b50420a0684c9ef]；11.14 智慧交通（车路协同与智能决策；办学地点：草堂校区）[M-92103756d9f5caec]；12.15 给排水科学与工程（卓越班，韧性城市智慧水务；办学地点：草堂校区）[M-4aa5a311c6ae57dd]；13.16 环境工程（卓越班，低碳与数字环境：办学地点：草堂校区）[M-5021d2917125e1b3]；14.17 安全工程（风险顶测与灾害防治：办学A◎KA◎Z院校及专业代号地点：草堂校区）[M-f5cb51a43073b479],按页列集中核字段缺口，再接湖北官方计划和高校官网辅证。,同一页列若发现结构错误，整页列升级核验。,G-d97080b0408d9ba6,STABLEGROUP-705210bb30d127b5
R2GROUP-907ec35b7b2b1265,专项,S2-农业/环境专项了解,稳妥观察,true,false,命中方向：环境2个、农业1个；历史线索：H2-历史最高线不高于等位分；本轮口径：公办/普通学费线索；所有结论仍需原页、官方侧和章程核验,结构或组内边界需先核；专项方向只进入了解池，不与普通主线混排,回看第19期原页和完整专业组；核湖北官方系统/省招办计划；核高校招生章程、学费、计划数、选科、校区、语种/单科/体检限制和调剂范围。,无新增体检自动阻断线索；仍需按最终入围专业逐项核章程。,,K437,西藏农牧大学,K43702,02,,非民办线索-教育部名单未备注民办,继续核公办普通学费-非民办线索,普通备选待了解-未命中当前偏好且未触发自动阻断,暂不判断-组内结构异常需先核页,0,0,0,0,0,0,0,1,0,0,0,2,0,0,0,0,4,V3-历史线索普通留存,R1-P0整组先核,H2-历史最高线不高于等位分,1,-13,-13,222,left,1.04 食品科学与工程[M-5ac15c04558d3937]；2.05 水利水电工程[M-56defd2266eb2f58]；3.06 农业资源与环境[M-646c6b6c03eeedce]；4.07 环境工程K438 西藏大学（公办）（西藏）[M-fd7f152d2f1791c5],按P0优先核PDF原页结构、字段缺口和官网冲突。,整组所有专业都要核，不能只核拟填6个专业。,G-8e69b6c134bd290e,STABLEGROUP-4c63717cf478b9f4
R2GROUP-583fb8a92c978dbb,专项,S2-农业/环境专项了解,历史待补,true,false,命中方向：计算机/AI/软件2个、电子/网络1个、师范2个、环境2个；历史线索：H0-无同代码历史线索；本轮口径：公办/普通学费线索；所有结论仍需原页、官方侧和章程核验,组内有特殊限制待核；缺同代码历史线索；专项方向只进入了解池，不与普通主线混排,回看第19期原页和完整专业组；核湖北官方系统/省招办计划；核高校招生章程、学费、计划数、选科、校区、语种/单科/体检限制和调剂范围。,体检或特殊限制字段待核；需看招生章程、专业备注和第19期原页。,,F299,山西师范大学,F29903,03,,非民办线索-教育部名单未备注民办,继续核公办普通学费-非民办线索,暂缓进入主方案-组内存在特殊限制待核专业,暂不判断-特殊限制待核,4,0,2,2,0,1,2,0,0,0,0,2,0,0,0,5,9,V1-偏好专业优先线索,R1-P0整组先核,H0-无同代码历史线索,0,,,108,right,1.10 物理学（师范类）二生物技术（不招色盲色弱及单色识别不全者）[M-b2e2ae31eac3d3b7]；2.12 生态学（不招色盲色弱及单色识别不全者）[M-e76ef4d2812e0c65]；3.13 电子信息工程[M-db7c6b12fd1acf75]；4.14 计算机科学与技术（不招单色识别不全者）[M-9a31b81eebbf4817]；5.15 环境生态工程[M-4599a06fc95c78bb]；6.16 食品科学与工程（不招色盲色弱及单色识别不全者）[M-79d34c4af5473705]；7.17 食品质量与安全[M-e047055406a65a60]；8.18 人工智能[M-c0d67e813126db3e]；9.19 生物科学（师范类；不招色盲色弱及单色识别不全者）[M-0f70877b76f7101b],按P0优先核PDF原页结构、字段缺口和官网冲突。,整组所有专业都要核，不能只核拟填6个专业。,G-44512d4d0f290d7f,STABLEGROUP-08696df6614db8af
R2GROUP-90a15ff1134985c3,专项,S2-农业/环境专项了解,高冲暂缓,true,false,命中方向：计算机/AI/软件3个、电子/网络3个、机械/自动化/机器人2个、环境1个；命中优先城市：武汉；历史线索：H5-历史最高线高于等位分30分以上；本轮口径：公办/普通学费线索；所有结论仍需原页、官方侧和章程核验,录取线距离偏冲；专项方向只进入了解池，不与普通主线混排,回看第19期原页和完整专业组；核湖北官方系统/省招办计划；核高校招生章程、学费、计划数、选科、校区、语种/单科/体检限制和调剂范围。,无新增体检自动阻断线索；仍需按最终入围专业逐项核章程。,,C109,武汉工程大学,C10907,07,武汉,非民办线索-教育部名单未备注民办,继续核公办普通学费-非民办线索,优先复核-有偏好专业且未触发自动阻断,可进入人工调剂接受度判断,3,0,3,0,2,3,3,0,0,0,0,1,0,0,0,0,15,V1-偏好专业优先线索,R2-P1页列集中核,H5-历史最高线高于等位分30分以上,2,57,41,71,left,1.48 唐子信息工程（含集成电路设计、模式识别与智能系统方向）[M-5c464056a86b61ae]；2.49 通信工程（含5G通信、智能通信方向）[M-d4be5635034da2a5]；3.50 億息工程（含智能信息处理方向、智能信息系统方向）[M-87627f2fb346093e]；4.51 测控技术与仪器（智能传感器及智能工程方向）[M-2a141ddab0994bb7]；5.52 自动化（含智能机器人方向、智能控制与技术方向）[M-b2250c610c218a56]；6.53 信息与计算科学[M-3bf914afd977cfea]；7.54 数据科学与大数据技术[M-0ea911e73cc728b4]；8.55 光电信息科学与工程（含光电芯片、先进光学方向）[M-6afd3e3c75020201]；9.56 能源与动力工程（含智能人工环境、新能源与储能科学方向）[M-6807a614ecb0896c]；10.57 生物工程（生物智能制造方向）[M-d175fe9f18ab3e15]；11.58 生物技术（生物信息与健康大数据分析方向）[M-4b57066ad5ca793e]；12.59 食品科学与工程（健康食品安全智造方向）[M-57635daf0d2afe88]；13.60 环境科学（环境大数据与信息技术方[M-f890d795ec8344e2]；14.61 应急技术与管理[M-2992a892a0d85d36]；15.62 安全工程[M-e0b0a676ca35390b],按页列集中核字段缺口，再接湖北官方计划和高校官网辅证。,同一页列若发现结构错误，整页列升级核验。,G-204b08088994ce59,STABLEGROUP-3cdaea82cba4b4ac
R2GROUP-d4a17767b9d79f4f,专项,S2-农业/环境专项了解,稳妥观察,true,false,命中方向：师范1个、环境1个；历史线索：H2-历史最高线不高于等位分；本轮口径：公办/普通学费线索；所有结论仍需原页、官方侧和章程核验,结构或组内边界需先核；专项方向只进入了解池，不与普通主线混排,回看第19期原页和完整专业组；核湖北官方系统/省招办计划；核高校招生章程、学费、计划数、选科、校区、语种/单科/体检限制和调剂范围。,无新增体检自动阻断线索；仍需按最终入围专业逐项核章程。,,H133,宿州学院,H13301,01,,非民办线索-教育部名单未备注民办,继续核公办普通学费-非民办线索,优先复核-有偏好专业且未触发自动阻断,暂不判断-组内结构异常需先核页,1,0,0,1,0,0,0,0,0,0,0,1,0,0,0,0,5,V1-偏好专业优先线索,R1-P0整组先核,H2-历史最高线不高于等位分,3,-1,-15,146,left,1.01 化学工程与工艺[M-db582f8384666c6e]；2.02 测绘工程[M-2d18d036063e4e59]；3.03 环境工程[M-3ca81355c8a65688]；4.04 生物技术[M-004996277da516b4]；5.05 食品科学与工程H135 淮南师范学院（公办）（安徽）[M-00260b7cdc6b096d],按P0优先核PDF原页结构、字段缺口和官网冲突。,整组所有专业都要核，不能只核拟填6个专业。,G-5851aefea41778c5,STABLEGROUP-24229c7b86614fe2
R2GROUP-fe1df85b35b07557,专项,S2-农业/环境专项了解,历史待补,true,false,命中方向：计算机/AI/软件1个、电子/网络4个、机械/自动化/机器人2个、环境1个；历史线索：H0-无同代码历史线索；本轮口径：公办/普通学费线索；所有结论仍需原页、官方侧和章程核验,组内有特殊限制待核；缺同代码历史线索；专项方向只进入了解池，不与普通主线混排,回看第19期原页和完整专业组；核湖北官方系统/省招办计划；核高校招生章程、学费、计划数、选科、校区、语种/单科/体检限制和调剂范围。,体检或特殊限制字段待核；需看招生章程、专业备注和第19期原页。,,H684,湖南工业大学,H68409,09,,非民办线索-教育部名单未备注民办,继续核公办普通学费-非民办线索,暂缓进入主方案-组内存在特殊限制待核专业,暂不判断-特殊限制待核,1,0,1,0,2,4,1,0,0,0,0,1,0,0,0,1,11,V1-偏好专业优先线索,R2-P1页列集中核,H0-无同代码历史线索,0,,,183,right,1.18 包装工程[M-a7c6804b29fd98cb]；2.19 印刷工程（不招色盲色弱）[M-540d8e9a3a733c37]；3.20 网络工程[M-d93fb7608678226e]；4.21 电子信息工程[M-d72f1470e5d6932d]；5.22 电子科学与技术[M-8de1fb267c2974e4]；6.23 信息工程[M-538babeec20749b5]；7.24 自动化[M-c4e5107b0c867933]；8.25 机器人工程[M-41a68b28ef796fc0]；9.26 导航工程[M-bee119fb185d16e9]；10.27 建筑环境与能源应用工程[M-b5d3b6abad50d089]；11.28 环境生态工程GA◎KA◎Z及专代号[M-24cfec931dd45094],按页列集中核字段缺口，再接湖北官方计划和高校官网辅证。,同一页列若发现结构错误，整页列升级核验。,G-35c08e204d686114,STABLEGROUP-d44188921486df4b
R2GROUP-1ac09fc44ae9da75,专项,S2-农业/环境专项了解,历史待补,true,false,命中方向：计算机/AI/软件1个、电子/网络4个、机械/自动化/机器人2个、环境1个；历史线索：H0-无同代码历史线索；本轮口径：公办/普通学费线索；所有结论仍需原页、官方侧和章程核验,组内有特殊限制待核；缺同代码历史线索；专项方向只进入了解池，不与普通主线混排,回看第19期原页和完整专业组；核湖北官方系统/省招办计划；核高校招生章程、学费、计划数、选科、校区、语种/单科/体检限制和调剂范围。,体检或特殊限制字段待核；需看招生章程、专业备注和第19期原页。,,H813,南昌航空大学,H81304,04,,非民办线索-教育部名单未备注民办,继续核公办普通学费-非民办线索,默认不进主方案-组内存在医学/护理等排除专业,调剂风险线索-组内存在默认不能接受专业,1,0,1,0,2,4,1,0,0,0,0,1,0,0,0,3,22,V0-默认不进主方案风险,R1-P0整组先核,H0-无同代码历史线索,0,,,153,right,1.12 电子封装技术（南昌市前湖校区就读）[M-9b7340aefd28b55a]；2.13 增材制造工程（南昌市前湖校区就读）[M-0b2bb5f5a8907520]；3.14 应用化学（南昌市前湖校区就读；不招色盲色弱且不招单色识别不全者）[M-6a28effc568a97ba]；4.15 材料化学（南昌市前湖校区就读：不招色盲色弱且不招单色识别不全者）[M-cf11a78e120a69ca]；5.16 环境工程（南昌市前湖校区就读；不招AKAZ一G院校专业组及专业代号色盲色弱且不招单色识别不全者）[M-580ce41d3c5ced3a]；6.17 给排水科学与工程（南昌市前湖校区就读）[M-289a95003f758bba]；7.18 智能制造工程（南昌市前湖校区就读）[M-1033a489f782af99]；8.19 通信工程（南昌市前湖校区就读）[M-5be52f7d02dbc8b6]；9.20 计算机科学与技术（南昌市前湖校区别红、一种颜色的数码、字母者）[M-0fe2389167ebb8c4]；10.21 电气工程及其自动化（南昌市前湖校区就读）[M-819aff5c0aaf2b5d]；11.22 低空技术与工程（南昌市前湖校区就[M-f2c9825e6d0dd8ff]；12.23 新能源科学与工程（南昌市前湖校区就读）[M-c36904f59cfd8933]；13.24 能源与动力工程（南昌市前湖校区就飞行器控制与信息工程（南昌市前湖校区就读）[M-3dee7e5cc5caf52a]；14.26 飞行器制造工程（航空维修工程与技术：南昌市前湖校区就读）[M-5142c37112584612]；15.27 数学与应用数学（南昌市前湖校区就[M-b900d754c324852b]；16.28 飞行器质量与可靠性（南昌市前湖校区就读）[M-be7e7105e05e518b]；17.29 电子科学与技术（南昌市前湖校区就[M-1ea5d02d3a216ed3]；18.30 生物医学工程（南昌市前湖校区就读不招色盲色弱且不招单色识别不全[M-6233930ff699b139]；19.31 光电信息科学与工程（南昌市前湖校[M-e06f016575267b57]；20.32 智能感知工程（南昌市前湖校区就读）[M-8b239d2db5d4fccb]；21.33 土末工程（南昌市前湖校区就读）[M-02f912872ed1d87c]；22.34 交通工程（南昌市前湖校区就读）[M-1fb913716a32e506],先核家庭底线风险，不把该组放入主方案。,仅在保底不足或家庭明确可接受时再核整组。,G-7e8408f2ed829bda,STABLEGROUP-6563a50b4171d6c7
R2GROUP-c1d6fdf67bc68885,专项,S2-农业/环境专项了解,历史待补,true,false,命中方向：电子/网络1个、机械/自动化/机器人3个、农业1个；历史线索：H0-无同代码历史线索；本轮口径：公办/普通学费线索；所有结论仍需原页、官方侧和章程核验,缺同代码历史线索；专项方向只进入了解池，不与普通主线混排,回看第19期原页和完整专业组；核湖北官方系统/省招办计划；核高校招生章程、学费、计划数、选科、校区、语种/单科/体检限制和调剂范围。,无新增体检自动阻断线索；仍需按最终入围专业逐项核章程。,,K155,西华大学,K15506,06,,非民办线索-教育部名单未备注民办,继续核公办普通学费-非民办线索,普通备选待了解-未命中当前偏好且未触发自动阻断,可进入人工调剂接受度判断,0,0,0,0,3,1,0,1,0,0,0,0,0,0,0,0,17,V4-普通留存待了解,R2-P1页列集中核,H0-无同代码历史线索,0,,,210,left,1.17 化学（办学地点：郫都校区）[M-4ac0d9dfe3e6a603]；2.18 食品科学与工程（办学地点：郫都校[M-c17b3d58bd4dbe47]；3.19 电气工程及其自动化（办学地点：郫都校区）[M-9a1e785e94f982a3]；4.20 生物工程（办学地点：郫都校区）[M-7a4c03a80d137f43]；5.21 车辆工程（办学地点：郫都校区）[M-e1ca823f96bb0f70]；6.22 交通工程（办学地点：郫都校区）[M-8f4df62a7f99bd4a]；7.23 熊源与动力工程（办学地点：郫都校[M-f74a35eadf15a7ec]；8.24 發学与应用数学（办学地点：郫都校[M-3e095830ea3d639f]；9.25 水利水电工程（办学地点：郫都校区）[M-a2a9332ebc2a0fcc]；10.26 农业机械化及其自动化（办学地点：郫都校区）[M-7cf893851fedb4b7]；11.27 应用物理学（办学地点：郫都校区）[M-35ef6bf0017b8d6d]；12.28 生木工程（办学地点：郫都校区）[M-d31d44738403d2e4]；13.29 材料成型及控制工程（办学地点：郫都校区）[M-07e380454060839d]；14.30 电子信息类（通𠊿工程；信息工程；办孚地点：郫都校区）[M-64ea9e7d498cd6c4]；15.31 材料科学与工程（办学地点：郫都校[M-3ddadf05929ea0b4]；16.32 自动化（办学地点：郫都校区）[M-197051f7ddaff2bf]；17.33 储能科学与工程（办学地点：郫都校資高計考院校专业组及乏业代号区）[M-8c3aca6c43a440b9],按页列集中核字段缺口，再接湖北官方计划和高校官网辅证。,同一页列若发现结构错误，整页列升级核验。,G-bbcdd6f54be8c2c6,STABLEGROUP-6e06ffe7b4b291db
R2GROUP-432acd66942f00b2,专项,S2-农业/环境专项了解,稳冲观察,true,false,命中方向：环境1个；历史线索：H3-历史最高线高于等位分15分内；本轮口径：公办/普通学费线索；所有结论仍需原页、官方侧和章程核验,仍需完整组核验；专项方向只进入了解池，不与普通主线混排,回看第19期原页和完整专业组；核湖北官方系统/省招办计划；核高校招生章程、学费、计划数、选科、校区、语种/单科/体检限制和调剂范围。,无新增体检自动阻断线索；仍需按最终入围专业逐项核章程。,,F194,石家庄学院,F19405,05,,非民办线索-教育部名单未备注民办,继续核公办普通学费-非民办线索,普通备选待了解-未命中当前偏好且未触发自动阻断,可进入人工调剂接受度判断,0,0,0,0,0,0,0,0,0,0,0,1,0,0,0,0,1,V3-历史线索普通留存,R4-P3低风险抽检,H3-历史最高线高于等位分15分内,3,1,-322,102,left,1.05 环境生态工程（办学地点：南校区）[M-d317a2b9d5be85a3],保留为机器初筛观察池，等官方计划或人工抽检结果后再排序。,低风险抽检发现异常时升级同页列/同校/同组。,G-e4ea47723688d940,STABLEGROUP-b806753ca88552fa
R2GROUP-ddf17504a0a9e289,专项,S2-农业/环境专项了解,稳冲观察,true,false,命中方向：电子/网络1个、师范1个、农业1个；历史线索：H3-历史最高线高于等位分15分内；本轮口径：公办/普通学费线索；所有结论仍需原页、官方侧和章程核验,仍需完整组核验；专项方向只进入了解池，不与普通主线混排,回看第19期原页和完整专业组；核湖北官方系统/省招办计划；核高校招生章程、学费、计划数、选科、校区、语种/单科/体检限制和调剂范围。,无新增体检自动阻断线索；仍需按最终入围专业逐项核章程。,,H549,河南科技学院,H54902,02,,非民办线索-教育部名单未备注民办,继续核公办普通学费-非民办线索,默认不进主方案-组内存在医学/护理等排除专业,调剂风险线索-组内存在默认不能接受专业,1,0,0,1,0,1,0,1,0,0,0,0,0,0,0,0,6,V0-默认不进主方案风险,R1-P0整组先核,H3-历史最高线高于等位分15分内,2,6,-21,174,left,1.03 生物技术（办学地点：东明校区）[M-3629a21ca8e0d96f]；2.04 数学与应用数学（师范类；办学地点：东明校区）[M-cd884f1deb37a7dd]；3.05 动物药学（办学地点：东明校区）[M-ad2683e79576cdc8]；4.06 植物保护（办学地点：东明校区）[M-7d745577eafe64c2]；5.07 通信工程（办学地点：东明校区）[M-b157f907c6272524]；6.08 材料化学（办学地点：东明校区）資亮謝孝院校专业组及专业代号H550 河南牧业经济学院（公办）（河南）[M-b8ea9d7f66e4fcc6],先核家庭底线风险，不把该组放入主方案。,仅在保底不足或家庭明确可接受时再核整组。,G-9bb5b219ba12a51b,STABLEGROUP-e6308d515fedb745
R2GROUP-594816d1e3a2a2f1,专项,S2-农业/环境专项了解,历史待补,true,false,命中方向：计算机/AI/软件1个、环境1个、农业1个；命中优先城市：北京；命名观察：北京农学院；历史线索：H0-无同代码历史线索；本轮口径：公办/普通学费线索；所有结论仍需原页、官方侧和章程核验,组内有特殊限制待核；缺同代码历史线索；专项方向只进入了解池，不与普通主线混排,回看第19期原页和完整专业组；核湖北官方系统/省招办计划；核高校招生章程、学费、计划数、选科、校区、语种/单科/体检限制和调剂范围。,体检或特殊限制字段待核；需看招生章程、专业备注和第19期原页。,北京农学院,F008,北京农学院,F00803,03,北京,非民办线索-教育部名单未备注民办,继续核公办普通学费-非民办线索,暂缓进入主方案-组内存在特殊限制待核专业,暂不判断-特殊限制待核,1,0,1,0,0,0,1,1,0,0,0,1,0,0,0,1,2,V1-偏好专业优先线索,R2-P1页列集中核,H0-无同代码历史线索,0,,,93,left,1.03 农业资源与环境（不招收色盲、色弱考生.免收学费）[M-93ea811fc22dfe7f]；2.04 数据科学与大数据技术[M-7377ad1f2804104f],按页列集中核字段缺口，再接湖北官方计划和高校官网辅证。,同一页列若发现结构错误，整页列升级核验。,G-004207e60cf05d31,STABLEGROUP-e4a578e12c65781b
R2GROUP-08acc906a164a2af,专项,S2-农业/环境专项了解,冲刺观察,true,false,命中方向：计算机/AI/软件2个、电子/网络1个、机械/自动化/机器人1个、环境1个、农业1个；历史线索：H4-历史最高线高于等位分16-30分；本轮口径：公办/普通学费线索；所有结论仍需原页、官方侧和章程核验,组内有特殊限制待核；录取线距离偏冲；专项方向只进入了解池，不与普通主线混排,回看第19期原页和完整专业组；核湖北官方系统/省招办计划；核高校招生章程、学费、计划数、选科、校区、语种/单科/体检限制和调剂范围。,体检或特殊限制字段待核；需看招生章程、专业备注和第19期原页。,,H315,景德镇陶瓷大学,H31502,02,,非民办线索-教育部名单未备注民办,继续核公办普通学费-非民办线索,暂缓进入主方案-组内存在特殊限制待核专业,暂不判断-特殊限制待核,2,0,2,0,1,1,2,1,0,0,0,1,0,0,0,5,11,V1-偏好专业优先线索,R1-P0整组先核,H4-历史最高线高于等位分16-30分,2,26,22,155,left,1.03 无机非金属材料工程（除患有《普通高等学校招生体检工作指导意见》中第一部分所列严重疾病（严重心脏病、軍症支气管扩张、恶性肿瘤、严重精神单色病等）者学校不予录取外，色盲、识别不全均不予录取：办学地点：湘湖校区）[M-dafaa1f0250c2d7a]；2.04 环境工程（除患有《普通高等学校招生G◎◎[M-e2867b6e6e3ebf2f]；3.K AA完校代号体检工作指导意见》中第一部分所列严重疾病（严重心脏病、重症支气營扩张、恶性肿瘤、严車精神病等）者学校不千录取外，色弱、色育、单色识别不全均不予录取；办学地点：湘湖校区）[M-c50ea7f2fdfa8caf]；4.05 材料化学（除患有《普通高等学校招生体检工作指导意见，中第一部分所烈严童疾病（严重心脏病、重症支气管扩张、恶性肿瘤、严重精神病等）煮学校不予录取外，色弱、色直、单色识别不全均不予录取：办学地点：湘湖校区[M-aacaeb292c0f00f1]；5.06 材料物理（除患有《普通高等学校招生体检工作指导意见》中第一部分所列严童疾病（严重心脏病、重症支气管扒张、恶性肿瘤、严重精神病签）煮学校不子录取外，色真、单色识别不全均不予录取；办学地点：湘湖校区）[M-a62d61c712ae03d6]；6.07 粉体材料科学与工程（办学地点：湘湖[M-8a8ceef709511ea3]；7.08 新能源材料与器件（办学地点：湘湖校[M-be8e56aa63631336]；8.09 机械设计制造及其自动化（办学地点：湘湖校区）[M-d6c91e9235b8bcea]；9.10 电子科学与技术（办学地点：湘湖校计算机科学与技术（除患有《普通高等学校招生体检工作指导意见〉中第部分所列严重疾病（严重心脏病、重症恶性肿瘤、黑重精神病支气管扩张示器上识别红、一颜色数码/字母者不予录取；办学地点：湘湖校区）[M-affa333b6ee166d5]；10.12 信息与计算科学（办学地点：湘湖校[M-4217a77c4b4d180d]；11.13 人工智能（办学地点：湘湖校区）H316江西农业大学（公办）（江西）[M-821a212944c32d0a],按P0优先核PDF原页结构、字段缺口和官网冲突。,整组所有专业都要核，不能只核拟填6个专业。,G-95b37b0322d929ba,STABLEGROUP-de3fe861ecaea766
R2GROUP-fa56837642e4105d,专项,S2-农业/环境专项了解,冲刺观察,true,false,命中方向：计算机/AI/软件2个、电子/网络2个、机械/自动化/机器人1个、环境1个；历史线索：H4-历史最高线高于等位分16-30分；本轮口径：公办/普通学费线索；所有结论仍需原页、官方侧和章程核验,组内有特殊限制待核；录取线距离偏冲；专项方向只进入了解池，不与普通主线混排,回看第19期原页和完整专业组；核湖北官方系统/省招办计划；核高校招生章程、学费、计划数、选科、校区、语种/单科/体检限制和调剂范围。,体检或特殊限制字段待核；需看招生章程、专业备注和第19期原页。,,F105,天津城建大学,F10504,04,,非民办线索-教育部名单未备注民办,继续核公办普通学费-非民办线索,暂缓进入主方案-组内存在特殊限制待核专业,暂不判断-特殊限制待核,2,0,2,0,1,2,2,0,0,0,0,1,0,0,0,5,19,V1-偏好专业优先线索,R1-P0整组先核,H4-历史最高线高于等位分16-30分,2,27,19,96,right,1.08 土木工程[M-48b011eab3010b71]；2.09 城市地下空间工程[M-732547eeb37fccc0]；3.10 道路桥梁与波河工程[M-28b013f83ad66c66]；4.11 港口航道与海岸工程[M-459b1b6da6d9f90c]；5.12 交通工程（不招色盲、单色不识别的考[M-54fe9d41d6370f34]；6.13 建筑环境与能源应用工程[M-0a9b4a1452c0e556]；7.14 材料科学与工程（不招色弱、色盲、单色不识别的考生）[M-9f3a650d84f661b3]；8.15 智能材料与结构[M-5f243d27c4c8e03e]；9.16 给排水科学与工程[M-21290ebfd0f9ee30]；10.17 环境工程（不招色弱、色盲、单色不识别的考生）[M-873c73b2b5c15325]；11.18 电子信息类（电子信息工程：电子信息科学与技术）[M-c90e083e3eb2a107]；12.19 计算机类（计算机科学与技术：网络工程；物联网工程）[M-125023deb34979c0]；13.20 测绘工程[M-4f42757ffccc8129]；14.21 遥感科学与技术[M-16176809987ff4ba]；15.22 应用物理学（不招色盲、单色不识别的院校专业组及专业代号考生）[M-bc923687edbdd7a3]；16.23 应用化学（不招色弱、色盲、单色不识别的考生）[M-93b7f6dd8724bd60]；17.24 智能建造[M-b63c0127640e7182]；18.25 人工智能[M-080c39efbb1ee971]；19.26 智能制造工程[M-12487beb5d4f2172],按P0优先核PDF原页结构、字段缺口和官网冲突。,整组所有专业都要核，不能只核拟填6个专业。,G-79700ef52987db73,STABLEGROUP-433bff750cbf356c
R2GROUP-ddb74e9f9422546a,专项,S2-农业/环境专项了解,稳妥观察,true,false,命中方向：农业1个；历史线索：H2-历史最高线不高于等位分；本轮口径：公办/普通学费线索；所有结论仍需原页、官方侧和章程核验,组内有特殊限制待核；专项方向只进入了解池，不与普通主线混排,回看第19期原页和完整专业组；核湖北官方系统/省招办计划；核高校招生章程、学费、计划数、选科、校区、语种/单科/体检限制和调剂范围。,体检或特殊限制字段待核；需看招生章程、专业备注和第19期原页。,,C129,湖北民族大学,C12919,19,,非民办线索-教育部名单未备注民办,继续核公办普通学费-非民办线索,默认不进主方案-组内存在医学/护理等排除专业,调剂风险线索-组内存在默认不能接受专业,0,0,0,0,0,0,0,1,0,0,0,0,0,0,0,5,6,V0-默认不进主方案风险,R2-P1页列集中核,H2-历史最高线不高于等位分,2,-15,-17,76,left,1.70 生物科学（民族班）[M-bd256587bfaa8cc1]；2.71 化学工程与工艺（民族班）[M-ad86f7227ac73c60]；3.72 林学（民族班）[M-6dab416c5543cca9]；4.73 园艺（民族班）[M-76f5f5caa873ab78]；5.74 制药工程（民族班）[M-4660c3a4089023f2]；6.75 生物工程（民族班）[M-45a4657c3e3baa5c],先核家庭底线风险，不把该组放入主方案。,仅在保底不足或家庭明确可接受时再核整组。,G-61ae2445429d7094,STABLEGROUP-24662a522d6886c4
R2GROUP-495d9fa806361d10,专项,S2-农业/环境专项了解,稳妥观察,true,false,命中方向：农业1个；历史线索：H2-历史最高线不高于等位分；本轮口径：公办/普通学费线索；所有结论仍需原页、官方侧和章程核验,组内有特殊限制待核；专项方向只进入了解池，不与普通主线混排,回看第19期原页和完整专业组；核湖北官方系统/省招办计划；核高校招生章程、学费、计划数、选科、校区、语种/单科/体检限制和调剂范围。,体检或特殊限制字段待核；需看招生章程、专业备注和第19期原页。,,F597,长春工程学院,F59705,05,,非民办线索-教育部名单未备注民办,继续核公办普通学费-非民办线索,暂缓进入主方案-组内存在特殊限制待核专业,暂不判断-特殊限制待核,0,0,0,0,0,0,0,1,0,0,0,0,0,0,0,1,1,V3-历史线索普通留存,R1-P0整组先核,H2-历史最高线不高于等位分,2,-11,-17,122,right,1.23 本科顶科班（边防军人子女预科班；办学地点：湖东校区；学制：一年）F598 吉林农业科技学院（公办）（吉林）[M-ae4f0feff618afc0],按P0优先核PDF原页结构、字段缺口和官网冲突。,整组所有专业都要核，不能只核拟填6个专业。,G-a8e7ff6f4bac6597,STABLEGROUP-8959cc2bdea3c77f
R2GROUP-51dfbfefe60228e2,专项,S2-农业/环境专项了解,稳妥观察,true,false,命中方向：农业1个；历史线索：H2-历史最高线不高于等位分；本轮口径：公办/普通学费线索；所有结论仍需原页、官方侧和章程核验,结构或组内边界需先核；专项方向只进入了解池，不与普通主线混排,回看第19期原页和完整专业组；核湖北官方系统/省招办计划；核高校招生章程、学费、计划数、选科、校区、语种/单科/体检限制和调剂范围。,无新增体检自动阻断线索；仍需按最终入围专业逐项核章程。,,F688,黑龙江八一农垦大学,F68803,03,,非民办线索-教育部名单未备注民办,继续核公办普通学费-非民办线索,普通备选待了解-未命中当前偏好且未触发自动阻断,暂不判断-组内结构异常需先核页,0,0,0,0,0,0,0,1,0,0,0,0,0,0,0,0,1,V3-历史线索普通留存,R1-P0整组先核,H2-历史最高线不高于等位分,3,0,-21,125,left,1.11 士木工程F689 东北农业大学（公办）（黑龙江）[M-d535cc2a890162c9],按P0优先核PDF原页结构、字段缺口和官网冲突。,整组所有专业都要核，不能只核拟填6个专业。,G-c77efcc92804a86c,STABLEGROUP-b9f792764597e483
R2GROUP-392df6741e5c47f1,专项,S2-农业/环境专项了解,历史待补,true,false,命中方向：计算机/AI/软件1个、机械/自动化/机器人1个、农业1个；历史线索：H0-无同代码历史线索；本轮口径：公办/普通学费线索；所有结论仍需原页、官方侧和章程核验,缺同代码历史线索；专项方向只进入了解池，不与普通主线混排,回看第19期原页和完整专业组；核湖北官方系统/省招办计划；核高校招生章程、学费、计划数、选科、校区、语种/单科/体检限制和调剂范围。,无新增体检自动阻断线索；仍需按最终入围专业逐项核章程。,,H022,浙江水利水电学院,H02201,01,,非民办线索-教育部名单未备注民办,继续核公办普通学费-非民办线索,优先复核-有偏好专业且未触发自动阻断,可进入人工调剂接受度判断,1,0,1,0,1,0,1,1,0,0,0,0,0,0,0,0,6,V1-偏好专业优先线索,R2-P1页列集中核,H0-无同代码历史线索,0,,,141,left,1.01 水利水电工程（办学地点：湖州南浔校[M-c2a831867128c0a4]；2.02 农业水利工程（办学地点：湖州南浔校[M-c95cd5575b84b34a]；3.03 水文与水资源工程（办学地点：湖州南浔校区）[M-00493aa6b002529d]；4.04 机械设计制造及其自动化（办学地点：湖州南浔校区）[M-128f019b5412052a]；5.05 材料成型及控制工程（办学地点：湖州南浔校区）[M-6b2722c96c905ad0]；6.0G 软件工程（办学地点：湖州南浔校区）[M-e51caa0828d974e8],按页列集中核字段缺口，再接湖北官方计划和高校官网辅证。,同一页列若发现结构错误，整页列升级核验。,G-3ef96b8e1b7f69ce,STABLEGROUP-0dd2a0498845e1ad
R2GROUP-752cc97ae29373f2,专项,S2-农业/环境专项了解,稳冲观察,true,false,命中方向：环境1个；历史线索：H3-历史最高线高于等位分15分内；本轮口径：公办/普通学费线索；所有结论仍需原页、官方侧和章程核验,仍需完整组核验；专项方向只进入了解池，不与普通主线混排,回看第19期原页和完整专业组；核湖北官方系统/省招办计划；核高校招生章程、学费、计划数、选科、校区、语种/单科/体检限制和调剂范围。,无新增体检自动阻断线索；仍需按最终入围专业逐项核章程。,,H322,赣南师范大学,H32208,08,,非民办线索-教育部名单未备注民办,继续核公办普通学费-非民办线索,普通备选待了解-未命中当前偏好且未触发自动阻断,可进入人工调剂接受度判断,0,0,0,0,0,0,0,0,0,0,0,1,0,0,0,0,3,V3-历史线索普通留存,R2-P1页列集中核,H3-历史最高线高于等位分15分内,1,11,11,158,right,1.23 环境科学（办学地点：蓉江校区）[M-42f1256ef98b4882]；2.24 能源与环境系统工程（办学地点：蓉江校区）[M-decc02fd3928e7c7]；3.25 土地科学与技术（办学地点：蓉江校[M-56d62d86d5ff45a0],按页列集中核字段缺口，再接湖北官方计划和高校官网辅证。,同一页列若发现结构错误，整页列升级核验。,G-0c8b6406b5f4ab3b,STABLEGROUP-79c5d3434fc4886e
R2GROUP-7c6819f42137ae5c,专项,S2-农业/环境专项了解,稳冲观察,true,false,命中方向：环境1个；历史线索：H3-历史最高线高于等位分15分内；本轮口径：公办/普通学费线索；所有结论仍需原页、官方侧和章程核验,仍需完整组核验；专项方向只进入了解池，不与普通主线混排,回看第19期原页和完整专业组；核湖北官方系统/省招办计划；核高校招生章程、学费、计划数、选科、校区、语种/单科/体检限制和调剂范围。,无新增体检自动阻断线索；仍需按最终入围专业逐项核章程。,,F389,内蒙古师范大学,F38905,05,,非民办线索-教育部名单未备注民办,继续核公办普通学费-非民办线索,普通备选待了解-未命中当前偏好且未触发自动阻断,可进入人工调剂接受度判断,0,0,0,0,0,0,0,0,0,0,0,1,0,0,0,0,1,V3-历史线索普通留存,R4-P3低风险抽检,H3-历史最高线高于等位分15分内,1,12,12,112,left,1.05 环境科学（办学地点：盛乐校区）[M-95aff267c70f06b0],保留为机器初筛观察池，等官方计划或人工抽检结果后再排序。,低风险抽检发现异常时升级同页列/同校/同组。,G-0771ff9574b79485,STABLEGROUP-4cfcd2c55b4a1929
