重点核验序号,重点核验状态,压缩结论,入选或暂缓理由,城市偏好提示,核验优先级,建议家庭动作,是否可作为定稿依据,组内硬排除专业数,城市,院校代码,院校名称,院校专业组代码,冲稳保,历史线索分层,同代码命中年份数,2025投档分,2025等位分差,2024投档分,2024等位分差,2023投档分,2023等位分差,专业明细行数,数字媒体技术专业数,计算机类相关专业数,计算机AI软件专业数,电子信息网络专业数,机械自动化机器人专业数,师范类相关专业数,环境工程科学专业数,农业不含动物相关专业数,工商旅游管理专业数,特殊限制待核专业数,调剂初判,完整专业组接受度初判,组内专业摘录,办学地点线索,来源页码,版面列,机器核验下一步,人工核验下一步,下一步核验动作,专业组出现ID,第四轮候选ID
,暂缓,暂缓保留在Round4优先120组备选,组内存在1条当前硬排除或医学护理相关风险，服从调剂前先暂缓；稳妥观察本轮名额已优先用于分数/方向/城市综合分更高的组；城市未命中当前优先城市，只保留为备选,非当前优先城市；只作为录取梯度、学校和专业匹配讨论,P1-稳妥主力先核,暂不投入人工核验时间；家庭点名喜欢时再拉回,false,1,庆阳市,K577,陇东学院,K57703,稳妥观察,H2-历史最高线不高于等位分,2,,,495,495-497=-2,477,477-481=-4,18,0,3,3,1,3,2,1,2,0,0,调剂风险线索-组内存在默认不能接受专业,主线机器门禁通过，仍需完整专业组人工核验。,1.07 化学（师范类）[M-0d7935d423fd3348]；2.08 过程装备与控制工程[M-4edba993b16b4710]；3.09 化学工程与工艺[M-8ba4934e001a2ac8]；4.10 石油工程卫1生物制药[M-a0e9b4f33a3c31cb]；5.12 食品科学与工程[M-1ff6ffd50d39250f]；6.13 农学（农林类）[M-b78db898dc601b06]；7.14 农业资源与环境（农林类）[M-49b140336aab494b]；8.15 土木工程[M-ad92b1a0d15a6606]；9.16 智能建造[M-41cb26e6908b980a]；10.17 计算机科学与技术[M-21897212acaf512a]；11.18 物联网工程[M-a7fef31f1bba1408]；12.19 人工智能[M-2d571319c5fcb48c]；13.20 物理学（师范炎）[M-44cc2eafb091e5e2]；14.21 电气工程及其自动化[M-14da227ed7d55b89]；15.22 安全工程[M-20a9cd79a0088b9e]；16.23 新能源科学与工程[M-8164c3aef8f04273]；17.24 机械设计制造及其自动化[M-aecb482cfc3d6568]；18.25 机器人工程[M-3fc2404e46ed5009],,229,right,先核家庭底线风险，不把该组放入主方案。,仅在保底不足或家庭明确可接受时再核整组。,核第19期原页和完整专业组；核湖北官方系统/省招办计划；核高校招生章程、学费、计划数、选科、校区、语种/单科/体检限制和调剂范围。,G-0387b85c737381ef,R4GROUP-a8c5c4a43adfc8e5
,暂缓,暂缓保留在Round4优先120组备选,组内存在3条当前硬排除或医学护理相关风险，服从调剂前先暂缓；稳妥观察本轮名额已优先用于分数/方向/城市综合分更高的组；城市未命中当前优先城市，只保留为备选,非当前优先城市；只作为录取梯度、学校和专业匹配讨论,P1-稳妥主力先核,暂不投入人工核验时间；家庭点名喜欢时再拉回,false,3,巴音郭楞蒙古自治州,K782,新疆科技学院,K78206,稳妥观察,H2-历史最高线不高于等位分,3,408,408-494=-86,491,491-497=-6,468,468-481=-13,18,1,6,6,2,1,0,0,0,0,0,调剂风险线索-组内存在默认不能接受专业,主线机器门禁通过，仍需完整专业组人工核验。,1.17 旅游地学与规划工程（办学地点：金河校区）[M-c6f98d3f14ce7915]；2.18 计算机科学与技术（办学地点：鸿雁校[M-0b768172454237b0]；3.19 信息安全（办学地点：鸿雁校区）[M-f266f3005c7e9579]；4.20 软件工程（办学地点：鸿雁校区）[M-06974822212d5d65]；5.21 数字媒体技术（办学地点：鸿雁校区）[M-05514b4dad2b8b79]；6.22 医学信息工程（办学地点：鸿雁校区）[M-2f54d6f325bd3085]；7.23 物联网工程（办学地点：鸿雁校区）[M-78f666fccbe4bc97]；8.24 人工智能（办学地点：鸿雁校区）[M-73125e9cb711c7a6]；9.25 数据科学与大数据技术（办学地点：鸿雁校区）[M-6a790193f34422aa]；10.26 化学工程与工艺（办学地点：金河校[M-d2f32c1ca306711d]；11.27 纺织工程（办学地点：金河校区）[M-c9fd1bc9018dbbbb]；12.28 轻化工程（办学地点：金河校区）[M-673e4e64eda8449e]；13.29 精细化工（办学地点：金河校区）[M-cd5f55287f07bda4]；14.30 韭织造材料与工程（办学地点：金河校[M-3ee8db9bcad66b8b]；15.31 机械设计制造及其自动化（办学地点：金河校区）[M-02b7a90138603e0a]；16.32 石油工程（办学地点：金河校区）[M-3a4e60f053eea4f4]；17.33 药学（办学地点：鸿雁校区）[M-cd3b9d72b97927f2]；18.34 中药资源与开发（办学地点：鸿雁校[M-a02c9ec8cddba13a],金河校区；鸿雁校区,237,left,先核家庭底线风险，不把该组放入主方案。,仅在保底不足或家庭明确可接受时再核整组。,核第19期原页和完整专业组；核湖北官方系统/省招办计划；核高校招生章程、学费、计划数、选科、校区、语种/单科/体检限制和调剂范围。,G-ea10f4bfbea155bc,R4GROUP-56c7bf6fa0e7e857
,暂缓,暂缓保留在Round4优先120组备选,组内存在1条当前硬排除或医学护理相关风险，服从调剂前先暂缓；冲刺观察本轮名额已优先用于分数/方向/城市综合分更高的组；城市未命中当前优先城市，只保留为备选,非当前优先城市；只作为录取梯度、学校和专业匹配讨论,P3-冲刺择优核,暂不投入人工核验时间；家庭点名喜欢时再拉回,false,1,湘潭市,H679,湖南工程学院,H67903,冲刺观察,H4-历史最高线高于等位分16-30分,2,519,519-494=+25,508,508-497=+11,,,18,0,4,4,2,5,0,0,0,0,0,调剂风险线索-组内存在默认不能接受专业,主线机器门禁通过，仍需完整专业组人工核验。,1.08 电气工程及其自动化[M-197b1ba3da3105eb]；2.09 电子信息工程[M-93399325f3f216cc]；3.10 新能源科学与工程三1机械设计制造及其自动化[M-e554d345009ca849]；4.12 材料成型及控制工程[M-e9d6a70bcf820f8b]；5.13 机械电子工程[M-7adbf2255d8ecc57]；6.14 紡织工程[M-836f7e26db6618ff]；7.15 非织造材料与工程[M-6b90b046f60d4eb1]；8.16 化学工程与工艺[M-64a28854676d80e0]；9.17 应用化学[M-736ae746274f64da]；10.18 功能材料[M-39039a33f24f4b7f]；11.19 计算机科学与技术[M-c3565e10195d3c2d]；12.20 通信工程[M-cb9ae814c5a8b8ff]；13.21 软件工程[M-4b6dd6fdccdc4e99]；14.22 数据科学与大数据技术[M-7aca140e09101fd7]；15.23 建筑环境与能源应用工程[M-1503c8eb581b8ab9]；16.24 机器人工程[M-7b7d9e9b36024d18]；17.25 机械设计制造及其自动化（医疗器械装备创新班）[M-fcb235bafddcc502]；18.26 人工智能（未来智能技术卓越班）[M-58c17bb4c72c03f2],,183,left,先核家庭底线风险，不把该组放入主方案。,仅在保底不足或家庭明确可接受时再核整组。,核第19期原页和完整专业组；核湖北官方系统/省招办计划；核高校招生章程、学费、计划数、选科、校区、语种/单科/体检限制和调剂范围。,G-7e69be86d42b432f,R4GROUP-46bde28b5f345eea
,暂缓,暂缓保留在Round4优先120组备选,稳冲观察本轮名额已优先用于分数/方向/城市综合分更高的组；城市未命中当前优先城市，只保留为备选,非当前优先城市；只作为录取梯度、学校和专业匹配讨论,P2-稳冲择优核,暂不投入人工核验时间；家庭点名喜欢时再拉回,false,0,呼和浩特市,F386,内蒙古工业大学,F38603,稳冲观察,H3-历史最高线高于等位分15分内,3,490,490-494=-4,507,507-497=+10,485,485-481=+4,2,0,2,2,0,0,0,0,0,0,0,可进入人工调剂接受度判断,主线机器门禁通过，仍需完整专业组人工核验。,1.03 计算机科学与技术（办学地点：金川校[M-f160745e4ac48b85]；2.04 人工智能（办学地点：金川校区）[M-9da4ff3d1856b4a8],金川校区,111,right,按页列集中核字段缺口，再接湖北官方计划和高校官网辅证。,同一页列若发现结构错误，整页列升级核验。,核第19期原页和完整专业组；核湖北官方系统/省招办计划；核高校招生章程、学费、计划数、选科、校区、语种/单科/体检限制和调剂范围。,G-65ebf80b76a3cd35,R4GROUP-ffdd6f542651646f
,暂缓,暂缓保留在Round4优先120组备选,稳冲观察本轮名额已优先用于分数/方向/城市综合分更高的组；城市未命中当前优先城市，只保留为备选,非当前优先城市；只作为录取梯度、学校和专业匹配讨论,P2-稳冲择优核,暂不投入人工核验时间；家庭点名喜欢时再拉回,false,0,南宁市,H909,广西财经学院,H90904,稳冲观察,H3-历史最高线高于等位分15分内,3,498,498-494=+4,492,492-497=-5,473,473-481=-8,4,0,3,3,0,0,0,0,0,0,0,暂不判断-组内结构异常需先核页,组内结构需先核,1.09 统计学（第一学年在武鸣校区，第二至第四学年在明秀或相思湖校区）[M-dc8f8c7c5cfa61f4]；2.10 数据科学（第一学年在武鸣校区，第二至第四学年在明秀或相思湖校区）[M-9eee94e1d51c959a]；3.11 计算机科学与技术（第一学年在武鸣校区，第二至第四学年在明秀或相思湖校区）[M-0ce10aa44ebae30d]；4.12 人工智能（第一学年在武鸣校区，第二至第四学年在明秀或相思湖校区）[M-b7efe1507617497a],第一学年在武鸣校区；至第四学年在明秀或相思湖校区,198,left,按P0优先核PDF原页结构、字段缺口和官网冲突。,整组所有专业都要核，不能只核拟填6个专业。,核第19期原页和完整专业组；核湖北官方系统/省招办计划；核高校招生章程、学费、计划数、选科、校区、语种/单科/体检限制和调剂范围。,G-475c4a184d9f8dbd,R4GROUP-8f96ccd7dfbbd62f
,暂缓,暂缓保留在Round4优先120组备选,稳妥观察本轮名额已优先用于分数/方向/城市综合分更高的组,次级可讨论城市：郑州市,P1-稳妥主力先核,暂不投入人工核验时间；家庭点名喜欢时再拉回,false,0,郑州市,H574,河南工程学院,H57404,稳妥观察,H2-历史最高线不高于等位分,3,491,491-494=-3,488,488-497=-9,480,480-481=-1,11,0,0,0,2,1,0,1,0,0,0,可进入人工调剂接受度判断,主线机器门禁通过，仍需完整专业组人工核验。,1.07 数学与应用数学（办学地点：龙湖校[M-e71f3f83a3f2a4fc]；2.08 信息与计算科学（办学地点：龙湖校杂引及趣业代号区）[M-bacafe1c3f85ed49]；3.09 应用物理学（办学地点：龙湖校区）[M-14cab87041855971]；4.10 电气工程及其自动化（办学地点：龙湖校区）二1电子科学与技术（办学地点：龙湖校[M-9e12ef21fd87f195]；5.12 通信工程（办学地点：龙湖校区）[M-939ddb910753e9d6]；6.13 土木工程（办学地点：龙湖校区）[M-f057f08b9a2940e7]；7.14 化学工程与工艺（办学地点：桐柏路校[M-cac985a9290b4e11]；8.15 资源勘查工程（办学地点：龙湖校区）[M-474aebf882cd5b79]；9.16 环境工程（办学地点：龙湖校区）[M-c55bb3cb1b4dd626]；10.17 安全工程（办学地点：龙湖校区）[M-c7b4f37909099801]；11.18 智能车辆工程（办学地点：龙湖校区）[M-dec7cacbd9f319ee],龙湖校区,176,right,按P0优先核PDF原页结构、字段缺口和官网冲突。,整组所有专业都要核，不能只核拟填6个专业。,核第19期原页和完整专业组；核湖北官方系统/省招办计划；核高校招生章程、学费、计划数、选科、校区、语种/单科/体检限制和调剂范围。,G-5709d8125378cca1,R4GROUP-43ae162de1115599
,暂缓,暂缓保留在Round4优先120组备选,稳妥观察本轮名额已优先用于分数/方向/城市综合分更高的组；城市未命中当前优先城市，只保留为备选,非当前优先城市；只作为录取梯度、学校和专业匹配讨论,P1-稳妥主力先核,暂不投入人工核验时间；家庭点名喜欢时再拉回,false,0,巴音郭楞蒙古自治州,K782,新疆科技学院,K78205,稳妥观察,H2-历史最高线不高于等位分,3,465,465-494=-29,490,490-497=-7,470,470-481=-11,5,0,1,1,0,0,0,0,0,1,0,可进入人工调剂接受度判断,主线机器门禁通过，仍需完整专业组人工核验。,1.12 数字经济（办学地点：鸿雁校区）[M-ac8ceeeb48ef3fa7]；2.13 金融科技（办学地点：鸿雁校区）[M-f4d0357a7f26db48]；3.14 大数据管理与应用（办学地点：鸿雁校区）[M-09687f19b394e4b2]；4.15 物流工程（办学地点：鸿雁校区）[M-f93134d79b6ede6a]；5.16 电子商务（办学地点：鸿雁校区）[M-34142fd6864c12a6],鸿雁校区,237,left,按页列集中核字段缺口，再接湖北官方计划和高校官网辅证。,同一页列若发现结构错误，整页列升级核验。,核第19期原页和完整专业组；核湖北官方系统/省招办计划；核高校招生章程、学费、计划数、选科、校区、语种/单科/体检限制和调剂范围。,G-1179396e0cacf442,R4GROUP-904a9e218f6d3de7
,暂缓,暂缓保留在Round4优先120组备选,稳妥观察本轮名额已优先用于分数/方向/城市综合分更高的组；城市未命中当前优先城市，只保留为备选,非当前优先城市；只作为录取梯度、学校和专业匹配讨论,P1-稳妥主力先核,暂不投入人工核验时间；家庭点名喜欢时再拉回,false,0,南阳市,H576,南阳理工学院,H57613,稳妥观察,H2-历史最高线不高于等位分,1,475,475-494=-19,,,,,1,0,1,1,0,0,0,0,0,0,0,可进入人工调剂接受度判断,主线机器门禁通过，仍需完整专业组人工核验。,1.25 软件工程（智能软件开发方向）[M-edf8665ccd9f1beb],,177,left,先自动核高校官网/章程来源，再人工确认费用、校区、调剂范围。,官网只作辅证，不能替代湖北省招办计划。,核第19期原页和完整专业组；核湖北官方系统/省招办计划；核高校招生章程、学费、计划数、选科、校区、语种/单科/体检限制和调剂范围。,G-f1282fdd04bf7b63,R4GROUP-f9ed37ce8df60d15
,暂缓,暂缓保留在Round4优先120组备选,稳妥观察本轮名额已优先用于分数/方向/城市综合分更高的组；城市未命中当前优先城市，只保留为备选,非当前优先城市；只作为录取梯度、学校和专业匹配讨论,P1-稳妥主力先核,暂不投入人工核验时间；家庭点名喜欢时再拉回,false,0,哈尔滨市,F704,黑龙江工程学院,F70403,稳妥观察,H2-历史最高线不高于等位分,3,487,487-494=-7,487,487-497=-10,481,481-481=+0,4,0,1,1,0,0,0,0,0,0,0,可进入人工调剂接受度判断,主线机器门禁通过，仍需完整专业组人工核验。,1.06 交通运输类（交通运输、交通工程）[M-682479cadf6e4e40]；2.07 数据科学与大数据技术[M-4d27f07a0ac17002]；3.08 生木类（土木工程、道路桥梁与菠河工[M-67b827dd44963ea9]；4.09 高分子材料与工程[M-7acc00b24477483c],,127,right,按页列集中核字段缺口，再接湖北官方计划和高校官网辅证。,同一页列若发现结构错误，整页列升级核验。,核第19期原页和完整专业组；核湖北官方系统/省招办计划；核高校招生章程、学费、计划数、选科、校区、语种/单科/体检限制和调剂范围。,G-80eeafc2cc95e28c,R4GROUP-90b343bf122c9241
,暂缓,暂缓保留在Round4优先120组备选,稳妥观察本轮名额已优先用于分数/方向/城市综合分更高的组；城市未命中当前优先城市，只保留为备选,非当前优先城市；只作为录取梯度、学校和专业匹配讨论,P1-稳妥主力先核,暂不投入人工核验时间；家庭点名喜欢时再拉回,false,0,哈尔滨市,F696,哈尔滨学院,F69604,稳妥观察,H2-历史最高线不高于等位分,2,480,480-494=-14,483,483-497=-14,,,5,0,1,1,0,0,0,0,0,0,0,可进入人工调剂接受度判断,主线机器门禁通过，仍需完整专业组人工核验。,1.10 智能建造[M-bc73f96173ffb33e]；2.11 土木工程[M-693e1809d0d8cee9]；3.12 城市地下空间工程[M-04e9526b21613de1]；4.13 电气工程与智能控制[M-2693545eb39c487f]；5.14 人工智能[M-07323152f5f7493e],,126,right,按页列集中核字段缺口，再接湖北官方计划和高校官网辅证。,同一页列若发现结构错误，整页列升级核验。,核第19期原页和完整专业组；核湖北官方系统/省招办计划；核高校招生章程、学费、计划数、选科、校区、语种/单科/体检限制和调剂范围。,G-2ffa51d8da6e79de,R4GROUP-31eeef0d96632d66
,暂缓,暂缓保留在Round4优先120组备选,稳冲观察本轮名额已优先用于分数/方向/城市综合分更高的组；城市未命中当前优先城市，只保留为备选；存在特殊限制待核，先不占用第一核验位,非当前优先城市；只作为录取梯度、学校和专业匹配讨论,P2-稳冲择优核,暂不投入人工核验时间；家庭点名喜欢时再拉回,false,0,宜春市,H321,宜春学院,H32107,稳冲观察,H3-历史最高线高于等位分15分内,1,,,,,483,483-481=+2,2,0,2,2,0,0,1,0,0,0,1,暂不判断-特殊限制待核,主线机器门禁通过，仍需完整专业组人工核验。,1.12 计算机科学与技术（不招单色识别不全者；办学地点：本部校区）[M-09b73a4cc142a1b2]；2.13 软件工程（办学地点：本部校区）H322 赣南师范大学（公办）（江西）[M-8e4b67ee72353453],本部校区,158,left,按P0优先核PDF原页结构、字段缺口和官网冲突。,整组所有专业都要核，不能只核拟填6个专业。,核第19期原页和完整专业组；核湖北官方系统/省招办计划；核高校招生章程、学费、计划数、选科、校区、语种/单科/体检限制和调剂范围。,G-834a4bea5026736b,R4GROUP-ce1703834ae3d736
,暂缓,暂缓保留在Round4优先120组备选,稳妥观察本轮名额已优先用于分数/方向/城市综合分更高的组；城市未命中当前优先城市，只保留为备选,非当前优先城市；只作为录取梯度、学校和专业匹配讨论,P1-稳妥主力先核,暂不投入人工核验时间；家庭点名喜欢时再拉回,false,0,廊坊市,F192,廊坊师范学院,F19202,稳妥观察,H2-历史最高线不高于等位分,3,480,480-494=-14,497,497-497=+0,480,480-481=-1,4,0,0,0,0,0,2,0,0,1,0,可进入人工调剂接受度判断,主线机器门禁通过，仍需完整专业组人工核验。,1.05 学前教育（师范类；办学地点：廊坊校[M-27660ebcc50bac90]；2.06 新闻学（办学地点：廊坊校区）[M-d73bee87d264c211]；3.07 历史学（师范类；办学地点：廊坊校区）[M-499d72dd2f774902]；4.08 会计学（办学地点：空港校区）XGAAI专业组及专业[M-7110a2c5f3beaddb],廊坊校区；空港校区,101,right,按P0优先核PDF原页结构、字段缺口和官网冲突。,整组所有专业都要核，不能只核拟填6个专业。,核第19期原页和完整专业组；核湖北官方系统/省招办计划；核高校招生章程、学费、计划数、选科、校区、语种/单科/体检限制和调剂范围。,G-e63fb5861f1dcee2,R4GROUP-a81339ee442bfbac
,暂缓,暂缓保留在Round4优先120组备选,稳妥观察本轮名额已优先用于分数/方向/城市综合分更高的组；城市未命中当前优先城市，只保留为备选,非当前优先城市；只作为录取梯度、学校和专业匹配讨论,P1-稳妥主力先核,暂不投入人工核验时间；家庭点名喜欢时再拉回,false,0,天水市,K578,天水师范大学,K57803,稳妥观察,H2-历史最高线不高于等位分,1,493,493-494=-1,,,,,4,0,0,0,0,0,2,0,0,0,0,可进入人工调剂接受度判断,主线机器门禁通过，仍需完整专业组人工核验。,1.04 化学（师范类）[M-e2e7dccf73fc5f4a]；2.05 数学与应用数学（师范类）[M-02639ec1927a08bd]；3.06 材料成型及控制工程[M-2b6732aa743288e6]；4.07 测绘工程[M-4e11c765ffc71dec],,229,right,按页列集中核字段缺口，再接湖北官方计划和高校官网辅证。,同一页列若发现结构错误，整页列升级核验。,核第19期原页和完整专业组；核湖北官方系统/省招办计划；核高校招生章程、学费、计划数、选科、校区、语种/单科/体检限制和调剂范围。,G-5222b0d36a3b95c2,R4GROUP-d206b412b1ae715b
,暂缓,暂缓保留在Round4优先120组备选,稳妥观察本轮名额已优先用于分数/方向/城市综合分更高的组；城市未命中当前优先城市，只保留为备选,非当前优先城市；只作为录取梯度、学校和专业匹配讨论,P1-稳妥主力先核,暂不投入人工核验时间；家庭点名喜欢时再拉回,false,0,银川市,A207,北方民族大学,A20709,稳妥观察,H2-历史最高线不高于等位分,3,485,485-494=-9,497,497-497=+0,479,479-481=-2,4,0,1,1,0,0,0,0,0,0,0,可进入人工调剂接受度判断,主线机器门禁通过，仍需完整专业组人工核验。,1.37 信息与计算科学[M-bddfe99340a08647]；2.38 数学与应用数学[M-a740f14838ad81d0]；3.39 统计学[M-21075ae8d509774c]；4.40 数据科学与大数据技术[M-5591813d562ea248],,58,left,按页列集中核字段缺口，再接湖北官方计划和高校官网辅证。,同一页列若发现结构错误，整页列升级核验。,核第19期原页和完整专业组；核湖北官方系统/省招办计划；核高校招生章程、学费、计划数、选科、校区、语种/单科/体检限制和调剂范围。,G-1553d54f9a9f074e,R4GROUP-26b3f06b9a49c48f
,暂缓,暂缓保留在Round4优先120组备选,稳妥观察本轮名额已优先用于分数/方向/城市综合分更高的组；城市未命中当前优先城市，只保留为备选,非当前优先城市；只作为录取梯度、学校和专业匹配讨论,P1-稳妥主力先核,暂不投入人工核验时间；家庭点名喜欢时再拉回,false,0,凉山彝族自治州,K157,西昌学院,K15703,稳妥观察,H2-历史最高线不高于等位分,1,490,490-494=-4,,,,,2,0,0,0,1,1,0,0,0,0,0,可进入人工调剂接受度判断,主线机器门禁通过，仍需完整专业组人工核验。,1.05 电气工程及其自动化（办学地点：安宁[M-be87fe2d3dc80a21]；2.06 电子信息工程（办学地点：安宁校区）[M-dec8fa390cd56322],安宁校区,210,right,按页列集中核字段缺口，再接湖北官方计划和高校官网辅证。,同一页列若发现结构错误，整页列升级核验。,核第19期原页和完整专业组；核湖北官方系统/省招办计划；核高校招生章程、学费、计划数、选科、校区、语种/单科/体检限制和调剂范围。,G-34b454fb2083287f,R4GROUP-fd71999ec4905d3b
,暂缓,暂缓保留在Round4优先120组备选,稳妥观察本轮名额已优先用于分数/方向/城市综合分更高的组；城市未命中当前优先城市，只保留为备选,非当前优先城市；只作为录取梯度、学校和专业匹配讨论,P1-稳妥主力先核,暂不投入人工核验时间；家庭点名喜欢时再拉回,false,0,汉中市,K472,陕西理工大学,K47208,稳妥观察,H2-历史最高线不高于等位分,1,,,,,476,476-481=-5,2,0,0,0,0,2,0,0,0,0,0,可进入人工调剂接受度判断,主线机器门禁通过，仍需完整专业组人工核验。,1.16 电气工程及其自动化[M-4dcc0252d2ed6279]；2.17 自动化[M-bb6385cd1c1ed550],,225,left,按页列集中核字段缺口，再接湖北官方计划和高校官网辅证。,同一页列若发现结构错误，整页列升级核验。,核第19期原页和完整专业组；核湖北官方系统/省招办计划；核高校招生章程、学费、计划数、选科、校区、语种/单科/体检限制和调剂范围。,G-9f2465243e418245,R4GROUP-2b6b28855b494618
,暂缓,暂缓保留在Round4优先120组备选,稳妥观察本轮名额已优先用于分数/方向/城市综合分更高的组；城市未命中当前优先城市，只保留为备选；存在特殊限制待核，先不占用第一核验位,非当前优先城市；只作为录取梯度、学校和专业匹配讨论,P1-稳妥主力先核,暂不投入人工核验时间；家庭点名喜欢时再拉回,false,0,荆门市,C139,荆楚理工学院,C13904,稳妥观察,H2-历史最高线不高于等位分,2,479,479-494=-15,495,495-497=-2,,,10,0,0,0,0,0,4,0,0,2,2,暂不判断-特殊限制待核,主线机器门禁通过，仍需完整专业组人工核验。,1.Z1 X院校专业组及专业代号[M-10b595c969f09f39]；2.15 科学教育（师范类）[M-60c83c1998dc1ee7]；3.16 学前教育（师范类）[M-0e0be1005e359738]；4.17 小学教育（师范类）[M-8780891b8ea90dbe]；5.18 网络与新媒体[M-126c16c55045a49a]；6.19 财务管理[M-c86ea91746875a97]；7.20 物流管理[M-68645cae55b69e0a]；8.21 数字经济[M-159d51cc0aed85ac]；9.22 英语（师范类；外语语种：英语）[M-5a67a45be9bd6776]；10.23 商务英语（外语语种：英语）[M-a332ceb0a9b3f368],,79,right,按P0优先核PDF原页结构、字段缺口和官网冲突。,整组所有专业都要核，不能只核拟填6个专业。,核第19期原页和完整专业组；核湖北官方系统/省招办计划；核高校招生章程、学费、计划数、选科、校区、语种/单科/体检限制和调剂范围。,G-9def6a5a21eb51d6,R4GROUP-933c38a421cf688b
,暂缓,暂缓保留在Round4优先120组备选,稳妥观察本轮名额已优先用于分数/方向/城市综合分更高的组；城市未命中当前优先城市，只保留为备选,非当前优先城市；只作为录取梯度、学校和专业匹配讨论,P1-稳妥主力先核,暂不投入人工核验时间；家庭点名喜欢时再拉回,false,0,哈尔滨市,F696,哈尔滨学院,F69603,稳妥观察,H2-历史最高线不高于等位分,1,480,480-494=-14,,,,,4,0,0,0,0,0,1,0,0,2,0,可进入人工调剂接受度判断,主线机器门禁通过，仍需完整专业组人工核验。,1.06 小学教育（师范类）[M-e22048107f802854]；2.07 商务经济学[M-8a71c5bbb5ecb9af]；3.08 会计学[M-4f6a8d7253cdc820]；4.09 旅游管理[M-a5fe82604af19911],,126,right,按页列集中核字段缺口，再接湖北官方计划和高校官网辅证。,同一页列若发现结构错误，整页列升级核验。,核第19期原页和完整专业组；核湖北官方系统/省招办计划；核高校招生章程、学费、计划数、选科、校区、语种/单科/体检限制和调剂范围。,G-138c426667d838bf,R4GROUP-fb9e89612f97e902
,暂缓,暂缓保留在Round4优先120组备选,组内存在3条当前硬排除或医学护理相关风险，服从调剂前先暂缓；稳妥观察本轮名额已优先用于分数/方向/城市综合分更高的组；城市未命中当前优先城市，只保留为备选,非当前优先城市；只作为录取梯度、学校和专业匹配讨论,P1-稳妥主力先核,暂不投入人工核验时间；家庭点名喜欢时再拉回,false,3,阿克苏地区,K779,新疆理工学院,K77903,稳妥观察,H2-历史最高线不高于等位分,2,467,467-494=-27,482,482-497=-15,,,32,1,2,2,3,4,0,0,0,0,0,调剂风险线索-组内存在默认不能接受专业,主线机器门禁通过，仍需完整专业组人工核验。,1.13 智慧水利[M-c7f27ed4e9fc1d7b]；2.14 土木工程[M-e27947d8ae0ea9a1]；3.15 智能建造[M-a2f970843ee0086e]；4.16 水文与水资源工程[M-f7c3e54136addfcd]；5.17 食品营养与检验教育[M-307fb90dd3c7f953]；6.18 食品安全与检测[M-565f36f9437e59b4]；7.19 食品卫生与营养学[M-ef0176f3cd42b6e6]；8.20 食品科学与工程[M-fd16ebff85bc7357]；9.21 信息与计算科学[M-5188f591a6cea37b]；10.22 应用物理学[M-c90717c10324dbb2]；11.23 机械设计制造及其自动化[M-baad839ae4b04b3d]；12.24 机械电子工程[M-f93cce94b286a7b8]；13.25 机器人工程[M-c05e542c665152c3]；14.26 电气工程及其自动化[M-af581406ddcaf646]；15.27 测控技术与仪器[M-91db0bb4e627a35a]；16.28 材料成型及控制工程[M-95800106dd891216]；17.29 纺织工程[M-e4df36b775c23497]；18.30 通信工程[M-13e9a4bf0eedb5b4]；19.31 计算机科学与技术[M-32d21b79fc6cf598]；20.32 智能科学与技术[M-e934d55262e1e997]；21.33 数字媒体技术[M-0ae549c5cc552c9e]；22.34 医学信息工程[M-1718d0f6eeb9ee17]；23.35 电子信息工程[M-67fa15f1907821b4]；24.36 低空技术与工程[M-609c26f9fef06754]；25.37 过程装备与控制工程[M-6e7cbb06ef8c89eb]；26.38 能源化学工程[M-991db8ad67d7ad31]；27.39 能源服务工程[M-99b382a943c648a6]；28.40 材料化学[M-b2ae93cc47b2abf7]；29.41 储能科学与工程[M-7618f05e6e06c1f1]；30.42 能源与环境系统工程[M-15b903a8527e15c4]；31.43 化学工程与工艺[M-60990a381bdee4b7]；32.44 化工安全工程K781 新疆第二医学院（公办）（新疆）[M-90fd3d7521baa33e],,236,right,先核家庭底线风险，不把该组放入主方案。,仅在保底不足或家庭明确可接受时再核整组。,核第19期原页和完整专业组；核湖北官方系统/省招办计划；核高校招生章程、学费、计划数、选科、校区、语种/单科/体检限制和调剂范围。,G-11987cdfba1d7cb7,R4GROUP-46b8b8b4ab477db9
,暂缓,暂缓保留在Round4优先120组备选,稳妥观察本轮名额已优先用于分数/方向/城市综合分更高的组；城市未命中当前优先城市，只保留为备选；当前专业方向匹配较弱,非当前优先城市；只作为录取梯度、学校和专业匹配讨论,P1-稳妥主力先核,暂不投入人工核验时间；家庭点名喜欢时再拉回,false,0,乌鲁木齐市,K755,新疆财经大学,K75503,稳妥观察,H2-历史最高线不高于等位分,3,484,484-494=-10,496,496-497=-1,473,473-481=-8,17,0,0,0,0,0,0,0,0,6,0,可进入人工调剂接受度判断,主线机器门禁通过，仍需完整专业组人工核验。,1.18 金融学[M-f03c4ef1f39ebfb6]；2.19 金融工程[M-695638a4e195323a]；3.20 保险学[M-ce2a99bdc00de329]；4.21 工商管理[M-c7fdfcdc322e608e]；5.22 会计学[M-00eda30bf9920ddc]；6.23 财务管理[M-3a4a989d7c5ef322]；7.24 审计学[M-015c4b80011eb879]；8.25 经济学[M-e4363f30c0b3494d]；9.26 敪字经济[M-d1735d8c54961491]；10.27 财政学[M-d561632684b42e03]；11.28 税收学[M-6b2893557e17734d]；12.29 行政管理（办学地点：北校区）[M-4ff81d294d7fcdb1]；13.30 旅游管理（办学地点：北校区）[M-c004bfaa6313019a]；14.31 酒店管理（办学地点：北校区）[M-21077cdf39ad3ab3]；15.32 国际经济与贸易[M-34b7569d6cac1662]；16.33 国际商务[M-c2e9d7ea6941d366]；17.34 电子商务[M-1228b9acd479c8d3],北校区,235,right,按页列集中核字段缺口，再接湖北官方计划和高校官网辅证。,同一页列若发现结构错误，整页列升级核验。,核第19期原页和完整专业组；核湖北官方系统/省招办计划；核高校招生章程、学费、计划数、选科、校区、语种/单科/体检限制和调剂范围。,G-fa79972ed51283db,R4GROUP-6250cc5002636c5d
,暂缓,暂缓保留在Round4优先120组备选,稳妥观察本轮名额已优先用于分数/方向/城市综合分更高的组；城市未命中当前优先城市，只保留为备选,非当前优先城市；只作为录取梯度、学校和专业匹配讨论,P1-稳妥主力先核,暂不投入人工核验时间；家庭点名喜欢时再拉回,false,0,廊坊市,F192,廊坊师范学院,F19203,稳妥观察,H2-历史最高线不高于等位分,3,476,476-494=-18,485,485-497=-12,479,479-481=-2,2,0,0,0,0,0,2,0,0,0,0,可进入人工调剂接受度判断,主线机器门禁通过，仍需完整专业组人工核验。,1.09 化学（师范类：办学地点：廊坊校区）[M-9be2ed885e527950]；2.10 生物科学类（生物科学（师范炎）、生物技术：办学地点：廊坊校区）F193 𧗽水学院（公办）（河北）[M-80bf00091127f8bb],廊坊校区,102,left,按页列集中核字段缺口，再接湖北官方计划和高校官网辅证。,同一页列若发现结构错误，整页列升级核验。,核第19期原页和完整专业组；核湖北官方系统/省招办计划；核高校招生章程、学费、计划数、选科、校区、语种/单科/体检限制和调剂范围。,G-45c66c099b17d08b,R4GROUP-7acacfd272492039
,暂缓,暂缓保留在Round4优先120组备选,稳冲观察本轮名额已优先用于分数/方向/城市综合分更高的组；城市未命中当前优先城市，只保留为备选,非当前优先城市；只作为录取梯度、学校和专业匹配讨论,P2-稳冲择优核,暂不投入人工核验时间；家庭点名喜欢时再拉回,false,0,黄石市,C138,湖北理工学院,C13812,稳冲观察,H3-历史最高线高于等位分15分内,3,481,481-494=-13,491,491-497=-6,493,493-481=+12,4,0,0,0,0,4,0,0,0,0,0,可进入人工调剂接受度判断,主线机器门禁通过，仍需完整专业组人工核验。,1.58 机械设计制造及其自动化[M-a4ca762a6e64fd95]；2.59 机械电子工程[M-1a15b062db5afdf1]；3.60 智能制造工程[M-6f7e7805227cc278]；4.61 机器人工程[M-ecf6099351018602],,79,right,按页列集中核字段缺口，再接湖北官方计划和高校官网辅证。,同一页列若发现结构错误，整页列升级核验。,核第19期原页和完整专业组；核湖北官方系统/省招办计划；核高校招生章程、学费、计划数、选科、校区、语种/单科/体检限制和调剂范围。,G-b874ab6ac519bb4a,R4GROUP-7c7c2754f750f063
,暂缓,暂缓保留在Round4优先120组备选,稳冲观察本轮名额已优先用于分数/方向/城市综合分更高的组；城市未命中当前优先城市，只保留为备选,非当前优先城市；只作为录取梯度、学校和专业匹配讨论,P2-稳冲择优核,暂不投入人工核验时间；家庭点名喜欢时再拉回,false,0,邵阳市,H671,邵阳学院,H67102,稳冲观察,H3-历史最高线高于等位分15分内,2,492,492-494=-2,503,503-497=+6,,,2,0,1,1,0,0,0,0,0,0,0,可进入人工调剂接受度判断,主线机器门禁通过，仍需完整专业组人工核验。,1.03 大数据管理与应用（办学地点：七里坪[M-0faf334aff2fd7be]；2.04 法学（办学地点：七里坪校区）[M-7c1589d072517955],七里坪校区,181,right,先自动核高校官网/章程来源，再人工确认费用、校区、调剂范围。,官网只作辅证，不能替代湖北省招办计划。,核第19期原页和完整专业组；核湖北官方系统/省招办计划；核高校招生章程、学费、计划数、选科、校区、语种/单科/体检限制和调剂范围。,G-c714047bc3296171,R4GROUP-fdf608fb0dbdcd18
,暂缓,暂缓保留在Round4优先120组备选,冲刺观察本轮名额已优先用于分数/方向/城市综合分更高的组；城市未命中当前优先城市，只保留为备选,非当前优先城市；只作为录取梯度、学校和专业匹配讨论,P3-冲刺择优核,暂不投入人工核验时间；家庭点名喜欢时再拉回,false,0,哈尔滨市,F685,黑龙江科技大学,F68503,冲刺观察,H4-历史最高线高于等位分16-30分,2,514,514-494=+20,524,524-497=+27,,,9,0,2,2,0,3,0,0,0,0,0,暂不判断-组内结构异常需先核页,组内结构需先核,1.05 应用化学[M-a116dc3f95872f15]；2.06 机械设计制造及其自动化[M-5179550d8cb092cf]；3.07 电气工程及其自动化[M-a5da18d1e8bec80e]；4.08 智能测控工程[M-2783fa4c700cc681]；5.09 自动化[M-0bda34643b71335a]；6.10 计算机科学与技术[M-68f24b9c98e42976]；7.11 数据科学与大数据技术[M-7c526963f838029b]；8.12 测绘工程[M-0392fd22eec0a020]；9.13 安全工程[M-55003711f7f0dec1],,124,right,按P0优先核PDF原页结构、字段缺口和官网冲突。,整组所有专业都要核，不能只核拟填6个专业。,核第19期原页和完整专业组；核湖北官方系统/省招办计划；核高校招生章程、学费、计划数、选科、校区、语种/单科/体检限制和调剂范围。,G-89ca75a8d299d341,R4GROUP-418bd628ac37293c
,暂缓,暂缓保留在Round4优先120组备选,稳冲观察本轮名额已优先用于分数/方向/城市综合分更高的组；城市未命中当前优先城市，只保留为备选,非当前优先城市；只作为录取梯度、学校和专业匹配讨论,P2-稳冲择优核,暂不投入人工核验时间；家庭点名喜欢时再拉回,false,0,韶关市,H775,韶关学院,H77505,稳冲观察,H3-历史最高线高于等位分15分内,3,484,484-494=-10,500,500-497=+3,478,478-481=-3,1,1,0,0,0,0,0,0,0,0,0,可进入人工调剂接受度判断,主线机器门禁通过，仍需完整专业组人工核验。,1.05 数字媒体技术（办学地点：韶乐园校[M-4b0cc9d74eef3c59],,187,right,按页列集中核字段缺口，再接湖北官方计划和高校官网辅证。,同一页列若发现结构错误，整页列升级核验。,核第19期原页和完整专业组；核湖北官方系统/省招办计划；核高校招生章程、学费、计划数、选科、校区、语种/单科/体检限制和调剂范围。,G-aed32fc724b7746b,R4GROUP-0649094bd8a9fcab
,暂缓,暂缓保留在Round4优先120组备选,稳妥观察本轮名额已优先用于分数/方向/城市综合分更高的组；城市未命中当前优先城市，只保留为备选,非当前优先城市；只作为录取梯度、学校和专业匹配讨论,P1-稳妥主力先核,暂不投入人工核验时间；家庭点名喜欢时再拉回,false,0,衡水市,F193,衡水学院,F19304,稳妥观察,H2-历史最高线不高于等位分,2,470,470-494=-24,484,484-497=-13,,,1,0,0,0,1,0,0,0,0,0,0,可进入人工调剂接受度判断,主线机器门禁通过，仍需完整专业组人工核验。,1.04 电子信息工程（办学地点：桃城校区）[M-8efdf900630c1907],桃城校区,102,left,保留为机器初筛观察池，等官方计划或人工抽检结果后再排序。,低风险抽检发现异常时升级同页列/同校/同组。,核第19期原页和完整专业组；核湖北官方系统/省招办计划；核高校招生章程、学费、计划数、选科、校区、语种/单科/体检限制和调剂范围。,G-7de675498d57f1ad,R4GROUP-16b0f26ad941a8b4
,暂缓,暂缓保留在Round4优先120组备选,冲刺观察本轮名额已优先用于分数/方向/城市综合分更高的组,次级可讨论城市：天津市,P3-冲刺择优核,暂不投入人工核验时间；家庭点名喜欢时再拉回,false,0,天津市,F098,天津职业技术师范大学,F09801,冲刺观察,H4-历史最高线高于等位分16-30分,2,514,514-494=+20,519,519-497=+22,,,6,0,0,0,1,1,5,0,0,0,0,暂不判断-组内结构异常需先核页,组内结构需先核,1.01 自动化（师范类）[M-900914afc9e7a27b]；2.03 无人驾驶航空器系统工程（师范类）[M-cb6cec6fe1d2f2a9]；3.04 新能源汽车工程（师范炎）[M-7816ea9556c46bef]；4.05 交通运输（师范类）[M-9a8ca8255e44758c]；5.06 数学与应用数学（师范类）[M-a7f1dd30a5332dc5]；6.07 电子科学与技术F099 天津外国语大学（公办）（天津）[M-387a5eea5ad975f6],,96,left,按P0优先核PDF原页结构、字段缺口和官网冲突。,整组所有专业都要核，不能只核拟填6个专业。,核第19期原页和完整专业组；核湖北官方系统/省招办计划；核高校招生章程、学费、计划数、选科、校区、语种/单科/体检限制和调剂范围。,G-f1718d0e8d4cccfc,R4GROUP-fd036213c2dc7160
,暂缓,暂缓保留在Round4优先120组备选,稳妥观察本轮名额已优先用于分数/方向/城市综合分更高的组；城市未命中当前优先城市，只保留为备选,非当前优先城市；只作为录取梯度、学校和专业匹配讨论,P1-稳妥主力先核,暂不投入人工核验时间；家庭点名喜欢时再拉回,false,0,黄冈市,C118,黄冈师范学院,C11813,稳妥观察,H2-历史最高线不高于等位分,1,494,494-494=+0,,,,,2,0,0,0,0,0,1,0,0,0,0,可进入人工调剂接受度判断,主线机器门禁通过，仍需完整专业组人工核验。,1.72 思想政治教育（师范类）[M-b3ced3c1e01933db]；2.73 政治学与行政学[M-ebb3d512b40f6137],,73,right,按页列集中核字段缺口，再接湖北官方计划和高校官网辅证。,同一页列若发现结构错误，整页列升级核验。,核第19期原页和完整专业组；核湖北官方系统/省招办计划；核高校招生章程、学费、计划数、选科、校区、语种/单科/体检限制和调剂范围。,G-d173668e07c7af3f,R4GROUP-d40b1f6bc1643ca7
,暂缓,暂缓保留在Round4优先120组备选,组内存在1条当前硬排除或医学护理相关风险，服从调剂前先暂缓；稳冲观察本轮名额已优先用于分数/方向/城市综合分更高的组；城市未命中当前优先城市，只保留为备选,非当前优先城市；只作为录取梯度、学校和专业匹配讨论,P2-稳冲择优核,暂不投入人工核验时间；家庭点名喜欢时再拉回,false,1,济南市,H455,山东管理学院,H45501,稳冲观察,H3-历史最高线高于等位分15分内,1,498,498-494=+4,,,,,6,0,2,2,1,1,0,0,0,0,0,调剂风险线索-组内存在默认不能接受专业,主线机器门禁通过，仍需完整专业组人工核验。,1.01 虚拟现实技术[M-e48724ae1e458823]；2.02 数据科学与大数据技术[M-8e563aeea0abe059]；3.03 电子信息工程[M-443b36a75e3efc35]；4.04 人工智能[M-c4cd381ce46030b0]；5.05 工业智能[M-032560c423e67473]；6.06 机器人工程H486 齐鲁医药学院（民办）（山东）[M-031ac1146653f467],,170,left,先核家庭底线风险，不把该组放入主方案。,仅在保底不足或家庭明确可接受时再核整组。,核第19期原页和完整专业组；核湖北官方系统/省招办计划；核高校招生章程、学费、计划数、选科、校区、语种/单科/体检限制和调剂范围。,G-dcfface6881291cb,R4GROUP-280d246e8e7e5ac3
,暂缓,暂缓保留在Round4优先120组备选,稳妥观察本轮名额已优先用于分数/方向/城市综合分更高的组；城市未命中当前优先城市，只保留为备选,非当前优先城市；只作为录取梯度、学校和专业匹配讨论,P1-稳妥主力先核,暂不投入人工核验时间；家庭点名喜欢时再拉回,false,0,通辽市,F390,内蒙古民族大学,F39007,稳妥观察,H2-历史最高线不高于等位分,1,,,,,479,479-481=-2,1,0,0,0,0,1,0,0,0,0,0,可进入人工调剂接受度判断,主线机器门禁通过，仍需完整专业组人工核验。,1.07 智能制造工程[M-ff248d449f969e8b],,112,left,保留为机器初筛观察池，等官方计划或人工抽检结果后再排序。,低风险抽检发现异常时升级同页列/同校/同组。,核第19期原页和完整专业组；核湖北官方系统/省招办计划；核高校招生章程、学费、计划数、选科、校区、语种/单科/体检限制和调剂范围。,G-acda47e9da674ef7,R4GROUP-e16ef600b6dac6c7
,暂缓,暂缓保留在Round4优先120组备选,稳冲观察本轮名额已优先用于分数/方向/城市综合分更高的组；城市未命中当前优先城市，只保留为备选；存在特殊限制待核，先不占用第一核验位,非当前优先城市；只作为录取梯度、学校和专业匹配讨论,P2-稳冲择优核,暂不投入人工核验时间；家庭点名喜欢时再拉回,false,0,上饶市,H320,上饶师范学院,H32003,稳冲观察,H3-历史最高线高于等位分15分内,3,477,477-494=-17,483,483-497=-14,488,488-481=+7,10,0,2,2,0,0,1,0,1,0,7,暂不判断-特殊限制待核,主线机器门禁通过，仍需完整专业组人工核验。,1.06 数据科学与大数据技术（不能准确在显示器上识别红、黄、兰、绿、紫各颜色中任何一种颜色的数码、字母者（不予录取）A◎A◎ZG院校专业组及专业代号[M-714c0a095e82677b]；2.07 人工智能[M-97fae4c85698e33a]；3.08 类曳傅息材料与器件（色盲、色弱考生[M-dc35ef3202b7617c]；4.09 化学（色盲、色弱考生不予录取）[M-f462c203afe79ff6]；5.10 应用化学（色盲、色弱考生不予录取）[M-0aef402589bf7a8f]；6.11 材料科学与工程（色直、色弱考生不予二在学校主校区学习大四将按照培养方案在弋阳校[M-ba733cd5f20c1e00]；7.12 生物科学（色盲、色弱考生不予录取）[M-43449428c14619e8]；8.14 智薏农业（大一、大二在学校主校区学习，大三、大四将按照培养方案在弋阳[M-aa82c94d0d020a52]；9.15 逼感科学与技术（色盲、色弱考生不予[M-2b697a90ff5edca5]；10.16 数学与应用数学（师范类）[M-e866dd877a243bab],色弱考生不予二在学校主校区；大二在学校主校区,157,right,按P0优先核PDF原页结构、字段缺口和官网冲突。,整组所有专业都要核，不能只核拟填6个专业。,核第19期原页和完整专业组；核湖北官方系统/省招办计划；核高校招生章程、学费、计划数、选科、校区、语种/单科/体检限制和调剂范围。,G-18c7c3f4af6abe8d,R4GROUP-0b6dfdf3dc5e0d1b
,暂缓,暂缓保留在Round4优先120组备选,冲刺观察本轮名额已优先用于分数/方向/城市综合分更高的组；存在特殊限制待核，先不占用第一核验位,次级可讨论城市：天津市,P3-冲刺择优核,暂不投入人工核验时间；家庭点名喜欢时再拉回,false,0,天津市,F105,天津城建大学,F10504,冲刺观察,H4-历史最高线高于等位分16-30分,2,521,521-494=+27,516,516-497=+19,,,19,0,2,2,2,1,0,1,0,0,5,暂不判断-特殊限制待核,主线机器门禁通过，仍需完整专业组人工核验。,1.08 土木工程[M-48b011eab3010b71]；2.09 城市地下空间工程[M-732547eeb37fccc0]；3.10 道路桥梁与波河工程[M-28b013f83ad66c66]；4.11 港口航道与海岸工程[M-459b1b6da6d9f90c]；5.12 交通工程（不招色盲、单色不识别的考[M-54fe9d41d6370f34]；6.13 建筑环境与能源应用工程[M-0a9b4a1452c0e556]；7.14 材料科学与工程（不招色弱、色盲、单色不识别的考生）[M-9f3a650d84f661b3]；8.15 智能材料与结构[M-5f243d27c4c8e03e]；9.16 给排水科学与工程[M-21290ebfd0f9ee30]；10.17 环境工程（不招色弱、色盲、单色不识别的考生）[M-873c73b2b5c15325]；11.18 电子信息类（电子信息工程：电子信息科学与技术）[M-c90e083e3eb2a107]；12.19 计算机类（计算机科学与技术：网络工程；物联网工程）[M-125023deb34979c0]；13.20 测绘工程[M-4f42757ffccc8129]；14.21 遥感科学与技术[M-16176809987ff4ba]；15.22 应用物理学（不招色盲、单色不识别的院校专业组及专业代号考生）[M-bc923687edbdd7a3]；16.23 应用化学（不招色弱、色盲、单色不识别的考生）[M-93b7f6dd8724bd60]；17.24 智能建造[M-b63c0127640e7182]；18.25 人工智能[M-080c39efbb1ee971]；19.26 智能制造工程[M-12487beb5d4f2172],,96,right,按P0优先核PDF原页结构、字段缺口和官网冲突。,整组所有专业都要核，不能只核拟填6个专业。,核第19期原页和完整专业组；核湖北官方系统/省招办计划；核高校招生章程、学费、计划数、选科、校区、语种/单科/体检限制和调剂范围。,G-79700ef52987db73,R4GROUP-0722c187467f09b3
,暂缓,暂缓保留在Round4优先120组备选,稳冲观察本轮名额已优先用于分数/方向/城市综合分更高的组；城市未命中当前优先城市，只保留为备选,非当前优先城市；只作为录取梯度、学校和专业匹配讨论,P2-稳冲择优核,暂不投入人工核验时间；家庭点名喜欢时再拉回,false,0,抚州市,H375,赣东学院,H37502,稳冲观察,H3-历史最高线高于等位分15分内,3,487,487-494=-7,493,493-497=-4,485,485-481=+4,2,0,1,1,0,0,0,0,0,0,0,可进入人工调剂接受度判断,主线机器门禁通过，仍需完整专业组人工核验。,1.03 工程管理（1）肢体残疾（不继续恶化）；（2）任何一眼矫正到4.8镜片度教大于800度的草符奋以上两种道形的考生，建议慎重报考测绘工程、遥感科学与技术、智能建造及工程管理专[M-d68a7def3a439733]；2.04 大数据管理与应用[M-9508373f76efd761],,161,right,先自动核高校官网/章程来源，再人工确认费用、校区、调剂范围。,官网只作辅证，不能替代湖北省招办计划。,核第19期原页和完整专业组；核湖北官方系统/省招办计划；核高校招生章程、学费、计划数、选科、校区、语种/单科/体检限制和调剂范围。,G-f1ea4a3a2bc0d286,R4GROUP-5179efdf0031ccff
,暂缓,暂缓保留在Round4优先120组备选,稳冲观察本轮名额已优先用于分数/方向/城市综合分更高的组；城市未命中当前优先城市，只保留为备选,非当前优先城市；只作为录取梯度、学校和专业匹配讨论,P2-稳冲择优核,暂不投入人工核验时间；家庭点名喜欢时再拉回,false,0,南阳市,H576,南阳理工学院,H57609,稳冲观察,H3-历史最高线高于等位分15分内,3,499,499-494=+5,506,506-497=+9,482,482-481=+1,2,0,1,1,0,0,0,0,0,0,0,可进入人工调剂接受度判断,主线机器门禁通过，仍需完整专业组人工核验。,1.16 人工智能[M-9459fc08dfb3647c]；2.17 工业软件[M-907fc6e08b784e38],,177,left,按页列集中核字段缺口，再接湖北官方计划和高校官网辅证。,同一页列若发现结构错误，整页列升级核验。,核第19期原页和完整专业组；核湖北官方系统/省招办计划；核高校招生章程、学费、计划数、选科、校区、语种/单科/体检限制和调剂范围。,G-b81298ecd508926b,R4GROUP-f916f9e3f3b8266a
,暂缓,暂缓保留在Round4优先120组备选,稳妥观察本轮名额已优先用于分数/方向/城市综合分更高的组；城市未命中当前优先城市，只保留为备选；当前专业方向匹配较弱,非当前优先城市；只作为录取梯度、学校和专业匹配讨论,P1-稳妥主力先核,暂不投入人工核验时间；家庭点名喜欢时再拉回,false,0,太原市,F309,太原学院,F30904,稳妥观察,H2-历史最高线不高于等位分,3,488,488-494=-6,494,494-497=-3,480,480-481=-1,5,0,0,0,0,0,0,0,0,2,0,可进入人工调剂接受度判断,主线机器门禁通过，仍需完整专业组人工核验。,1.06 建筑学（办学地点：汾东校区）[M-218e68917c3833a4]；2.07 风景园林（办学地点：汾东校区）[M-19c8379027ab07be]；3.08 跨境电子商务（办学地点：汾东校区）[M-78f006377c8a154c]；4.09 酒店管理（办学地点：汾东校区）[M-dbfd19d99772f1f9]；5.10 旅游管理与服务教育（办学地点：汾东[M-212ed13e690672b1],汾东校区,109,right,按页列集中核字段缺口，再接湖北官方计划和高校官网辅证。,同一页列若发现结构错误，整页列升级核验。,核第19期原页和完整专业组；核湖北官方系统/省招办计划；核高校招生章程、学费、计划数、选科、校区、语种/单科/体检限制和调剂范围。,G-23496a0b3d52eaac,R4GROUP-d9581be34bf267ae
,暂缓,暂缓保留在Round4优先120组备选,稳冲观察本轮名额已优先用于分数/方向/城市综合分更高的组；城市未命中当前优先城市，只保留为备选,非当前优先城市；只作为录取梯度、学校和专业匹配讨论,P2-稳冲择优核,暂不投入人工核验时间；家庭点名喜欢时再拉回,false,0,孝感市,C127,湖北工程学院,C12705,稳冲观察,H3-历史最高线高于等位分15分内,3,502,502-494=+8,488,488-497=-9,475,475-481=-6,6,0,0,0,0,3,0,0,0,0,0,可进入人工调剂接受度判断,主线机器门禁通过，仍需完整专业组人工核验。,1.21 新能源材料与器件[M-4fbd8284ccbc52a8]；2.22 高分子材料与工程[M-6292ed24fdaa8446]；3.23 材料科学与工程[M-b567e10bebb5026d]；4.24 机械设计制造及其自动化[M-dd009e5ade8b08d3]；5.25 机械电子工程[M-789b80c0c5b843d5]；6.26 智能制造工程[M-f7002ffdeb600577],,74,right,按页列集中核字段缺口，再接湖北官方计划和高校官网辅证。,同一页列若发现结构错误，整页列升级核验。,核第19期原页和完整专业组；核湖北官方系统/省招办计划；核高校招生章程、学费、计划数、选科、校区、语种/单科/体检限制和调剂范围。,G-7beded86a24638b0,R4GROUP-e8329f1083c97881
,暂缓,暂缓保留在Round4优先120组备选,冲刺观察本轮名额已优先用于分数/方向/城市综合分更高的组；城市未命中当前优先城市，只保留为备选；存在特殊限制待核，先不占用第一核验位,非当前优先城市；只作为录取梯度、学校和专业匹配讨论,P3-冲刺择优核,暂不投入人工核验时间；家庭点名喜欢时再拉回,false,0,景德镇市,H315,景德镇陶瓷大学,H31502,冲刺观察,H4-历史最高线高于等位分16-30分,2,520,520-494=+26,519,519-497=+22,,,11,0,2,2,1,1,0,1,1,0,5,暂不判断-特殊限制待核,主线机器门禁通过，仍需完整专业组人工核验。,1.03 无机非金属材料工程（除患有《普通高等学校招生体检工作指导意见》中第一部分所列严重疾病（严重心脏病、軍症支气管扩张、恶性肿瘤、严重精神单色病等）者学校不予录取外，色盲、识别不全均不予录取：办学地点：湘湖校区）[M-dafaa1f0250c2d7a]；2.04 环境工程（除患有《普通高等学校招生G◎◎[M-e2867b6e6e3ebf2f]；3.K AA完校代号体检工作指导意见》中第一部分所列严重疾病（严重心脏病、重症支气營扩张、恶性肿瘤、严車精神病等）者学校不千录取外，色弱、色育、单色识别不全均不予录取；办学地点：湘湖校区）[M-c50ea7f2fdfa8caf]；4.05 材料化学（除患有《普通高等学校招生体检工作指导意见，中第一部分所烈严童疾病（严重心脏病、重症支气管扩张、恶性肿瘤、严重精神病等）煮学校不予录取外，色弱、色直、单色识别不全均不予录取：办学地点：湘湖校区[M-aacaeb292c0f00f1]；5.06 材料物理（除患有《普通高等学校招生体检工作指导意见》中第一部分所列严童疾病（严重心脏病、重症支气管扒张、恶性肿瘤、严重精神病签）煮学校不子录取外，色真、单色识别不全均不予录取；办学地点：湘湖校区）[M-a62d61c712ae03d6]；6.07 粉体材料科学与工程（办学地点：湘湖[M-8a8ceef709511ea3]；7.08 新能源材料与器件（办学地点：湘湖校[M-be8e56aa63631336]；8.09 机械设计制造及其自动化（办学地点：湘湖校区）[M-d6c91e9235b8bcea]；9.10 电子科学与技术（办学地点：湘湖校计算机科学与技术（除患有《普通高等学校招生体检工作指导意见〉中第部分所列严重疾病（严重心脏病、重症恶性肿瘤、黑重精神病支气管扩张示器上识别红、一颜色数码/字母者不予录取；办学地点：湘湖校区）[M-affa333b6ee166d5]；10.12 信息与计算科学（办学地点：湘湖校[M-4217a77c4b4d180d]；11.13 人工智能（办学地点：湘湖校区）H316江西农业大学（公办）（江西）[M-821a212944c32d0a],湘湖校区,155,left,按P0优先核PDF原页结构、字段缺口和官网冲突。,整组所有专业都要核，不能只核拟填6个专业。,核第19期原页和完整专业组；核湖北官方系统/省招办计划；核高校招生章程、学费、计划数、选科、校区、语种/单科/体检限制和调剂范围。,G-95b37b0322d929ba,R4GROUP-acf429f9acde2bd4
,暂缓,暂缓保留在Round4优先120组备选,稳妥观察本轮名额已优先用于分数/方向/城市综合分更高的组；城市未命中当前优先城市，只保留为备选,非当前优先城市；只作为录取梯度、学校和专业匹配讨论,P1-稳妥主力先核,暂不投入人工核验时间；家庭点名喜欢时再拉回,false,0,通辽市,F390,内蒙古民族大学,F39006,稳妥观察,H2-历史最高线不高于等位分,3,476,476-494=-18,491,491-497=-6,477,477-481=-4,1,0,0,0,0,0,1,0,0,0,0,可进入人工调剂接受度判断,主线机器门禁通过，仍需完整专业组人工核验。,1.06 数学与应用数学（师范类）[M-d2ea777bab423b9f],,112,left,先自动核高校官网/章程来源，再人工确认费用、校区、调剂范围。,官网只作辅证，不能替代湖北省招办计划。,核第19期原页和完整专业组；核湖北官方系统/省招办计划；核高校招生章程、学费、计划数、选科、校区、语种/单科/体检限制和调剂范围。,G-f85de90dd826524a,R4GROUP-ff9c19cf1736cc9e
,暂缓,暂缓保留在Round4优先120组备选,冲刺观察本轮名额已优先用于分数/方向/城市综合分更高的组；城市未命中当前优先城市，只保留为备选,非当前优先城市；只作为录取梯度、学校和专业匹配讨论,P3-冲刺择优核,暂不投入人工核验时间；家庭点名喜欢时再拉回,false,0,咸阳市,K439,西藏民族大学,K43907,冲刺观察,H4-历史最高线高于等位分16-30分,2,506,506-494=+12,,,500,500-481=+19,2,0,2,2,0,0,0,0,0,0,0,暂不判断-组内存在学费字段待核,主线机器门禁通过，仍需完整专业组人工核验。,1.07 数据科学与大数据技术（办学地点：泰[M-cd820567180aca41]；2.08 计算机科学与技术（办学地点：秦汉校[M-d432e2f5901f3f20],,222,left,按P0优先核PDF原页结构、字段缺口和官网冲突。,整组所有专业都要核，不能只核拟填6个专业。,核第19期原页和完整专业组；核湖北官方系统/省招办计划；核高校招生章程、学费、计划数、选科、校区、语种/单科/体检限制和调剂范围。,G-58dd4a55117d1609,R4GROUP-a9a23f5281cdf7de
,暂缓,暂缓保留在Round4优先120组备选,冲刺观察本轮名额已优先用于分数/方向/城市综合分更高的组；城市未命中当前优先城市，只保留为备选,非当前优先城市；只作为录取梯度、学校和专业匹配讨论,P3-冲刺择优核,暂不投入人工核验时间；家庭点名喜欢时再拉回,false,0,哈尔滨市,F699,哈尔滨商业大学,F69902,冲刺观察,H4-历史最高线高于等位分16-30分,2,507,507-494=+13,513,513-497=+16,,,10,0,1,1,0,0,0,0,0,3,0,可进入人工调剂接受度判断,主线机器门禁通过，仍需完整专业组人工核验。,1.06 经济统计学（办学地点：北校区）[M-7cbfe07e07dc5a11]；2.07 金融学（办学地点：北校区）[M-b4dea31419120354]；3.08 金融工程（办学地点：北校区）[M-78ed397b4d596205]；4.09 人力资源管理（办学地点：北校区）[M-22cfeefa12e74ab7]；5.10 物流管理（办学地点：北校区）[M-031300bc819e2ac6]；6.1 物流工程（办学地点：北校区）[M-3808401bd037bbfc]；7.12 质量管理工程（办学地点：北校区）[M-3306d4513abbe8ca]；8.13 审计学（办学地点：北校区）[M-99650d2b77868ac7]；9.14 大数据管理与应用（办学地点：北校[M-d8895a1870ff420d]；10.15 数字经济（办学地点：北校区）[M-277c4e83ff93e184],北校区,127,left,按页列集中核字段缺口，再接湖北官方计划和高校官网辅证。,同一页列若发现结构错误，整页列升级核验。,核第19期原页和完整专业组；核湖北官方系统/省招办计划；核高校招生章程、学费、计划数、选科、校区、语种/单科/体检限制和调剂范围。,G-6c6ce1b442e36fab,R4GROUP-69799a46df04f377
,暂缓,暂缓保留在Round4优先120组备选,冲刺观察本轮名额已优先用于分数/方向/城市综合分更高的组；城市未命中当前优先城市，只保留为备选,非当前优先城市；只作为录取梯度、学校和专业匹配讨论,P3-冲刺择优核,暂不投入人工核验时间；家庭点名喜欢时再拉回,false,0,襄阳市,C126,湖北文理学院,C12609,冲刺观察,H4-历史最高线高于等位分16-30分,3,494,494-494=+0,516,516-497=+19,494,494-481=+13,4,0,2,2,0,2,0,0,0,0,0,暂不判断-组内结构异常需先核页,组内结构需先核,1.34 人工智能（办学地点：隆中校区）[M-8a9c705440f7afe4]；2.35 自动化（办学地点：隆中校区）[M-a8c043a95a20ff19]；3.36 机器人工程（办学地点：隆中校区）[M-b98f1fdd0221efc3]；4.37 计算机科学与技术（办学地点：隆中校[M-e76c588b082b086e],隆中校区,74,right,按P0优先核PDF原页结构、字段缺口和官网冲突。,整组所有专业都要核，不能只核拟填6个专业。,核第19期原页和完整专业组；核湖北官方系统/省招办计划；核高校招生章程、学费、计划数、选科、校区、语种/单科/体检限制和调剂范围。,G-549fc1c3efa7b73a,R4GROUP-6a00f41d0828a9c0
,暂缓,暂缓保留在Round4优先120组备选,组内存在1条当前硬排除或医学护理相关风险，服从调剂前先暂缓；稳妥观察本轮名额已优先用于分数/方向/城市综合分更高的组；城市未命中当前优先城市，只保留为备选,非当前优先城市；只作为录取梯度、学校和专业匹配讨论,P1-稳妥主力先核,暂不投入人工核验时间；家庭点名喜欢时再拉回,false,1,牡丹江市,F695,牡丹江师范学院,F69503,稳妥观察,H2-历史最高线不高于等位分,2,476,476-494=-18,,,479,479-481=-2,5,0,1,1,0,1,2,0,0,0,0,调剂风险线索-组内存在默认不能接受专业,主线机器门禁通过，仍需完整专业组人工核验。,1.09 数学与应用数学（师范类）[M-e65e734dbe9e91bf]；2.10 物理学（师范类）卫化学（师范类）[M-06e9731bd8ee2306]；3.12 电气工程及其自动化[M-7313a86fa7b77a8e]；4.13 计算机科学与技术[M-58932073000bff72]；5.14 制药工程F696 哈尔滨学院（公办）（黑龙江）[M-a9998e46d8e8e07f],,126,right,先核家庭底线风险，不把该组放入主方案。,仅在保底不足或家庭明确可接受时再核整组。,核第19期原页和完整专业组；核湖北官方系统/省招办计划；核高校招生章程、学费、计划数、选科、校区、语种/单科/体检限制和调剂范围。,G-60ad8ed657dfa7f2,R4GROUP-f78df807ba203c16
,暂缓,暂缓保留在Round4优先120组备选,冲刺观察本轮名额已优先用于分数/方向/城市综合分更高的组；城市未命中当前优先城市，只保留为备选；存在特殊限制待核，先不占用第一核验位,非当前优先城市；只作为录取梯度、学校和专业匹配讨论,P3-冲刺择优核,暂不投入人工核验时间；家庭点名喜欢时再拉回,false,0,黄冈市,C118,黄冈师范学院,C11808,冲刺观察,H4-历史最高线高于等位分16-30分,2,,,492,492-497=-5,499,499-481=+18,10,0,0,0,0,0,7,0,0,0,3,暂不判断-特殊限制待核,主线机器门禁通过，仍需完整专业组人工核验。,1.29 教育技术学（师范类）[M-81164f3f40ef578f]；2.30 学前教育（师范炎）[M-30e2fb00c1592bbd]；3.3 小学教育（师范类）[M-f136610b9fc2e5a7]；4.32 应用心理学（师范类）[M-09bec50f4af0723b]；5.33 汉语言文学（师范类）[M-17bca16508f6cbcd]；6.34 汉语国际教育[M-5f3829926e101ab5]；7.35 历史学（师范类）[M-ab7347d8d5ef6c47]；8.36 日语（外语语种：不限）[M-a4725ee2825f4c8b]；9.37 英语（师范类：外语语种：英语）[M-5cc00319024cc90f]；10.38 商务英语（外语语种：英语）[M-c1ea948209de066b],,73,left,按页列集中核字段缺口，再接湖北官方计划和高校官网辅证。,同一页列若发现结构错误，整页列升级核验。,核第19期原页和完整专业组；核湖北官方系统/省招办计划；核高校招生章程、学费、计划数、选科、校区、语种/单科/体检限制和调剂范围。,G-aef998ba18d1e5ed,R4GROUP-5d9ad2268dc0bcf8
,暂缓,暂缓保留在Round4优先120组备选,稳冲观察本轮名额已优先用于分数/方向/城市综合分更高的组；城市未命中当前优先城市，只保留为备选,非当前优先城市；只作为录取梯度、学校和专业匹配讨论,P2-稳冲择优核,暂不投入人工核验时间；家庭点名喜欢时再拉回,false,0,泰安市,H436,泰山学院,H43603,稳冲观察,H3-历史最高线高于等位分15分内,3,475,475-494=-19,494,494-497=-3,485,485-481=+4,2,0,0,0,0,2,0,0,0,0,0,可进入人工调剂接受度判断,主线机器门禁通过，仍需完整专业组人工核验。,1.04 机械设计制造及其自动化[M-c3f64ec9d8de64a6]；2.05 智能制造工程[M-8db50e9c0687e13f],,168,left,按页列集中核字段缺口，再接湖北官方计划和高校官网辅证。,同一页列若发现结构错误，整页列升级核验。,核第19期原页和完整专业组；核湖北官方系统/省招办计划；核高校招生章程、学费、计划数、选科、校区、语种/单科/体检限制和调剂范围。,G-bb425cdd87e5e103,R4GROUP-e3075e714c29a3d8
,暂缓,暂缓保留在Round4优先120组备选,稳冲观察本轮名额已优先用于分数/方向/城市综合分更高的组；城市未命中当前优先城市，只保留为备选,非当前优先城市；只作为录取梯度、学校和专业匹配讨论,P2-稳冲择优核,暂不投入人工核验时间；家庭点名喜欢时再拉回,false,0,鞍山市,F485,鞍山师范学院,F48503,稳冲观察,H3-历史最高线高于等位分15分内,1,495,495-494=+1,,,,,2,0,0,0,0,0,1,0,0,0,0,可进入人工调剂接受度判断,主线机器门禁通过，仍需完整专业组人工核验。,1.04 汉语言文学（师范类；办学地点：铁东[M-2e2fb5efeb580afa]；2.05 汉语国际教育（办学地点：铁东校区）[M-5b980484cd5a5556],铁东校区,116,right,按页列集中核字段缺口，再接湖北官方计划和高校官网辅证。,同一页列若发现结构错误，整页列升级核验。,核第19期原页和完整专业组；核湖北官方系统/省招办计划；核高校招生章程、学费、计划数、选科、校区、语种/单科/体检限制和调剂范围。,G-372d6322e7ddaff7,R4GROUP-139a76cc3e078d00
,暂缓,暂缓保留在Round4优先120组备选,组内存在1条当前硬排除或医学护理相关风险，服从调剂前先暂缓；冲刺观察本轮名额已优先用于分数/方向/城市综合分更高的组；城市未命中当前优先城市，只保留为备选；存在特殊限制待核，先不占用第一核验位,非当前优先城市；只作为录取梯度、学校和专业匹配讨论,P3-冲刺择优核,暂不投入人工核验时间；家庭点名喜欢时再拉回,false,1,南昌市,H327,江西科技师范大学,H32705,冲刺观察,H4-历史最高线高于等位分16-30分,2,515,515-494=+21,520,520-497=+23,,,15,0,2,2,1,0,4,0,0,0,3,调剂风险线索-组内存在默认不能接受专业,主线机器门禁通过，仍需完整专业组人工核验。,1.16 化学（不招魚弱、色真、不能准确识别颜色者；办学地点：枫林校区）[M-48ff75133730097f]；2.17 计算机科学与技术（不招不能准确在显示器上识别颜色者；办学地点：红角洲校区）[M-b7ba8f55be85a35a]；3.18 智能感知工程（办学地点：红角洲校[M-5d78cd583ce99c6a]；4.19 电子信息工程（办学地点：红角洲校[M-fb16de0cc83035dc]；5.20 人工智能（办学地点：红角洲校区）[M-e2b8defa805f7fdc]；6.21 途料工程（不招色弱、色盲、不能准确识别颜色者.视力异常者不宜填报：办AKAZG◎◎院校专业组及专业代易学地点：枫林校区）[M-19ac25001579e90b]；7.22 土木工程（主要脏器术后及有病史者不宜填报：办学地点：枫林校区）[M-a78e898eaf87fd03]；8.23 建筑环境与能源应用工程（办学地点：枫林校区）[M-07c9e91bdcad0833]；9.24 药学（不招色弱、色盲、不能准确识别颜色者：办学地点：枫林校区）[M-cd411916e9ad9026]；10.25 数学与应用数学（办学地点：红角洲校[M-6a685e3d989e89cf]；11.26 物理学（师范类；办学地点：红角洲校[M-7910f1197ab708ef]；12.27 化学（师范类；不招色弱、色宜、不自佳确识别颜色者；办学地点：枫林杞[M-7b3ce275b60ae475]；13.28 生物科学（师范类：不招色弱、色真不能准确识别颜色者：办学地点：枫林[M-14cac5b3bd6604bb]；14.29 食品科学与工程（职教师范；不招在[M-ad796a58bb1f1cd0]；15.5 色自、不能准确识别颜色者：办学地点：枫林校区）H828 江西水利电力大学（公办）（江西）[M-420570f92dd82263],枫林校区；红角洲校区,159,right,先核家庭底线风险，不把该组放入主方案。,仅在保底不足或家庭明确可接受时再核整组。,核第19期原页和完整专业组；核湖北官方系统/省招办计划；核高校招生章程、学费、计划数、选科、校区、语种/单科/体检限制和调剂范围。,G-80c76be31738256b,R4GROUP-974b682e7fb1deb8
,暂缓,暂缓保留在Round4优先120组备选,冲刺观察本轮名额已优先用于分数/方向/城市综合分更高的组；城市未命中当前优先城市，只保留为备选；存在特殊限制待核，先不占用第一核验位,非当前优先城市；只作为录取梯度、学校和专业匹配讨论,P3-冲刺择优核,暂不投入人工核验时间；家庭点名喜欢时再拉回,false,0,济南市,H449,山东交通学院,H44903,冲刺观察,H4-历史最高线高于等位分16-30分,3,510,510-494=+16,512,512-497=+15,488,488-481=+7,16,0,2,2,0,2,0,0,0,0,3,暂不判断-特殊限制待核,主线机器门禁通过，仍需完整专业组人工核验。,1.05 车辆工程（办学地点：长清校区）06［能源与动力工程（办学地点：长清校[M-f8e6103798e7b78c]；2.07 材料科学与工程（办学地点：长清校[M-a86e179b070784b7]；3.08 港口航道与海岸工程（办学地点：长清校区）[M-7e281c03736fc349]；4.09 士木工程（办学地点：长清校区）[M-4ee7c133cb155f5d]；5.10 智能建造与智慧交通（办学地点：长濟校区）[M-e7a6636d86403fa3]；6.11 机械设计制造及其自动化（办学地点：长清校区）[M-d9bfd9a394637d0d]；7.12 智慧交（无色盲、无色弱：办学地点：长清校区）[M-4ae82799c6833027]；8.13 电气工程及其自动化（办学地点：长清校区）[M-ac37c23022a9710b]；9.14 计算机科学与技术（办学地点：长清校[M-727a0fca5b76d16a]；10.15 人工智能（办学地点：长清校区）GZA。[M-505f64990f87eb00]；11.K A院校[M-8c4cf31234b579cf]；12.16 飞行器制造工程（无色育、无色弱，因专业培养要求，非英语语种考生慎重报考；办学地点：长清校区）[M-22747103e0bacd59]；13.17 執道交通信号与控制（无色盲、无色弱：办学地点：长清校区）[M-8045b4fe8449a26c]；14.18 数据计算及应用（办学地点：长清校[M-ad85cac5dce3588b]；15.19 船舶与海洋工程（威海校区）[M-409eeb2335adea61]；16.20 海洋机器人（威海校区）[M-890a7bf73a83256e],长清校区；长濟校区；威海校区,169,left,按P0优先核PDF原页结构、字段缺口和官网冲突。,整组所有专业都要核，不能只核拟填6个专业。,核第19期原页和完整专业组；核湖北官方系统/省招办计划；核高校招生章程、学费、计划数、选科、校区、语种/单科/体检限制和调剂范围。,G-94a2fc1a936145ee,R4GROUP-ee80d94a81ac6a12
,暂缓,暂缓保留在Round4优先120组备选,稳冲观察本轮名额已优先用于分数/方向/城市综合分更高的组；城市未命中当前优先城市，只保留为备选；当前专业方向匹配较弱,非当前优先城市；只作为录取梯度、学校和专业匹配讨论,P2-稳冲择优核,暂不投入人工核验时间；家庭点名喜欢时再拉回,false,0,长春市,F596,吉林工商学院,F59602,稳冲观察,H3-历史最高线高于等位分15分内,3,486,486-494=-8,500,500-497=+3,485,485-481=+4,4,0,0,0,0,0,0,0,0,3,0,可进入人工调剂接受度判断,主线机器门禁通过，仍需完整专业组人工核验。,1.07 金融学[M-3a6164c5bbbf544f]；2.08 会计学[M-9525ab107c9c9287]；3.09 财务管理[M-b30a768cd2960925]；4.10 电子商务（经济学学位）[M-85c7113e1e59573a],,122,left,按页列集中核字段缺口，再接湖北官方计划和高校官网辅证。,同一页列若发现结构错误，整页列升级核验。,核第19期原页和完整专业组；核湖北官方系统/省招办计划；核高校招生章程、学费、计划数、选科、校区、语种/单科/体检限制和调剂范围。,G-a812aa03d42b9503,R4GROUP-1982dd887ceb13fc
,暂缓,暂缓保留在Round4优先120组备选,冲刺观察本轮名额已优先用于分数/方向/城市综合分更高的组；存在特殊限制待核，先不占用第一核验位,命中已提到的优先城市：武汉市,P3-冲刺择优核,暂不投入人工核验时间；家庭点名喜欢时再拉回,false,0,武汉市,C150,武汉商学院,C15003,冲刺观察,H4-历史最高线高于等位分16-30分,3,500,500-494=+6,512,512-497=+15,501,501-481=+20,22,0,1,1,0,0,0,0,0,7,2,暂不判断-特殊限制待核,主线机器门禁通过，仍需完整专业组人工核验。,1.21 零售业管理（智慧运营方向；大一在马影河校区就读，大二起在后官湖校区就读）[M-4c1c4f4512554f83]；2.22 零售业管理（数智营销方向：大一在马影河校区就读，大二起在后官湖校区就读）[M-e534fc736265c1f3]；3.23 大数据管理与应用（大一在马影河校区就读，大二起在后官湖校区就读）[M-ee113f80b04b7f51]；4.24 数字经济（大一在马影河校区就读，大資高謝亭院校专业组及专业代号二起在后官湖校区就读）[M-51b02b3e486666f8]；5.25 经济与金融（大一在马影河校区就读，大二起在后官湖校区就读）[M-f86b6ae14e4edb59]；6.26 南务经济学（大一在马影河校区就读，大二起在后官湖校区就读）[M-e16a5921623c531f]；7.27 经济统计学（大一在马影河校区就读，大二起在后官湖校区就读）[M-acb482f3064a0583]；8.28 税收学（大一在马影河校区就读，大三起在后官湖校区就读）[M-1501281b42200eee]；9.29 酒店管理（大一在马影河校区就读，大二起在后官湖校区就读）[M-f68c394eeefc5273]；10.30 会展经济与管理（大一在马影河校E就读，大二起在后官湖校区就读[M-0f6a13ef21ff0adb]；11.31 旅游管理与服务教育（大一在马影河校区就读，大二起在后官湖校区就读）[M-a961ae6bda479290]；12.32 商务英语（要求高考英语成绩不低于[M-552d949cc667dec8]；13.90 分（满分以150分计）：大一在马漿河校区就读，大二起在后官湖校区房读：外语语种：英语）[M-0e83de1e95002dfd]；14.33 國译（国际传損方向：要求高考英语成绩不低于90分（满分以150分计）：大在当影河校区就读，大二起在后官湖校区就读：外语语种：英语）[M-25748538eda5066c]；15.34 财务管理（大一在马影河校区就读，大二起在后官湖校区就读）[M-e307bfb7c77d59c7]；16.35 审计学（大一在马影河校区就读，大二起在后官湖校区就读）[M-2ce4650e19004f47]；17.36 会计学（大一在马影河校区就读，大二起在后官湖校区就读）[M-ee8edcf5d811b7c5]；18.37 物流管理（大一在马影河校区就读，大二起在后官湖校区就读）[M-13e7d081c377eb5c]；19.38 日语（商务方向：大一在马影河校区就读，大二起在后官湖校区就读）[M-608ab460a72422a3]；20.39 人力资源管理（大一在马影河校区就读，大二起在后官湖校区就读）[M-5def93e8f6b082ed]；21.40 电子商务（大一在马影河校区就读，大三起在后官湖校区就读）[M-f06016c6a1718579]；22.41 供应链管理（大一在马影河校区就读，大二起在后官湖校区就读）[M-d917e2bfc77e9dac],大一在马影河校区；大二起在后官湖校区；大一在马影河校区；组及专业代号二起在后官湖校区；大一在马影河校区；大三起在后官湖校区；大二起在后官湖校区；大一在马漿河校区；大二起在后官湖校区；大在当影河校区；大二起在后官湖校区,80,left,按P0优先核PDF原页结构、字段缺口和官网冲突。,整组所有专业都要核，不能只核拟填6个专业。,核第19期原页和完整专业组；核湖北官方系统/省招办计划；核高校招生章程、学费、计划数、选科、校区、语种/单科/体检限制和调剂范围。,G-43eaec6deac85123,R4GROUP-2148323d1e3394a3
,暂缓,暂缓保留在Round4优先120组备选,稳冲观察本轮名额已优先用于分数/方向/城市综合分更高的组；城市未命中当前优先城市，只保留为备选；当前专业方向匹配较弱,非当前优先城市；只作为录取梯度、学校和专业匹配讨论,P2-稳冲择优核,暂不投入人工核验时间；家庭点名喜欢时再拉回,false,0,来宾市,H907,广西科技师范学院,H90702,稳冲观察,H3-历史最高线高于等位分15分内,2,482,482-494=-12,498,498-497=+1,,,2,0,0,0,0,0,0,0,0,2,0,可进入人工调剂接受度判断,主线机器门禁通过，仍需完整专业组人工核验。,1.03 财务管理（办学地点：柳州校区）[M-16169fecc1bf9d1b]；2.04 物流管理（办学地点：柳州校区）化学[M-dd96c75bbfd84b96],柳州校区,197,right,按页列集中核字段缺口，再接湖北官方计划和高校官网辅证。,同一页列若发现结构错误，整页列升级核验。,核第19期原页和完整专业组；核湖北官方系统/省招办计划；核高校招生章程、学费、计划数、选科、校区、语种/单科/体检限制和调剂范围。,G-a36c3be27dc8ad52,R4GROUP-22d446621c4acbc9
,暂缓,暂缓保留在Round4优先120组备选,稳冲观察本轮名额已优先用于分数/方向/城市综合分更高的组；城市未命中当前优先城市，只保留为备选,非当前优先城市；只作为录取梯度、学校和专业匹配讨论,P2-稳冲择优核,暂不投入人工核验时间；家庭点名喜欢时再拉回,false,0,沧州市,F197,沧州师范学院,F19702,稳冲观察,H3-历史最高线高于等位分15分内,3,479,479-494=-15,487,487-497=-10,482,482-481=+1,1,0,0,0,0,0,1,0,0,0,0,可进入人工调剂接受度判断,主线机器门禁通过，仍需完整专业组人工核验。,1.04 物理学（师范类）[M-9ac9c46bc6727f9c],,102,left,按页列集中核字段缺口，再接湖北官方计划和高校官网辅证。,同一页列若发现结构错误，整页列升级核验。,核第19期原页和完整专业组；核湖北官方系统/省招办计划；核高校招生章程、学费、计划数、选科、校区、语种/单科/体检限制和调剂范围。,G-186d0fe2c08110d6,R4GROUP-1e26ea31091a9e57
,暂缓,暂缓保留在Round4优先120组备选,组内存在1条当前硬排除或医学护理相关风险，服从调剂前先暂缓；稳妥观察本轮名额已优先用于分数/方向/城市综合分更高的组；城市未命中当前优先城市，只保留为备选；存在特殊限制待核，先不占用第一核验位,非当前优先城市；只作为录取梯度、学校和专业匹配讨论,P1-稳妥主力先核,暂不投入人工核验时间；家庭点名喜欢时再拉回,false,1,梧州市,H906,梧州学院,H90603,稳妥观察,H2-历史最高线不高于等位分,3,477,477-494=-17,493,493-497=-4,478,478-481=-3,8,0,1,1,1,2,1,0,0,0,2,调剂风险线索-组内存在默认不能接受专业,主线机器门禁通过，仍需完整专业组人工核验。,1.08 机械设计制造及其自动化[M-acf3bf8b18edaa62]；2.09 材料成型及控制工程[M-8b0d7eb3451b7406]；3.10 机械电子工程[M-b65e8f9e36171a5e]；4.11 食品科学与工程（不招色盲、色弱考[M-8089b9f6e51f312b]；5.12 茶学（农林类：不招色盲、色弱考生）[M-591e91b2abe9951f]；6.13 中药学（不招色盲、色弱考生）[M-c06366ecd2d7bb63]；7.14 计算机科学与技术[M-cf9b7ef847a466af]；8.15 通信工程H907 广西科技师范学院（公办）（广西）[M-1480a0b6edf50e45],,197,right,先核家庭底线风险，不把该组放入主方案。,仅在保底不足或家庭明确可接受时再核整组。,核第19期原页和完整专业组；核湖北官方系统/省招办计划；核高校招生章程、学费、计划数、选科、校区、语种/单科/体检限制和调剂范围。,G-cbfe8c3f3a1ec9f7,R4GROUP-b9ca666dbda3f639
,暂缓,暂缓保留在Round4优先120组备选,冲刺观察本轮名额已优先用于分数/方向/城市综合分更高的组；城市未命中当前优先城市，只保留为备选,非当前优先城市；只作为录取梯度、学校和专业匹配讨论,P3-冲刺择优核,暂不投入人工核验时间；家庭点名喜欢时再拉回,false,0,长春市,F582,长春工业大学,F58202,冲刺观察,H4-历史最高线高于等位分16-30分,1,518,518-494=+24,,,,,6,0,0,0,0,3,0,0,0,0,0,可进入人工调剂接受度判断,主线机器门禁通过，仍需完整专业组人工核验。,1.08 机械工程（办学地点：南湖校区）[M-977f2a52db463e17]；2.09 机械电子工程（办学地点：南湖校区）[M-1735226d80f5904f]；3.10 车辆工程（办学地点：南湖校区）[M-d7e9fb30eb91abdc]；4.1 工业设计（办学地点：南湖校区）[M-d5a4f4cb0a8abeb5]；5.12 智能制造工程（办学地点：南湖校区）[M-3a858a63f0217108]；6.13 材料成型及控制工程（办学地点：北湖校区）[M-9b4569d4f84db25c],南湖校区；北湖校区,119,left,按页列集中核字段缺口，再接湖北官方计划和高校官网辅证。,同一页列若发现结构错误，整页列升级核验。,核第19期原页和完整专业组；核湖北官方系统/省招办计划；核高校招生章程、学费、计划数、选科、校区、语种/单科/体检限制和调剂范围。,G-059b47816c7db51f,R4GROUP-33626aae7c65a509
,暂缓,暂缓保留在Round4优先120组备选,稳冲观察本轮名额已优先用于分数/方向/城市综合分更高的组；城市未命中当前优先城市，只保留为备选；当前专业方向匹配较弱,非当前优先城市；只作为录取梯度、学校和专业匹配讨论,P2-稳冲择优核,暂不投入人工核验时间；家庭点名喜欢时再拉回,false,0,新余市,H330,新余学院,H33003,稳冲观察,H3-历史最高线高于等位分15分内,3,482,482-494=-12,486,486-497=-11,482,482-481=+1,6,0,0,0,0,0,0,0,0,3,0,可进入人工调剂接受度判断,主线机器门禁通过，仍需完整专业组人工核验。,1.09 工程造价[M-fad04fdc1bf46110]；2.10 网络与新媒体[M-f2b6bd7a04dfc629]；3.11 财务管理[M-fc5da8e385828a3e]；4.12 电子商务[M-e16c14b6868b4a6e]；5.13 市场营销（数字营销方向）[M-73010df16184d8c4]；6.14 经济统计学[M-f35bd17693b43538],,160,left,按页列集中核字段缺口，再接湖北官方计划和高校官网辅证。,同一页列若发现结构错误，整页列升级核验。,核第19期原页和完整专业组；核湖北官方系统/省招办计划；核高校招生章程、学费、计划数、选科、校区、语种/单科/体检限制和调剂范围。,G-855e080504f7d6a7,R4GROUP-a3460ffa6a7e8024
,暂缓,暂缓保留在Round4优先120组备选,组内存在1条当前硬排除或医学护理相关风险，服从调剂前先暂缓；冲刺观察本轮名额已优先用于分数/方向/城市综合分更高的组；城市未命中当前优先城市，只保留为备选,非当前优先城市；只作为录取梯度、学校和专业匹配讨论,P3-冲刺择优核,暂不投入人工核验时间；家庭点名喜欢时再拉回,false,1,湘西土家族苗族自治州,H658,吉首大学,H65803,冲刺观察,H4-历史最高线高于等位分16-30分,2,523,523-494=+29,506,506-497=+9,,,7,0,2,2,1,1,1,0,0,0,0,调剂风险线索-组内存在默认不能接受专业,主线机器门禁通过，仍需完整专业组人工核验。,1.07 中药学（办学地点：吉首校区）[M-94de24a91bf8bd35]；2.08 计算机科学与技术（办学地点：吉首校[M-e4465a979033fbef]；3.09 通信工程（办学地点：吉首校区）[M-f230e1c53d4eef89]；4.10 机械设计制造及其自动化（办学地点：吉首校区）[M-77f3b5c9a547350a]；5.1 软件工程（办学地点：吉首校区）[M-0315ca9423bf8e4f]；6.12 食品科学与工程（办学地点：吉首校[M-2bde3b877640c1fd]；7.13 化学（师范类；办学地点：吉首校区）[M-09c521e1cb723021],吉首校区,178,right,先核家庭底线风险，不把该组放入主方案。,仅在保底不足或家庭明确可接受时再核整组。,核第19期原页和完整专业组；核湖北官方系统/省招办计划；核高校招生章程、学费、计划数、选科、校区、语种/单科/体检限制和调剂范围。,G-c8b493dc6a7ab76e,R4GROUP-74851b9f4bbbfa53
,暂缓,暂缓保留在Round4优先120组备选,冲刺观察本轮名额已优先用于分数/方向/城市综合分更高的组；城市未命中当前优先城市，只保留为备选,非当前优先城市；只作为录取梯度、学校和专业匹配讨论,P3-冲刺择优核,暂不投入人工核验时间；家庭点名喜欢时再拉回,false,0,衡阳市,H681,湖南工学院,H68101,冲刺观察,H4-历史最高线高于等位分16-30分,3,513,513-494=+19,522,522-497=+25,508,508-481=+27,4,0,1,1,0,0,0,0,0,0,0,可进入人工调剂接受度判断,主线机器门禁通过，仍需完整专业组人工核验。,1.01 工业工程[M-a317ad79fa85121e]；2.02 金融工程[M-5f4c55ac450b7433]；3.03 大数据管理与应用[M-3a74ea7a929ac554]；4.04 工程造价[M-d1e1f0b9460c5460],,183,left,按页列集中核字段缺口，再接湖北官方计划和高校官网辅证。,同一页列若发现结构错误，整页列升级核验。,核第19期原页和完整专业组；核湖北官方系统/省招办计划；核高校招生章程、学费、计划数、选科、校区、语种/单科/体检限制和调剂范围。,G-74028c03c3b32cd5,R4GROUP-1108fe6e0268a9fb
,暂缓,暂缓保留在Round4优先120组备选,冲刺观察本轮名额已优先用于分数/方向/城市综合分更高的组；城市未命中当前优先城市，只保留为备选,非当前优先城市；只作为录取梯度、学校和专业匹配讨论,P3-冲刺择优核,暂不投入人工核验时间；家庭点名喜欢时再拉回,false,0,呼和浩特市,F386,内蒙古工业大学,F38606,冲刺观察,H4-历史最高线高于等位分16-30分,1,511,511-494=+17,,,,,2,0,0,0,1,1,0,0,0,0,0,可进入人工调剂接受度判断,主线机器门禁通过，仍需完整专业组人工核验。,1.07 患气工程及其自动化（办学地点：金川[M-dcdb905cc9345fdd]；2.08 智能电网信息工程（办学地点：金川校[M-0a5ad4fda0c0abb1],,111,right,按页列集中核字段缺口，再接湖北官方计划和高校官网辅证。,同一页列若发现结构错误，整页列升级核验。,核第19期原页和完整专业组；核湖北官方系统/省招办计划；核高校招生章程、学费、计划数、选科、校区、语种/单科/体检限制和调剂范围。,G-0d7f158c377d066b,R4GROUP-a4b72ffb35b1d5cc
,暂缓,暂缓保留在Round4优先120组备选,冲刺观察本轮名额已优先用于分数/方向/城市综合分更高的组,次级可讨论城市：重庆市,P3-冲刺择优核,暂不投入人工核验时间；家庭点名喜欢时再拉回,false,0,重庆市,K073,长江师范学院,K07303,冲刺观察,H4-历史最高线高于等位分16-30分,2,511,511-494=+17,518,518-497=+21,,,4,0,0,0,0,0,1,0,0,1,0,可进入人工调剂接受度判断,主线机器门禁通过，仍需完整专业组人工核验。,1.04 日语（师范类）[M-68aeff60f229987b]；2.05 物流工程[M-84e401b1a34b9b5a]；3.06 旅游管理[M-b4d54b5fbfaef814]；4.07 工程造价[M-18c7baeb51ec02f4],,205,left,按页列集中核字段缺口，再接湖北官方计划和高校官网辅证。,同一页列若发现结构错误，整页列升级核验。,核第19期原页和完整专业组；核湖北官方系统/省招办计划；核高校招生章程、学费、计划数、选科、校区、语种/单科/体检限制和调剂范围。,G-b1e8a601a5a787a0,R4GROUP-ca04ebeb00a5599d
,暂缓,暂缓保留在Round4优先120组备选,冲刺观察本轮名额已优先用于分数/方向/城市综合分更高的组；城市未命中当前优先城市，只保留为备选,非当前优先城市；只作为录取梯度、学校和专业匹配讨论,P3-冲刺择优核,暂不投入人工核验时间；家庭点名喜欢时再拉回,false,0,荆门市,C139,荆楚理工学院,C13907,冲刺观察,H4-历史最高线高于等位分16-30分,3,478,478-494=-16,517,517-497=+20,485,485-481=+4,11,0,0,0,1,1,0,0,1,0,0,可进入人工调剂接受度判断,主线机器门禁通过，仍需完整专业组人工核验。,1.29 电气工程及其自动化[M-f6ea69ec9a240524]；2.30 印刷工程[M-7d7fa45a1e8f6cbd]；3.31 新能源材料与器件[M-c49df51c1fc71dbc]；4.32 新能源科学与工程[M-07948591cf730920]；5.33 化学工程与工艺[M-63f7a799f3203a9c]；6.34 复合材料与工程[M-259c3d451be5a06d]；7.35 食品科学与工程[M-f175b60df3551ae0]；8.36 生物工程[M-e65f4cf41d0288ec]；9.37 植物科学与技术[M-36d8b6c3cd4d76c8]；10.38 园艺[M-ee5054a1748ce838]；11.39 光电信息材料与器件[M-b52908cc0f95a6a7],,80,left,按页列集中核字段缺口，再接湖北官方计划和高校官网辅证。,同一页列若发现结构错误，整页列升级核验。,核第19期原页和完整专业组；核湖北官方系统/省招办计划；核高校招生章程、学费、计划数、选科、校区、语种/单科/体检限制和调剂范围。,G-4d0d7094ac86c53f,R4GROUP-be43c9c5f4140acc
,暂缓,暂缓保留在Round4优先120组备选,冲刺观察本轮名额已优先用于分数/方向/城市综合分更高的组；城市未命中当前优先城市，只保留为备选,非当前优先城市；只作为录取梯度、学校和专业匹配讨论,P3-冲刺择优核,暂不投入人工核验时间；家庭点名喜欢时再拉回,false,0,桂林市,H892,桂林电子科技大学,H89205,冲刺观察,H4-历史最高线高于等位分16-30分,1,521,521-494=+27,,,,,3,0,0,0,0,2,0,0,0,0,0,可进入人工调剂接受度判断,主线机器门禁通过，仍需完整专业组人工核验。,1.09 机械设计制造及其自动化（办学地点：花江校区）[M-68c287b3c5a1f14e]；2.10 电子封装技术（办学地点：花江校区）[M-c6330da51fc40838]；3.1 智能制造工程（办学地点：花江校区）[M-43d1b321ed92d10b],花江校区,195,right,按页列集中核字段缺口，再接湖北官方计划和高校官网辅证。,同一页列若发现结构错误，整页列升级核验。,核第19期原页和完整专业组；核湖北官方系统/省招办计划；核高校招生章程、学费、计划数、选科、校区、语种/单科/体检限制和调剂范围。,G-2ec2cbd9150c7f8f,R4GROUP-6347c44ad6cb8f8d
,暂缓,暂缓保留在Round4优先120组备选,组内存在3条当前硬排除或医学护理相关风险，服从调剂前先暂缓；稳妥观察本轮名额已优先用于分数/方向/城市综合分更高的组；城市未命中当前优先城市，只保留为备选；存在特殊限制待核，先不占用第一核验位,非当前优先城市；只作为录取梯度、学校和专业匹配讨论,P1-稳妥主力先核,暂不投入人工核验时间；家庭点名喜欢时再拉回,false,3,吉林市,F584,吉林化工大学,F58402,稳妥观察,H2-历史最高线不高于等位分,2,489,489-494=-5,494,494-497=-3,,,38,0,3,3,2,3,0,2,1,0,15,调剂风险线索-组内存在默认不能接受专业,主线机器门禁通过，仍需完整专业组人工核验。,1.10 化学工程与工艺（不招色盲色弱：办学地点：龙潭校区）[M-97e6b735eae73c61]；2.11 油气储运工程（不招色盲；办学地点：[M-6ce9d18062ace3a1]；3.12 轻化工程（不招色盲色弱；办学地点：[M-2911ffa1dd99ae41]；4.13 盛用化学（不招色盲色弱；办学地点：[M-f1cce8e0b4a7bf2c]；5.14 机械设计制造及其自动化（办学地点：[M-004ea208a0db40df]；6.15 材料成型及控制工程（办学地点：龙潭校区）[M-245326b5465f7ac7]；7.16 过程装备与控制工程（不招色盲色弱；办学地点：龙潭校区）[M-0714a8f223fe2823]；8.17 能源与动力工程（办学地点：龙潭校[M-aa761eb7ecd34647]；9.18 测控技术与仪器（办学地点：龙潭校[M-a6728a65af4f4076]；10.19 电气工程及其自动化（办学地点：龙潭校区）[M-2127250761b6deee]；11.20 自动化（办学地点：龙潭校区）[M-666d77693fddd89f]；12.21 智能装各与系统（办学地点：龙潭校区）[M-beacf21975850a4a]；13.24 袋装/不招色有色弱：办学地点：沈椰[M-5c10afe515b0d7b4]；14.23 化学测量学与技术（不招色盲色弱；办学地点：龙潭校区）資亮謝亭院校专业组及专业代号[M-08022ad828cdcb6d]；15.24 制药工程（不招色盲色弱；办学地点：龙潭校区）[M-6d5931082bc03cbf]；16.25 生物制药（不招色盲色弱；办学地点：龙潭校区）[M-b60ea0b9de2ea276]；17.26 药物制剂（不招色盲色弱；办学地点：龙潭校区）[M-572f699a135fbc31]；18.27 给排水科学与工程（办学地点：龙潭校[M-222f8292522f1ab7]；19.28 环境工程（办学地点：龙潭校区）[M-502e703e3a4661a4]；20.29 环境科学（办学地点：龙潭校区）[M-daf1a17bc8775541]；21.30 安全工程（办学地点：龙潭校区）[M-20e4c7f07d974116]；22.31 数学与应用数学（办学地点：龙潭校[M-16f2acde6c83bd52]；23.32 应用物理学（不招色盲；办学地点：龙潭校区）[M-6138fd122b1de117]；24.33 材料科学与工程（不招色盲色弱；办学地点：龙潭校区）[M-2bf98733e7170b1f]；25.34 材料化学（不招色盲色弱；办学地点：龙潭校区）[M-cce888aeea7363da]；26.35 高分子材料与工程（不招色盲色弱；办学地点：龙潭校区）[M-f9a58a7bb63ac0ae]；27.36 能源化学（不招色盲色弱；办学地点：龙潭校区）[M-675f1c5bcf1db11b]；28.37 生物技术（不招色盲色弱；办学地点：龙潭校区）[M-f1991e668ae4b1a2]；29.38 食品科学与工程（不招色盲色弱；办学地点：龙潭校区）[M-33ddc3b4ed485461]；30.39 生物工程（不招色盲色弱；办学地点：龙潭校区）[M-97260461eeeaab81]；31.40 车辆工程（办学地点：丰满校区）[M-0cc1a6004e240567]；32.41 飞行器制造工程（办学地点：丰满校[M-f1d34bf2f1b6edc4]；33.42 飞行器动力工程（办学地点：丰满校[M-fdfc5a7e4c80a1bc]；34.43 飞行器控制与信息工程（办学地点：丰满校区）[M-46e77e849d2a813b]；35.44 无人驾驶航空器系统工程（办学地点：丰满校区）45（电子信息工程（办学地点：丰满校区）[M-80d4c63495c3c3ea]；36.46 人工智能（办学地点：丰满校区）[M-ca94652ce760ec15]；37.47 计算机科学与技术（办学地点：丰满校[M-c68ca3bc7ad8f085]；38.48 数据科学与大数据技术（办学地点：丰满校区）F585 吉林农业大学（公办）（吉林）[M-d0e59a1154cd46a5],龙潭校区；丰满校区,120,left,先核家庭底线风险，不把该组放入主方案。,仅在保底不足或家庭明确可接受时再核整组。,核第19期原页和完整专业组；核湖北官方系统/省招办计划；核高校招生章程、学费、计划数、选科、校区、语种/单科/体检限制和调剂范围。,G-f0c78c9f5e3ad64c,R4GROUP-633dfd69497b6933
,暂缓,暂缓保留在Round4优先120组备选,冲刺观察本轮名额已优先用于分数/方向/城市综合分更高的组；城市未命中当前优先城市，只保留为备选；当前专业方向匹配较弱,非当前优先城市；只作为录取梯度、学校和专业匹配讨论,P3-冲刺择优核,暂不投入人工核验时间；家庭点名喜欢时再拉回,false,0,兰州市,K580,兰州财经大学,K58005,冲刺观察,H4-历史最高线高于等位分16-30分,2,515,515-494=+21,518,518-497=+21,,,9,0,0,0,0,0,0,0,0,4,0,可进入人工调剂接受度判断,主线机器门禁通过，仍需完整专业组人工核验。,1.20 会计学（办学地点：和平校区）[M-247d129de66e653a]；2.21 审计学（办学地点：和平校区）[M-d7827b4862fbf27d]；3.22 工商管理（办学地点：和平校区）[M-90ec5220a95185f7]；4.23 人力资源管理（办学地点：和平校区）[M-8dcc2f048c00052d]；5.24 供应链管理（办学地点：和平校区）[M-89c8c129ad0b57f1]；6.25 经济学（办学地点：和平校区）[M-9843b507789ec071]；7.26 国际经济与贸易（办学地点：和平校[M-95b4a936f4eb4768]；8.27 国际商务（办学地点：和平校区）[M-533a5a3601d0d4b6]；9.28 商务经济学（办学地点：和平校区）[M-e04d77c4cf5d2bcf],和平校区,230,left,按页列集中核字段缺口，再接湖北官方计划和高校官网辅证。,同一页列若发现结构错误，整页列升级核验。,核第19期原页和完整专业组；核湖北官方系统/省招办计划；核高校招生章程、学费、计划数、选科、校区、语种/单科/体检限制和调剂范围。,G-0f92272b6a653bd7,R4GROUP-629e5851465352ec
,暂缓,暂缓保留在Round4优先120组备选,冲刺观察本轮名额已优先用于分数/方向/城市综合分更高的组；城市未命中当前优先城市，只保留为备选；当前专业方向匹配较弱,非当前优先城市；只作为录取梯度、学校和专业匹配讨论,P3-冲刺择优核,暂不投入人工核验时间；家庭点名喜欢时再拉回,false,0,银川市,A207,北方民族大学,A20706,冲刺观察,H4-历史最高线高于等位分16-30分,2,510,510-494=+16,503,503-497=+6,,,9,0,0,0,0,0,0,0,0,5,0,可进入人工调剂接受度判断,主线机器门禁通过，仍需完整专业组人工核验。,1.22 行政管理[M-c2fa51947ec7eb35]；2.23 旅游管理[M-52aa403cdcf0e2c4]；3.24 国际经济与贸易GAZ院校孝业组及麦业代号[M-18baf8c212017b21]；4.25 金融学[M-6defe7d1c188897a]；5.26 税收学[M-42d17c1a7d9dc0b0]；6.27 工商管理[M-fd8262b96c0acb65]；7.28 人力资源管理[M-211235b3e10083c2]；8.29 会计学[M-d07ee6e754e06bce]；9.30 电子商务[M-7baaf1ae604305e7],,57,right,按P0优先核PDF原页结构、字段缺口和官网冲突。,整组所有专业都要核，不能只核拟填6个专业。,核第19期原页和完整专业组；核湖北官方系统/省招办计划；核高校招生章程、学费、计划数、选科、校区、语种/单科/体检限制和调剂范围。,G-962e9bcfe24306a0,R4GROUP-4460b5bd501a5d2c
,暂缓,暂缓保留在Round4优先120组备选,冲刺观察本轮名额已优先用于分数/方向/城市综合分更高的组；城市未命中当前优先城市，只保留为备选；当前专业方向匹配较弱,非当前优先城市；只作为录取梯度、学校和专业匹配讨论,P3-冲刺择优核,暂不投入人工核验时间；家庭点名喜欢时再拉回,false,0,烟台市,H450,山东工商学院,H45003,冲刺观察,H4-历史最高线高于等位分16-30分,3,490,490-494=-4,514,514-497=+17,503,503-481=+22,14,0,0,0,0,0,0,0,0,4,0,可进入人工调剂接受度判断,主线机器门禁通过，仍需完整专业组人工核验。,1.25 经济学[M-7d390636e39c8d0b]；2.26 国际经济与贸易[M-bae284bfaf0ca419]；3.27 财政学[M-832e179d1195f1e3]；4.28 投资学[M-eac78c0683785494]；5.29 法学[M-dccf9d5bd5e468b2]；6.30 财务管理[M-d2677d79bc0dba69]；7.31 审计学[M-83380a354435fd4e]；8.32 能源经济[M-cfd45acb5dd00b67]；9.33 保险学[M-2ab7bb73116bb239]；10.34 工商管理[M-60961942f933b609]；11.35 资产评估[M-65a84f1d1b2b7c70]；12.36 行政管理[M-f483a83b416d7161]；13.37 劳动与社会保障[M-0ccd58ca86a1696e]；14.38 电子商务[M-c07fa2e4185179cb],,169,right,按页列集中核字段缺口，再接湖北官方计划和高校官网辅证。,同一页列若发现结构错误，整页列升级核验。,核第19期原页和完整专业组；核湖北官方系统/省招办计划；核高校招生章程、学费、计划数、选科、校区、语种/单科/体检限制和调剂范围。,G-a6e950b77986b176,R4GROUP-9ddfea865af31a20
,暂缓,暂缓保留在Round4优先120组备选,组内存在3条当前硬排除或医学护理相关风险，服从调剂前先暂缓；冲刺观察本轮名额已优先用于分数/方向/城市综合分更高的组；城市未命中当前优先城市，只保留为备选,非当前优先城市；只作为录取梯度、学校和专业匹配讨论,P3-冲刺择优核,暂不投入人工核验时间；家庭点名喜欢时再拉回,false,3,临沂市,H435,临沂大学,H43504,冲刺观察,H4-历史最高线高于等位分16-30分,2,,,524,524-497=+27,504,504-481=+23,7,0,1,1,0,1,1,0,0,0,0,调剂风险线索-组内存在默认不能接受专业,主线机器门禁通过，仍需完整专业组人工核验。,1.08 化学（师范类）[M-34b8a4f860eddbd1]；2.09 电气工程及其自动化[M-f09d465f2387b25b]；3.10 数据科学与大数据技术[M-9b456370e7b67624]；4.11 卫生检验与检疫[M-3104efacf782f0ad]；5.12 眼视光学[M-b7178d578202fa6e]；6.13 生物质能源与材料[M-2ecec11830ff86ad]；7.14 食品卫生与营养学[M-baf08c44cccb59a0],,168,left,先核家庭底线风险，不把该组放入主方案。,仅在保底不足或家庭明确可接受时再核整组。,核第19期原页和完整专业组；核湖北官方系统/省招办计划；核高校招生章程、学费、计划数、选科、校区、语种/单科/体检限制和调剂范围。,G-f3078ec47aca2055,R4GROUP-a5b7a9b1e031a995
