核验包编号,包类型,物理批次序号,执行顺序,页面类别,页列优先级,来源期号,来源文档哈希,来源页码,版面列,页码版面,候选动作桶,字段动作泳道,包内任务数,原页必核任务数,湖北官方必核任务数,高校辅证需复核任务数,双人复核任务数,人工看图任务数,候选冲突任务数,一致待官核任务数,候选确认任务数,主要字段范围,必须完成证据步骤,原页记录状态,湖北官方记录状态,高校辅证记录状态,双人复核状态,三方一致性状态,字段写回评估状态,公开门禁状态,阻断原因,下一步动作,完成条件,私有工作台哈希,关联明细任务编号集合,关联公开账本编号集合
FCACT-21bf5d03c4063f0e,P0候选冲突,1,1,E0-冲突异常双人优先核验,Q0-冲突页列第一批先核,湖北招生考试2026年19期·本科普通批（下）,ee61fc69389f24a9a7830167113cf0ddc0447f8fa4b2743cd3241be60a9bd86d,135,left,135-left,P0-候选冲突优先核PDF原页,F0-PDFOCR与高校辅证冲突双人核页×10,10,10,10,10,10,10,10,0,0,专业计划数；学费×9；专业计划数；学费；再选科目×1,PDF原页记录；湖北官方侧记录；必要高校辅证；冲突任务双人复核；三方一致性记录。,pending_private_pdf_reading×10,pending_private_hubei_reading×10,pending_private_school_reading×10,pending_double_review×10,pending_private_three_way_field_confirmation×10,blocked_until_required_private_readings_complete×10,not_final_blocked_until_private_readings_complete,公开包只排核验顺序；字段读数、候选值、截图、坐标和人工备注必须留在私有工作台。,双人先核PDF原页和湖北官方侧，再用高校辅证解释差异；不得直接写回。,包内任务完成PDF原页、湖北官方侧、高校辅证和双人复核记录，三方一致性明确后才进入写回评估。,21bf5d03c4063f0e,FIRSTDETAIL-0dada9bf9ecaa6e1；FIRSTDETAIL-0e930ca33ab1b3b9；FIRSTDETAIL-202127380ebfe86a；FIRSTDETAIL-28da3744d1bbd3b1；FIRSTDETAIL-726fddd63013332a；FIRSTDETAIL-9008da4b792e2d9c；FIRSTDETAIL-98835066fcfb9b8c；FIRSTDETAIL-9d2efbd617a42fa2；FIRSTDETAIL-c38ee9bcbc39ce19；FIRSTDETAIL-d3b4542d9cf04623,FIRSTFCONF-93e57d20f514130b；FIRSTFCONF-bfa8cf8970e7d5f4；FIRSTFCONF-39a5532be91543c7；FIRSTFCONF-26057f4340d64228；FIRSTFCONF-a5608ad06a95aedb；FIRSTFCONF-1fb2e173cd94f5bc；FIRSTFCONF-f03797c21840d98b；FIRSTFCONF-dbe3431271d8753c；FIRSTFCONF-3712fb406bc29364；FIRSTFCONF-4e54ace09d0fdb74
FCACT-56baf683f0f6fdff,P0候选冲突,1,2,E0-冲突异常双人优先核验,Q0-冲突页列第一批先核,湖北招生考试2026年19期·本科普通批（下）,ee61fc69389f24a9a7830167113cf0ddc0447f8fa4b2743cd3241be60a9bd86d,199,left,199-left,P0-候选冲突优先核PDF原页,F0-PDFOCR与高校辅证冲突双人核页×3,3,3,3,3,3,3,3,0,0,专业计划数；学费；再选科目×3,PDF原页记录；湖北官方侧记录；必要高校辅证；冲突任务双人复核；三方一致性记录。,pending_private_pdf_reading×3,pending_private_hubei_reading×3,pending_private_school_reading×3,pending_double_review×3,pending_private_three_way_field_confirmation×3,blocked_until_required_private_readings_complete×3,not_final_blocked_until_private_readings_complete,公开包只排核验顺序；字段读数、候选值、截图、坐标和人工备注必须留在私有工作台。,双人先核PDF原页和湖北官方侧，再用高校辅证解释差异；不得直接写回。,包内任务完成PDF原页、湖北官方侧、高校辅证和双人复核记录，三方一致性明确后才进入写回评估。,56baf683f0f6fdff,FIRSTDETAIL-393dba8354b77b5e；FIRSTDETAIL-93e1c6f08abff549；FIRSTDETAIL-a54f685382d6b1c6,FIRSTFCONF-4bd735e4d20720ba；FIRSTFCONF-71cd6f8d96a9ed7a；FIRSTFCONF-1a0c3253750b52c7
FCACT-ad028685766ac2c4,P1缺候选或需看图,1,2,E0-冲突异常双人优先核验,Q0-冲突页列第一批先核,湖北招生考试2026年19期·本科普通批（下）,ee61fc69389f24a9a7830167113cf0ddc0447f8fa4b2743cd3241be60a9bd86d,199,left,199-left,P1-缺PDFOCR候选需人工看图,F1-机器坐标候选辅助核页×1,1,1,1,1,1,0,0,0,0,学费×1,PDF原页记录；湖北官方侧记录；必要高校辅证；冲突任务双人复核；三方一致性记录。,pending_private_pdf_reading×1,pending_private_hubei_reading×1,pending_private_school_reading×1,pending_double_review×1,pending_private_three_way_field_confirmation×1,blocked_until_required_private_readings_complete×1,not_final_blocked_until_private_readings_complete,公开包只排核验顺序；字段读数、候选值、截图、坐标和人工备注必须留在私有工作台。,先看PDF原页补读缺候选字段，再查湖北官方侧确认；机器坐标只作定位提示。,包内缺候选字段完成PDF原页补读和湖北官方侧确认；仍冲突则升级双人复核。,ad028685766ac2c4,FIRSTDETAIL-f035ffd6c61f373e,FIRSTFCONF-46f69ee7bdc126e1
FCACT-ab4bbaf18bbe5c1b,P3候选需人工确认,1,2,E0-冲突异常双人优先核验,Q0-冲突页列第一批先核,湖北招生考试2026年19期·本科普通批（下）,ee61fc69389f24a9a7830167113cf0ddc0447f8fa4b2743cd3241be60a9bd86d,199,left,199-left,P3-有候选但需人工确认,F2-PDFOCR候选人工确认×1,1,1,1,1,0,0,0,0,1,专业计划数×1,PDF原页记录；湖北官方侧记录；必要高校辅证；冲突任务双人复核；三方一致性记录。,pending_private_pdf_reading×1,pending_private_hubei_reading×1,pending_private_school_reading×1,double_review_not_required×1,pending_private_three_way_field_confirmation×1,blocked_until_required_private_readings_complete×1,not_final_blocked_until_private_readings_complete,公开包只排核验顺序；字段读数、候选值、截图、坐标和人工备注必须留在私有工作台。,人工确认候选字段归属、字段列和专业行边界，再进入官方侧核验。,包内候选完成归属确认、原页核验和湖北官方侧记录；发现串读则升级整页列。,ab4bbaf18bbe5c1b,FIRSTDETAIL-b0445279f2648fcb,FIRSTFCONF-c33181b9465c2fa4
FCACT-98e004e61e02a658,P0候选冲突,1,3,E0-冲突异常双人优先核验,Q0-冲突页列第一批先核,湖北招生考试2026年19期·本科普通批（下）,ee61fc69389f24a9a7830167113cf0ddc0447f8fa4b2743cd3241be60a9bd86d,209,right,209-right,P0-候选冲突优先核PDF原页,F0-PDFOCR与高校辅证冲突双人核页×2,2,2,2,2,2,2,2,0,0,专业计划数；学费；再选科目×2,PDF原页记录；湖北官方侧记录；必要高校辅证；冲突任务双人复核；三方一致性记录。,pending_private_pdf_reading×2,pending_private_hubei_reading×2,pending_private_school_reading×2,pending_double_review×2,pending_private_three_way_field_confirmation×2,blocked_until_required_private_readings_complete×2,not_final_blocked_until_private_readings_complete,公开包只排核验顺序；字段读数、候选值、截图、坐标和人工备注必须留在私有工作台。,双人先核PDF原页和湖北官方侧，再用高校辅证解释差异；不得直接写回。,包内任务完成PDF原页、湖北官方侧、高校辅证和双人复核记录，三方一致性明确后才进入写回评估。,98e004e61e02a658,FIRSTDETAIL-1c3252c859c2d2ea；FIRSTDETAIL-ac9be6f84b5cb492,FIRSTFCONF-fcd3c0eb6877c935；FIRSTFCONF-92c59f8e4d515840
FCACT-c9388f233caecffc,P1缺候选或需看图,1,3,E0-冲突异常双人优先核验,Q0-冲突页列第一批先核,湖北招生考试2026年19期·本科普通批（下）,ee61fc69389f24a9a7830167113cf0ddc0447f8fa4b2743cd3241be60a9bd86d,209,right,209-right,P1-缺PDFOCR候选需人工看图,F4-无候选人工看图×4,4,4,4,4,2,4,0,0,0,专业计划数×4,PDF原页记录；湖北官方侧记录；必要高校辅证；冲突任务双人复核；三方一致性记录。,pending_private_pdf_reading×4,pending_private_hubei_reading×4,pending_private_school_reading×4,double_review_not_required×2；pending_double_review×2,pending_private_three_way_field_confirmation×4,blocked_until_required_private_readings_complete×4,not_final_blocked_until_private_readings_complete,公开包只排核验顺序；字段读数、候选值、截图、坐标和人工备注必须留在私有工作台。,先看PDF原页补读缺候选字段，再查湖北官方侧确认；机器坐标只作定位提示。,包内缺候选字段完成PDF原页补读和湖北官方侧确认；仍冲突则升级双人复核。,c9388f233caecffc,FIRSTDETAIL-80f6e32678d47edc；FIRSTDETAIL-a76e59cf1cf0d059；FIRSTDETAIL-d130070db0608685；FIRSTDETAIL-d82fb416df4cb6df,FIRSTFCONF-a06b6d3bb21b34bc；FIRSTFCONF-061f0ab55862357b；FIRSTFCONF-132e09daadc034a0；FIRSTFCONF-1fb655226588041c
FCACT-644d41b017f824aa,P2候选一致但未闭环,1,3,E0-冲突异常双人优先核验,Q0-冲突页列第一批先核,湖北招生考试2026年19期·本科普通批（下）,ee61fc69389f24a9a7830167113cf0ddc0447f8fa4b2743cd3241be60a9bd86d,209,right,209-right,P2-候选一致仍需官方闭环,F2-PDFOCR候选人工确认×4,4,4,4,4,0,0,0,4,0,专业计划数；学费；再选科目×4,PDF原页记录；湖北官方侧记录；必要高校辅证；冲突任务双人复核；三方一致性记录。,pending_private_pdf_reading×4,pending_private_hubei_reading×4,pending_private_school_reading×4,double_review_not_required×4,pending_private_three_way_field_confirmation×4,blocked_until_required_private_readings_complete×4,not_final_blocked_until_private_readings_complete,公开包只排核验顺序；字段读数、候选值、截图、坐标和人工备注必须留在私有工作台。,走快速三方闭环，但仍必须查湖北官方侧；一致也不能跳过官方计划。,包内候选一致字段完成湖北官方侧确认和三方记录；不自动生成推荐依据。,644d41b017f824aa,FIRSTDETAIL-7c1d30e2021684d3；FIRSTDETAIL-91f329b50cb442b2；FIRSTDETAIL-db3c8109cbb01ac9；FIRSTDETAIL-efa0717525e49d43,FIRSTFCONF-525fd02f9576617b；FIRSTFCONF-f68b3e270b8f3c0a；FIRSTFCONF-b61710f93ae4f551；FIRSTFCONF-bbfa91ae1f74930f
FCACT-e68282e33e4e420d,P3候选需人工确认,1,3,E0-冲突异常双人优先核验,Q0-冲突页列第一批先核,湖北招生考试2026年19期·本科普通批（下）,ee61fc69389f24a9a7830167113cf0ddc0447f8fa4b2743cd3241be60a9bd86d,209,right,209-right,P3-有候选但需人工确认,F2-PDFOCR候选人工确认×3,3,3,3,3,0,0,0,0,3,专业计划数；学费×2；学费×1,PDF原页记录；湖北官方侧记录；必要高校辅证；冲突任务双人复核；三方一致性记录。,pending_private_pdf_reading×3,pending_private_hubei_reading×3,pending_private_school_reading×3,double_review_not_required×3,pending_private_three_way_field_confirmation×3,blocked_until_required_private_readings_complete×3,not_final_blocked_until_private_readings_complete,公开包只排核验顺序；字段读数、候选值、截图、坐标和人工备注必须留在私有工作台。,人工确认候选字段归属、字段列和专业行边界，再进入官方侧核验。,包内候选完成归属确认、原页核验和湖北官方侧记录；发现串读则升级整页列。,e68282e33e4e420d,FIRSTDETAIL-321c7d17dc30653c；FIRSTDETAIL-b23680d0e33b54fd；FIRSTDETAIL-ff3b9d7ceecbddf8,FIRSTFCONF-2dc6e86bf8593a9e；FIRSTFCONF-e22a2704d8e5668f；FIRSTFCONF-acb140fe2d00a021
FCACT-9e1636bd047c2932,P0候选冲突,1,4,E0-冲突异常双人优先核验,Q0-冲突页列第一批先核,湖北招生考试2026年19期·本科普通批（下）,ee61fc69389f24a9a7830167113cf0ddc0447f8fa4b2743cd3241be60a9bd86d,169,right,169-right,P0-候选冲突优先核PDF原页,F0-PDFOCR与高校辅证冲突双人核页×1,1,1,1,1,1,1,1,0,0,专业计划数；学费×1,PDF原页记录；湖北官方侧记录；必要高校辅证；冲突任务双人复核；三方一致性记录。,pending_private_pdf_reading×1,pending_private_hubei_reading×1,pending_private_school_reading×1,pending_double_review×1,pending_private_three_way_field_confirmation×1,blocked_until_required_private_readings_complete×1,not_final_blocked_until_private_readings_complete,公开包只排核验顺序；字段读数、候选值、截图、坐标和人工备注必须留在私有工作台。,双人先核PDF原页和湖北官方侧，再用高校辅证解释差异；不得直接写回。,包内任务完成PDF原页、湖北官方侧、高校辅证和双人复核记录，三方一致性明确后才进入写回评估。,9e1636bd047c2932,FIRSTDETAIL-8991edc6731114ee,FIRSTFCONF-3a0ca42b8585f070
FCACT-293a9718e0d2dd0c,P1缺候选或需看图,1,4,E0-冲突异常双人优先核验,Q0-冲突页列第一批先核,湖北招生考试2026年19期·本科普通批（下）,ee61fc69389f24a9a7830167113cf0ddc0447f8fa4b2743cd3241be60a9bd86d,169,right,169-right,P1-缺PDFOCR候选需人工看图,F2-PDFOCR候选人工确认×10,10,10,10,10,0,0,0,0,0,专业计划数；学费×9；专业计划数；学费；再选科目×1,PDF原页记录；湖北官方侧记录；必要高校辅证；冲突任务双人复核；三方一致性记录。,pending_private_pdf_reading×10,pending_private_hubei_reading×10,pending_private_school_reading×10,double_review_not_required×10,pending_private_three_way_field_confirmation×10,blocked_until_required_private_readings_complete×10,not_final_blocked_until_private_readings_complete,公开包只排核验顺序；字段读数、候选值、截图、坐标和人工备注必须留在私有工作台。,先看PDF原页补读缺候选字段，再查湖北官方侧确认；机器坐标只作定位提示。,包内缺候选字段完成PDF原页补读和湖北官方侧确认；仍冲突则升级双人复核。,293a9718e0d2dd0c,FIRSTDETAIL-03ffc5cb476ac461；FIRSTDETAIL-1e13c2dc5bcd6811；FIRSTDETAIL-2805b5347b8e40ae；FIRSTDETAIL-2f3d5f6bcb8b8c58；FIRSTDETAIL-2fc55fcaedc06c57；FIRSTDETAIL-32bdf82346802bf7；FIRSTDETAIL-4a3b29ecc48bcddc；FIRSTDETAIL-55c641ecf7db1022；FIRSTDETAIL-5bf24e503db69e71；FIRSTDETAIL-d865ed334f79ac8b,FIRSTFCONF-ee993a08dec95615；FIRSTFCONF-bafda30635e33eff；FIRSTFCONF-51ccb4649f27aac4；FIRSTFCONF-c40a4a43ae928501；FIRSTFCONF-8ea5db5ce18c96f6；FIRSTFCONF-787bfb9a93c62a4c；FIRSTFCONF-fd57d8399846a407；FIRSTFCONF-dc7df8a12b2bb956；FIRSTFCONF-2d9b5efb819d8af7；FIRSTFCONF-010dadbeb632e8af
FCACT-53143ecdca197117,P1缺候选或需看图,2,4,E0-冲突异常双人优先核验,Q0-冲突页列第一批先核,湖北招生考试2026年19期·本科普通批（下）,ee61fc69389f24a9a7830167113cf0ddc0447f8fa4b2743cd3241be60a9bd86d,169,right,169-right,P1-缺PDFOCR候选需人工看图,F4-无候选人工看图×10,10,10,10,10,9,10,0,0,0,专业计划数×10,PDF原页记录；湖北官方侧记录；必要高校辅证；冲突任务双人复核；三方一致性记录。,pending_private_pdf_reading×10,pending_private_hubei_reading×10,pending_private_school_reading×10,pending_double_review×9；double_review_not_required×1,pending_private_three_way_field_confirmation×10,blocked_until_required_private_readings_complete×10,not_final_blocked_until_private_readings_complete,公开包只排核验顺序；字段读数、候选值、截图、坐标和人工备注必须留在私有工作台。,先看PDF原页补读缺候选字段，再查湖北官方侧确认；机器坐标只作定位提示。,包内缺候选字段完成PDF原页补读和湖北官方侧确认；仍冲突则升级双人复核。,53143ecdca197117,FIRSTDETAIL-04f5273e386af8c6；FIRSTDETAIL-26a4a2d46176a22b；FIRSTDETAIL-2bedee7b9c7f7990；FIRSTDETAIL-352f0e7f8e92d653；FIRSTDETAIL-46750a08eb17e822；FIRSTDETAIL-51b2b8463ec925df；FIRSTDETAIL-655cc4d71fe13207；FIRSTDETAIL-80ab74779f516adb；FIRSTDETAIL-9085a434404761c6；FIRSTDETAIL-e796394270d8dbd9,FIRSTFCONF-c2f264c0e5ead1dc；FIRSTFCONF-0525b9b91056ad6f；FIRSTFCONF-6f5057d8480192c0；FIRSTFCONF-49f12cfe5c5a44b4；FIRSTFCONF-2a09fefeb7f4b31c；FIRSTFCONF-8345861c592e4dbf；FIRSTFCONF-b0496ce18f471e16；FIRSTFCONF-e38659f50e5d8a5a；FIRSTFCONF-6732ef3bb3eb328f；FIRSTFCONF-46b577fd956249e1
FCACT-8fd5f85d7de2f72b,P3候选需人工确认,1,4,E0-冲突异常双人优先核验,Q0-冲突页列第一批先核,湖北招生考试2026年19期·本科普通批（下）,ee61fc69389f24a9a7830167113cf0ddc0447f8fa4b2743cd3241be60a9bd86d,169,right,169-right,P3-有候选但需人工确认,F2-PDFOCR候选人工确认×1,1,1,1,1,0,0,0,0,1,专业计划数；学费×1,PDF原页记录；湖北官方侧记录；必要高校辅证；冲突任务双人复核；三方一致性记录。,pending_private_pdf_reading×1,pending_private_hubei_reading×1,pending_private_school_reading×1,double_review_not_required×1,pending_private_three_way_field_confirmation×1,blocked_until_required_private_readings_complete×1,not_final_blocked_until_private_readings_complete,公开包只排核验顺序；字段读数、候选值、截图、坐标和人工备注必须留在私有工作台。,人工确认候选字段归属、字段列和专业行边界，再进入官方侧核验。,包内候选完成归属确认、原页核验和湖北官方侧记录；发现串读则升级整页列。,8fd5f85d7de2f72b,FIRSTDETAIL-391717603ff99852,FIRSTFCONF-8d1cde127fe0e238
FCACT-a0b7af0eccf1ca11,P0候选冲突,1,5,E0-冲突异常双人优先核验,Q0-冲突页列第一批先核,湖北招生考试2026年19期·本科普通批（下）,ee61fc69389f24a9a7830167113cf0ddc0447f8fa4b2743cd3241be60a9bd86d,18,left,018-left,P0-候选冲突优先核PDF原页,F0-PDFOCR与高校辅证冲突双人核页×4,4,4,4,4,1,4,4,0,0,专业计划数；学费；再选科目×4,PDF原页记录；湖北官方侧记录；必要高校辅证；冲突任务双人复核；三方一致性记录。,pending_private_pdf_reading×4,pending_private_hubei_reading×4,pending_private_school_reading×4,double_review_not_required×3；pending_double_review×1,pending_private_three_way_field_confirmation×4,blocked_until_required_private_readings_complete×4,not_final_blocked_until_private_readings_complete,公开包只排核验顺序；字段读数、候选值、截图、坐标和人工备注必须留在私有工作台。,双人先核PDF原页和湖北官方侧，再用高校辅证解释差异；不得直接写回。,包内任务完成PDF原页、湖北官方侧、高校辅证和双人复核记录，三方一致性明确后才进入写回评估。,a0b7af0eccf1ca11,FIRSTDETAIL-0a008f059b306a64；FIRSTDETAIL-6e2d3b4c7f4c6ceb；FIRSTDETAIL-8bf313b58dad8c1d；FIRSTDETAIL-ab6063ed0b37268b,FIRSTFCONF-17761d3776eedd60；FIRSTFCONF-83cb8d3b6e656ecc；FIRSTFCONF-3942aec82a357e63；FIRSTFCONF-bcb1e24de45ad9fc
FCACT-efef33f074a1f766,P1缺候选或需看图,1,5,E0-冲突异常双人优先核验,Q0-冲突页列第一批先核,湖北招生考试2026年19期·本科普通批（下）,ee61fc69389f24a9a7830167113cf0ddc0447f8fa4b2743cd3241be60a9bd86d,18,left,018-left,P1-缺PDFOCR候选需人工看图,F1-机器坐标候选辅助核页×5；F4-无候选人工看图×3,8,8,8,8,3,3,0,0,0,专业计划数×8,PDF原页记录；湖北官方侧记录；必要高校辅证；冲突任务双人复核；三方一致性记录。,pending_private_pdf_reading×8,pending_private_hubei_reading×8,pending_private_school_reading×8,double_review_not_required×5；pending_double_review×3,pending_private_three_way_field_confirmation×8,blocked_until_required_private_readings_complete×8,not_final_blocked_until_private_readings_complete,公开包只排核验顺序；字段读数、候选值、截图、坐标和人工备注必须留在私有工作台。,先看PDF原页补读缺候选字段，再查湖北官方侧确认；机器坐标只作定位提示。,包内缺候选字段完成PDF原页补读和湖北官方侧确认；仍冲突则升级双人复核。,efef33f074a1f766,FIRSTDETAIL-18f6e592f362a091；FIRSTDETAIL-5386851502856401；FIRSTDETAIL-72a68e80599c0d0d；FIRSTDETAIL-83d8fa6dcdc1b3f9；FIRSTDETAIL-bbe99b50911e7f34；FIRSTDETAIL-449c8df99faf6a51；FIRSTDETAIL-86668a1fef0683e3；FIRSTDETAIL-c3ce91b769f888ee,FIRSTFCONF-8c1e59bfd7e3e7f7；FIRSTFCONF-7b42fa23376383cc；FIRSTFCONF-f3e1b56fabe4295a；FIRSTFCONF-1bfc913708d9e3b7；FIRSTFCONF-f324b32acc9e5ec2；FIRSTFCONF-3b7ed86d42509404；FIRSTFCONF-06c38771192c2a24；FIRSTFCONF-975886c7921b7ea9
FCACT-4c5044f1b998f41d,P2候选一致但未闭环,1,5,E0-冲突异常双人优先核验,Q0-冲突页列第一批先核,湖北招生考试2026年19期·本科普通批（下）,ee61fc69389f24a9a7830167113cf0ddc0447f8fa4b2743cd3241be60a9bd86d,18,left,018-left,P2-候选一致仍需官方闭环,F2-PDFOCR候选人工确认×5,5,5,5,5,0,0,0,5,0,专业计划数；学费；再选科目×5,PDF原页记录；湖北官方侧记录；必要高校辅证；冲突任务双人复核；三方一致性记录。,pending_private_pdf_reading×5,pending_private_hubei_reading×5,pending_private_school_reading×5,double_review_not_required×5,pending_private_three_way_field_confirmation×5,blocked_until_required_private_readings_complete×5,not_final_blocked_until_private_readings_complete,公开包只排核验顺序；字段读数、候选值、截图、坐标和人工备注必须留在私有工作台。,走快速三方闭环，但仍必须查湖北官方侧；一致也不能跳过官方计划。,包内候选一致字段完成湖北官方侧确认和三方记录；不自动生成推荐依据。,4c5044f1b998f41d,FIRSTDETAIL-06b9748c821af613；FIRSTDETAIL-400b9fb6c1658bc2；FIRSTDETAIL-4a2ece3f20087581；FIRSTDETAIL-c44867e8ce0e0774；FIRSTDETAIL-d3d836a7f7b9fd39,FIRSTFCONF-f4971af13ac69612；FIRSTFCONF-208001f43250728c；FIRSTFCONF-7832e0ea3c6c0571；FIRSTFCONF-d96972f3f181a2bb；FIRSTFCONF-ebb0ebf6971a6557
FCACT-e97f31e1319cc045,P0候选冲突,1,6,E0-冲突异常双人优先核验,Q0-冲突页列第一批先核,湖北招生考试2026年19期·本科普通批（下）,ee61fc69389f24a9a7830167113cf0ddc0447f8fa4b2743cd3241be60a9bd86d,37,left,037-left,P0-候选冲突优先核PDF原页,F0-PDFOCR与高校辅证冲突双人核页×1,1,1,1,1,1,1,1,0,0,专业计划数；学费；再选科目×1,PDF原页记录；湖北官方侧记录；必要高校辅证；冲突任务双人复核；三方一致性记录。,pending_private_pdf_reading×1,pending_private_hubei_reading×1,pending_private_school_reading×1,pending_double_review×1,pending_private_three_way_field_confirmation×1,blocked_until_required_private_readings_complete×1,not_final_blocked_until_private_readings_complete,公开包只排核验顺序；字段读数、候选值、截图、坐标和人工备注必须留在私有工作台。,双人先核PDF原页和湖北官方侧，再用高校辅证解释差异；不得直接写回。,包内任务完成PDF原页、湖北官方侧、高校辅证和双人复核记录，三方一致性明确后才进入写回评估。,e97f31e1319cc045,FIRSTDETAIL-a19646da8920400b,FIRSTFCONF-b932d453a42ac0b0
FCACT-8e6291b670f2e8b7,P1缺候选或需看图,1,6,E0-冲突异常双人优先核验,Q0-冲突页列第一批先核,湖北招生考试2026年19期·本科普通批（下）,ee61fc69389f24a9a7830167113cf0ddc0447f8fa4b2743cd3241be60a9bd86d,37,left,037-left,P1-缺PDFOCR候选需人工看图,F4-无候选人工看图×2,2,2,2,2,2,2,0,0,0,再选科目×2,PDF原页记录；湖北官方侧记录；必要高校辅证；冲突任务双人复核；三方一致性记录。,pending_private_pdf_reading×2,pending_private_hubei_reading×2,pending_private_school_reading×2,pending_double_review×2,pending_private_three_way_field_confirmation×2,blocked_until_required_private_readings_complete×2,not_final_blocked_until_private_readings_complete,公开包只排核验顺序；字段读数、候选值、截图、坐标和人工备注必须留在私有工作台。,先看PDF原页补读缺候选字段，再查湖北官方侧确认；机器坐标只作定位提示。,包内缺候选字段完成PDF原页补读和湖北官方侧确认；仍冲突则升级双人复核。,8e6291b670f2e8b7,FIRSTDETAIL-221bcc4dcd21e125；FIRSTDETAIL-38046516b8ae48b2,FIRSTFCONF-a6814c622cbd9fba；FIRSTFCONF-7ef13d024b3799a0
FCACT-33fe650e7d38ba2b,P3候选需人工确认,1,6,E0-冲突异常双人优先核验,Q0-冲突页列第一批先核,湖北招生考试2026年19期·本科普通批（下）,ee61fc69389f24a9a7830167113cf0ddc0447f8fa4b2743cd3241be60a9bd86d,37,left,037-left,P3-有候选但需人工确认,F2-PDFOCR候选人工确认×2,2,2,2,2,0,0,0,0,2,专业计划数×1；专业计划数；学费×1,PDF原页记录；湖北官方侧记录；必要高校辅证；冲突任务双人复核；三方一致性记录。,pending_private_pdf_reading×2,pending_private_hubei_reading×2,pending_private_school_reading×2,double_review_not_required×2,pending_private_three_way_field_confirmation×2,blocked_until_required_private_readings_complete×2,not_final_blocked_until_private_readings_complete,公开包只排核验顺序；字段读数、候选值、截图、坐标和人工备注必须留在私有工作台。,人工确认候选字段归属、字段列和专业行边界，再进入官方侧核验。,包内候选完成归属确认、原页核验和湖北官方侧记录；发现串读则升级整页列。,33fe650e7d38ba2b,FIRSTDETAIL-f6c5e0b8b2a20f9b；FIRSTDETAIL-fd40ac2674b02354,FIRSTFCONF-7cfe17b640c6e147；FIRSTFCONF-70e4b9fe80a482b1
FCACT-ab86b8954cd5cbac,P0候选冲突,1,7,E0-冲突异常双人优先核验,Q0-冲突页列第一批先核,湖北招生考试2026年19期·本科普通批（下）,ee61fc69389f24a9a7830167113cf0ddc0447f8fa4b2743cd3241be60a9bd86d,137,right,137-right,P0-候选冲突优先核PDF原页,F0-PDFOCR与高校辅证冲突双人核页×1,1,1,1,1,1,1,1,0,0,专业计划数；学费；再选科目×1,PDF原页记录；湖北官方侧记录；必要高校辅证；冲突任务双人复核；三方一致性记录。,pending_private_pdf_reading×1,pending_private_hubei_reading×1,pending_private_school_reading×1,pending_double_review×1,pending_private_three_way_field_confirmation×1,blocked_until_required_private_readings_complete×1,not_final_blocked_until_private_readings_complete,公开包只排核验顺序；字段读数、候选值、截图、坐标和人工备注必须留在私有工作台。,双人先核PDF原页和湖北官方侧，再用高校辅证解释差异；不得直接写回。,包内任务完成PDF原页、湖北官方侧、高校辅证和双人复核记录，三方一致性明确后才进入写回评估。,ab86b8954cd5cbac,FIRSTDETAIL-58197f021c0a83a3,FIRSTFCONF-f7aa9568f525b6b5
FCACT-30a480f8b3b0515e,P1缺候选或需看图,1,8,E0-冲突异常双人优先核验,Q0-冲突页列第一批先核,湖北招生考试2026年19期·本科普通批（下）,ee61fc69389f24a9a7830167113cf0ddc0447f8fa4b2743cd3241be60a9bd86d,194,left,194-left,P1-缺PDFOCR候选需人工看图,F1-机器坐标候选辅助核页×7,7,7,7,0,7,0,0,0,0,专业计划数×7,PDF原页记录；湖北官方侧记录；必要高校辅证；冲突任务双人复核；三方一致性记录。,pending_private_pdf_reading×7,pending_private_hubei_reading×7,not_applicable_no_school_field_clue×7,pending_double_review×7,pending_private_three_way_field_confirmation×7,blocked_until_required_private_readings_complete×7,not_final_blocked_until_private_readings_complete,公开包只排核验顺序；字段读数、候选值、截图、坐标和人工备注必须留在私有工作台。,先看PDF原页补读缺候选字段，再查湖北官方侧确认；机器坐标只作定位提示。,包内缺候选字段完成PDF原页补读和湖北官方侧确认；仍冲突则升级双人复核。,30a480f8b3b0515e,FIRSTDETAIL-15f16e7e9cbea148；FIRSTDETAIL-201082e10e934fd6；FIRSTDETAIL-39dc41c06356c551；FIRSTDETAIL-7ac045a60665505d；FIRSTDETAIL-a27c8398f1cd4fda；FIRSTDETAIL-a9bba347a300c262；FIRSTDETAIL-fa92585c6f8f40aa,FIRSTFCONF-2f1413f1abba76ea；FIRSTFCONF-6629a23c60861b19；FIRSTFCONF-e1944cad76e3e314；FIRSTFCONF-452c0ce479bb2195；FIRSTFCONF-c12fd40e238bdb2e；FIRSTFCONF-76e95a074021e1c9；FIRSTFCONF-3d0fa0f683e65727
FCACT-f3074c79a3cb6270,P0候选冲突,1,9,E0-冲突异常双人优先核验,Q0-冲突页列第一批先核,湖北招生考试2026年19期·本科普通批（下）,ee61fc69389f24a9a7830167113cf0ddc0447f8fa4b2743cd3241be60a9bd86d,56,left,056-left,P0-候选冲突优先核PDF原页,F0-PDFOCR与高校辅证冲突双人核页×1,1,1,1,1,0,1,1,0,0,专业计划数；学费；再选科目×1,PDF原页记录；湖北官方侧记录；必要高校辅证；冲突任务双人复核；三方一致性记录。,pending_private_pdf_reading×1,pending_private_hubei_reading×1,pending_private_school_reading×1,double_review_not_required×1,pending_private_three_way_field_confirmation×1,blocked_until_required_private_readings_complete×1,not_final_blocked_until_private_readings_complete,公开包只排核验顺序；字段读数、候选值、截图、坐标和人工备注必须留在私有工作台。,双人先核PDF原页和湖北官方侧，再用高校辅证解释差异；不得直接写回。,包内任务完成PDF原页、湖北官方侧、高校辅证和双人复核记录，三方一致性明确后才进入写回评估。,f3074c79a3cb6270,FIRSTDETAIL-3fddffa420d16af2,FIRSTFCONF-ec2e1a3326dbadd9
FCACT-2ef85b45a0e1d9f4,P1缺候选或需看图,1,9,E0-冲突异常双人优先核验,Q0-冲突页列第一批先核,湖北招生考试2026年19期·本科普通批（下）,ee61fc69389f24a9a7830167113cf0ddc0447f8fa4b2743cd3241be60a9bd86d,56,left,056-left,P1-缺PDFOCR候选需人工看图,F1-机器坐标候选辅助核页×5；F2-PDFOCR候选人工确认×5,10,10,10,9,2,0,0,0,0,专业计划数×5；专业计划数；学费；再选科目×5,PDF原页记录；湖北官方侧记录；必要高校辅证；冲突任务双人复核；三方一致性记录。,pending_private_pdf_reading×10,pending_private_hubei_reading×10,pending_private_school_reading×9；not_applicable_no_school_field_clue×1,double_review_not_required×8；pending_double_review×2,pending_private_three_way_field_confirmation×10,blocked_until_required_private_readings_complete×10,not_final_blocked_until_private_readings_complete,公开包只排核验顺序；字段读数、候选值、截图、坐标和人工备注必须留在私有工作台。,先看PDF原页补读缺候选字段，再查湖北官方侧确认；机器坐标只作定位提示。,包内缺候选字段完成PDF原页补读和湖北官方侧确认；仍冲突则升级双人复核。,2ef85b45a0e1d9f4,FIRSTDETAIL-4eefd8f052c8caa8；FIRSTDETAIL-9bb3690e9f7ce659；FIRSTDETAIL-bbb56cc44278edb4；FIRSTDETAIL-d1b16ab1e2bfb550；FIRSTDETAIL-ea384950294b8432；FIRSTDETAIL-27b2b164f7a898c0；FIRSTDETAIL-765f09947ed9a2d8；FIRSTDETAIL-94e95b76bf217529；FIRSTDETAIL-9b82a945c23a2501；FIRSTDETAIL-e5c797c090e5d43d,FIRSTFCONF-8c1e1de5a448d9ea；FIRSTFCONF-918dc50b42a1b3da；FIRSTFCONF-4c536857afcd6c72；FIRSTFCONF-6fc176e358bc51e0；FIRSTFCONF-8d63cf4d4a663fcb；FIRSTFCONF-4af8152a68121595；FIRSTFCONF-1e49c2eb7ad08ab2；FIRSTFCONF-176f1420ed7db258；FIRSTFCONF-024755fb633466bc；FIRSTFCONF-4d1c36e77bf5975d
FCACT-c526050569c99780,P1缺候选或需看图,2,9,E0-冲突异常双人优先核验,Q0-冲突页列第一批先核,湖北招生考试2026年19期·本科普通批（下）,ee61fc69389f24a9a7830167113cf0ddc0447f8fa4b2743cd3241be60a9bd86d,56,left,056-left,P1-缺PDFOCR候选需人工看图,F4-无候选人工看图×3；F2-PDFOCR候选人工确认×1,4,4,4,4,1,3,0,0,0,专业计划数×3；专业计划数；学费；再选科目×1,PDF原页记录；湖北官方侧记录；必要高校辅证；冲突任务双人复核；三方一致性记录。,pending_private_pdf_reading×4,pending_private_hubei_reading×4,pending_private_school_reading×4,double_review_not_required×3；pending_double_review×1,pending_private_three_way_field_confirmation×4,blocked_until_required_private_readings_complete×4,not_final_blocked_until_private_readings_complete,公开包只排核验顺序；字段读数、候选值、截图、坐标和人工备注必须留在私有工作台。,先看PDF原页补读缺候选字段，再查湖北官方侧确认；机器坐标只作定位提示。,包内缺候选字段完成PDF原页补读和湖北官方侧确认；仍冲突则升级双人复核。,c526050569c99780,FIRSTDETAIL-f7da998b19762486；FIRSTDETAIL-10021805233b3fcd；FIRSTDETAIL-e6fbb1e8eb1cf347；FIRSTDETAIL-ff27b52817e165bb,FIRSTFCONF-e52e1f9c944a49d7；FIRSTFCONF-a817b480f6cffa4d；FIRSTFCONF-d1d631457398657a；FIRSTFCONF-c6e6620f726bbe8f
FCACT-8ebfe454dae69064,P3候选需人工确认,1,9,E0-冲突异常双人优先核验,Q0-冲突页列第一批先核,湖北招生考试2026年19期·本科普通批（下）,ee61fc69389f24a9a7830167113cf0ddc0447f8fa4b2743cd3241be60a9bd86d,56,left,056-left,P3-有候选但需人工确认,F2-PDFOCR候选人工确认×1,1,1,1,1,0,0,0,0,1,学费×1,PDF原页记录；湖北官方侧记录；必要高校辅证；冲突任务双人复核；三方一致性记录。,pending_private_pdf_reading×1,pending_private_hubei_reading×1,pending_private_school_reading×1,double_review_not_required×1,pending_private_three_way_field_confirmation×1,blocked_until_required_private_readings_complete×1,not_final_blocked_until_private_readings_complete,公开包只排核验顺序；字段读数、候选值、截图、坐标和人工备注必须留在私有工作台。,人工确认候选字段归属、字段列和专业行边界，再进入官方侧核验。,包内候选完成归属确认、原页核验和湖北官方侧记录；发现串读则升级整页列。,8ebfe454dae69064,FIRSTDETAIL-7b0367a699848980,FIRSTFCONF-0f8a016984a7b5ba
FCACT-83508156ce15dce4,P1缺候选或需看图,1,10,E0-冲突异常双人优先核验,Q0-冲突页列第一批先核,湖北招生考试2026年19期·本科普通批（下）,ee61fc69389f24a9a7830167113cf0ddc0447f8fa4b2743cd3241be60a9bd86d,70,left,070-left,P1-缺PDFOCR候选需人工看图,F1-机器坐标候选辅助核页×1,1,1,1,0,1,0,0,0,0,专业计划数×1,PDF原页记录；湖北官方侧记录；必要高校辅证；冲突任务双人复核；三方一致性记录。,pending_private_pdf_reading×1,pending_private_hubei_reading×1,not_applicable_no_school_field_clue×1,pending_double_review×1,pending_private_three_way_field_confirmation×1,blocked_until_required_private_readings_complete×1,not_final_blocked_until_private_readings_complete,公开包只排核验顺序；字段读数、候选值、截图、坐标和人工备注必须留在私有工作台。,先看PDF原页补读缺候选字段，再查湖北官方侧确认；机器坐标只作定位提示。,包内缺候选字段完成PDF原页补读和湖北官方侧确认；仍冲突则升级双人复核。,83508156ce15dce4,FIRSTDETAIL-9eac4f6af5d6cae4,FIRSTFCONF-0fd2dd72b0ed2fe3
FCACT-6d5e5d7d77ed3145,P3候选需人工确认,1,10,E0-冲突异常双人优先核验,Q0-冲突页列第一批先核,湖北招生考试2026年19期·本科普通批（下）,ee61fc69389f24a9a7830167113cf0ddc0447f8fa4b2743cd3241be60a9bd86d,70,left,070-left,P3-有候选但需人工确认,F2-PDFOCR候选人工确认×1,1,1,1,1,0,0,0,0,1,再选科目×1,PDF原页记录；湖北官方侧记录；必要高校辅证；冲突任务双人复核；三方一致性记录。,pending_private_pdf_reading×1,pending_private_hubei_reading×1,pending_private_school_reading×1,double_review_not_required×1,pending_private_three_way_field_confirmation×1,blocked_until_required_private_readings_complete×1,not_final_blocked_until_private_readings_complete,公开包只排核验顺序；字段读数、候选值、截图、坐标和人工备注必须留在私有工作台。,人工确认候选字段归属、字段列和专业行边界，再进入官方侧核验。,包内候选完成归属确认、原页核验和湖北官方侧记录；发现串读则升级整页列。,6d5e5d7d77ed3145,FIRSTDETAIL-29fccc884dede6ea,FIRSTFCONF-ab8988b28c6b213e
FCACT-454310e5e035de04,P1缺候选或需看图,1,11,E0-冲突异常双人优先核验,Q0-冲突页列第一批先核,湖北招生考试2026年19期·本科普通批（下）,ee61fc69389f24a9a7830167113cf0ddc0447f8fa4b2743cd3241be60a9bd86d,23,left,023-left,P1-缺PDFOCR候选需人工看图,F1-机器坐标候选辅助核页×1,1,1,1,0,1,0,0,0,0,专业计划数×1,PDF原页记录；湖北官方侧记录；必要高校辅证；冲突任务双人复核；三方一致性记录。,pending_private_pdf_reading×1,pending_private_hubei_reading×1,not_applicable_no_school_field_clue×1,pending_double_review×1,pending_private_three_way_field_confirmation×1,blocked_until_required_private_readings_complete×1,not_final_blocked_until_private_readings_complete,公开包只排核验顺序；字段读数、候选值、截图、坐标和人工备注必须留在私有工作台。,先看PDF原页补读缺候选字段，再查湖北官方侧确认；机器坐标只作定位提示。,包内缺候选字段完成PDF原页补读和湖北官方侧确认；仍冲突则升级双人复核。,454310e5e035de04,FIRSTDETAIL-c5ac679ddb002982,FIRSTFCONF-30bd4576831c98ec
FCACT-4513dfc2da58cd1d,P1缺候选或需看图,1,12,E0-冲突异常双人优先核验,Q0-冲突页列第一批先核,湖北招生考试2026年19期·本科普通批（下）,ee61fc69389f24a9a7830167113cf0ddc0447f8fa4b2743cd3241be60a9bd86d,40,right,040-right,P1-缺PDFOCR候选需人工看图,F1-机器坐标候选辅助核页×1,1,1,1,0,1,0,0,0,0,专业计划数×1,PDF原页记录；湖北官方侧记录；必要高校辅证；冲突任务双人复核；三方一致性记录。,pending_private_pdf_reading×1,pending_private_hubei_reading×1,not_applicable_no_school_field_clue×1,pending_double_review×1,pending_private_three_way_field_confirmation×1,blocked_until_required_private_readings_complete×1,not_final_blocked_until_private_readings_complete,公开包只排核验顺序；字段读数、候选值、截图、坐标和人工备注必须留在私有工作台。,先看PDF原页补读缺候选字段，再查湖北官方侧确认；机器坐标只作定位提示。,包内缺候选字段完成PDF原页补读和湖北官方侧确认；仍冲突则升级双人复核。,4513dfc2da58cd1d,FIRSTDETAIL-f4f81445f1154c09,FIRSTFCONF-38c482ea97370c93
FCACT-4992237d413f1f03,P1缺候选或需看图,1,13,E0-冲突异常双人优先核验,Q0-冲突页列第一批先核,湖北招生考试2026年19期·本科普通批（下）,ee61fc69389f24a9a7830167113cf0ddc0447f8fa4b2743cd3241be60a9bd86d,43,left,043-left,P1-缺PDFOCR候选需人工看图,F1-机器坐标候选辅助核页×1,1,1,1,0,1,0,0,0,0,专业计划数×1,PDF原页记录；湖北官方侧记录；必要高校辅证；冲突任务双人复核；三方一致性记录。,pending_private_pdf_reading×1,pending_private_hubei_reading×1,not_applicable_no_school_field_clue×1,pending_double_review×1,pending_private_three_way_field_confirmation×1,blocked_until_required_private_readings_complete×1,not_final_blocked_until_private_readings_complete,公开包只排核验顺序；字段读数、候选值、截图、坐标和人工备注必须留在私有工作台。,先看PDF原页补读缺候选字段，再查湖北官方侧确认；机器坐标只作定位提示。,包内缺候选字段完成PDF原页补读和湖北官方侧确认；仍冲突则升级双人复核。,4992237d413f1f03,FIRSTDETAIL-1c8bc4f8c1ddedbe,FIRSTFCONF-ac849e88a34e09c1
FCACT-dc17061eccf930a2,P1缺候选或需看图,1,14,E0-冲突异常双人优先核验,Q0-冲突页列第一批先核,湖北招生考试2026年19期·本科普通批（下）,ee61fc69389f24a9a7830167113cf0ddc0447f8fa4b2743cd3241be60a9bd86d,53,right,053-right,P1-缺PDFOCR候选需人工看图,F1-机器坐标候选辅助核页×1,1,1,1,0,1,0,0,0,0,学费×1,PDF原页记录；湖北官方侧记录；必要高校辅证；冲突任务双人复核；三方一致性记录。,pending_private_pdf_reading×1,pending_private_hubei_reading×1,not_applicable_no_school_field_clue×1,pending_double_review×1,pending_private_three_way_field_confirmation×1,blocked_until_required_private_readings_complete×1,not_final_blocked_until_private_readings_complete,公开包只排核验顺序；字段读数、候选值、截图、坐标和人工备注必须留在私有工作台。,先看PDF原页补读缺候选字段，再查湖北官方侧确认；机器坐标只作定位提示。,包内缺候选字段完成PDF原页补读和湖北官方侧确认；仍冲突则升级双人复核。,dc17061eccf930a2,FIRSTDETAIL-06bdcbfe6216116c,FIRSTFCONF-d7f7663ab3923166
FCACT-e8ebe5883d3712c0,P1缺候选或需看图,1,15,E0-冲突异常双人优先核验,Q0-冲突页列第一批先核,湖北招生考试2026年19期·本科普通批（下）,ee61fc69389f24a9a7830167113cf0ddc0447f8fa4b2743cd3241be60a9bd86d,93,left,093-left,P1-缺PDFOCR候选需人工看图,F1-机器坐标候选辅助核页×1,1,1,1,0,1,0,0,0,0,学费×1,PDF原页记录；湖北官方侧记录；必要高校辅证；冲突任务双人复核；三方一致性记录。,pending_private_pdf_reading×1,pending_private_hubei_reading×1,not_applicable_no_school_field_clue×1,pending_double_review×1,pending_private_three_way_field_confirmation×1,blocked_until_required_private_readings_complete×1,not_final_blocked_until_private_readings_complete,公开包只排核验顺序；字段读数、候选值、截图、坐标和人工备注必须留在私有工作台。,先看PDF原页补读缺候选字段，再查湖北官方侧确认；机器坐标只作定位提示。,包内缺候选字段完成PDF原页补读和湖北官方侧确认；仍冲突则升级双人复核。,e8ebe5883d3712c0,FIRSTDETAIL-8fc637e34e459ece,FIRSTFCONF-bac86513d5816620
FCACT-8ae9aeed25f6c6b1,P1缺候选或需看图,1,16,E0-冲突异常双人优先核验,Q0-冲突页列第一批先核,湖北招生考试2026年19期·本科普通批（下）,ee61fc69389f24a9a7830167113cf0ddc0447f8fa4b2743cd3241be60a9bd86d,141,left,141-left,P1-缺PDFOCR候选需人工看图,F1-机器坐标候选辅助核页×1,1,1,1,0,1,0,0,0,0,学费×1,PDF原页记录；湖北官方侧记录；必要高校辅证；冲突任务双人复核；三方一致性记录。,pending_private_pdf_reading×1,pending_private_hubei_reading×1,not_applicable_no_school_field_clue×1,pending_double_review×1,pending_private_three_way_field_confirmation×1,blocked_until_required_private_readings_complete×1,not_final_blocked_until_private_readings_complete,公开包只排核验顺序；字段读数、候选值、截图、坐标和人工备注必须留在私有工作台。,先看PDF原页补读缺候选字段，再查湖北官方侧确认；机器坐标只作定位提示。,包内缺候选字段完成PDF原页补读和湖北官方侧确认；仍冲突则升级双人复核。,8ae9aeed25f6c6b1,FIRSTDETAIL-7c954b0742d262ad,FIRSTFCONF-c68811d34cdf57d7
FCACT-250625925931638c,P1缺候选或需看图,1,17,E0-冲突异常双人优先核验,Q0-冲突页列第一批先核,湖北招生考试2026年19期·本科普通批（下）,ee61fc69389f24a9a7830167113cf0ddc0447f8fa4b2743cd3241be60a9bd86d,205,left,205-left,P1-缺PDFOCR候选需人工看图,F1-机器坐标候选辅助核页×1,1,1,1,0,1,0,0,0,0,学费×1,PDF原页记录；湖北官方侧记录；必要高校辅证；冲突任务双人复核；三方一致性记录。,pending_private_pdf_reading×1,pending_private_hubei_reading×1,not_applicable_no_school_field_clue×1,pending_double_review×1,pending_private_three_way_field_confirmation×1,blocked_until_required_private_readings_complete×1,not_final_blocked_until_private_readings_complete,公开包只排核验顺序；字段读数、候选值、截图、坐标和人工备注必须留在私有工作台。,先看PDF原页补读缺候选字段，再查湖北官方侧确认；机器坐标只作定位提示。,包内缺候选字段完成PDF原页补读和湖北官方侧确认；仍冲突则升级双人复核。,250625925931638c,FIRSTDETAIL-5c92e1c3b94132ae,FIRSTFCONF-c6c2062ce8625837
FCACT-8176561ec7ed499d,P1缺候选或需看图,1,18,E0-冲突异常双人优先核验,Q0-冲突页列第一批先核,湖北招生考试2026年19期·本科普通批（下）,ee61fc69389f24a9a7830167113cf0ddc0447f8fa4b2743cd3241be60a9bd86d,235,right,235-right,P1-缺PDFOCR候选需人工看图,F1-机器坐标候选辅助核页×1,1,1,1,0,1,0,0,0,0,专业计划数×1,PDF原页记录；湖北官方侧记录；必要高校辅证；冲突任务双人复核；三方一致性记录。,pending_private_pdf_reading×1,pending_private_hubei_reading×1,not_applicable_no_school_field_clue×1,pending_double_review×1,pending_private_three_way_field_confirmation×1,blocked_until_required_private_readings_complete×1,not_final_blocked_until_private_readings_complete,公开包只排核验顺序；字段读数、候选值、截图、坐标和人工备注必须留在私有工作台。,先看PDF原页补读缺候选字段，再查湖北官方侧确认；机器坐标只作定位提示。,包内缺候选字段完成PDF原页补读和湖北官方侧确认；仍冲突则升级双人复核。,8176561ec7ed499d,FIRSTDETAIL-3a235d2d79010832,FIRSTFCONF-e7e659649d7c7a56
FCACT-e494173949f12bca,P0候选冲突,1,19,E1-计划数补缺或偏大优先核验,Q1-补缺或计划数偏大页列先核,湖北招生考试2026年19期·本科普通批（下）,ee61fc69389f24a9a7830167113cf0ddc0447f8fa4b2743cd3241be60a9bd86d,226,left,226-left,P0-候选冲突优先核PDF原页,F0-PDFOCR与高校辅证冲突双人核页×1,1,1,1,1,0,1,1,0,0,专业计划数；学费；再选科目×1,PDF原页记录；湖北官方侧记录；必要高校辅证；冲突任务双人复核；三方一致性记录。,pending_private_pdf_reading×1,pending_private_hubei_reading×1,pending_private_school_reading×1,double_review_not_required×1,pending_private_three_way_field_confirmation×1,blocked_until_required_private_readings_complete×1,not_final_blocked_until_private_readings_complete,公开包只排核验顺序；字段读数、候选值、截图、坐标和人工备注必须留在私有工作台。,双人先核PDF原页和湖北官方侧，再用高校辅证解释差异；不得直接写回。,包内任务完成PDF原页、湖北官方侧、高校辅证和双人复核记录，三方一致性明确后才进入写回评估。,e494173949f12bca,FIRSTDETAIL-1ee8dfd8190933ae,FIRSTFCONF-32621c8f76a61f55
FCACT-8292f04c2eaa2c67,P1缺候选或需看图,1,19,E1-计划数补缺或偏大优先核验,Q1-补缺或计划数偏大页列先核,湖北招生考试2026年19期·本科普通批（下）,ee61fc69389f24a9a7830167113cf0ddc0447f8fa4b2743cd3241be60a9bd86d,226,left,226-left,P1-缺PDFOCR候选需人工看图,F1-机器坐标候选辅助核页×10,10,10,10,10,0,0,0,0,0,专业计划数×10,PDF原页记录；湖北官方侧记录；必要高校辅证；冲突任务双人复核；三方一致性记录。,pending_private_pdf_reading×10,pending_private_hubei_reading×10,pending_private_school_reading×10,double_review_not_required×10,pending_private_three_way_field_confirmation×10,blocked_until_required_private_readings_complete×10,not_final_blocked_until_private_readings_complete,公开包只排核验顺序；字段读数、候选值、截图、坐标和人工备注必须留在私有工作台。,先看PDF原页补读缺候选字段，再查湖北官方侧确认；机器坐标只作定位提示。,包内缺候选字段完成PDF原页补读和湖北官方侧确认；仍冲突则升级双人复核。,8292f04c2eaa2c67,FIRSTDETAIL-0c2c7f71cddb2ffe；FIRSTDETAIL-33259a9f9d763d46；FIRSTDETAIL-4e84b7d69fa1307d；FIRSTDETAIL-65d09d5c33f190b6；FIRSTDETAIL-82a0f5989c55884d；FIRSTDETAIL-b32e99b3f89bcaa4；FIRSTDETAIL-bb5d3b024be0552c；FIRSTDETAIL-d4cdf918277c76bf；FIRSTDETAIL-d5d208cd0ff1bb9a；FIRSTDETAIL-d9c74451cbf525d6,FIRSTFCONF-7fe9fa564d5205fc；FIRSTFCONF-1caa792d9fd8b3ac；FIRSTFCONF-0fc41e377eb675ea；FIRSTFCONF-db24b4b0c2b0498c；FIRSTFCONF-aea07e8a29911a5d；FIRSTFCONF-41b9ab0c04bf7a9b；FIRSTFCONF-5ca07b441b5a80b5；FIRSTFCONF-a62f1b9a38f0fcec；FIRSTFCONF-ce3e4c77cb60a4f3；FIRSTFCONF-ed115d82591deeba
FCACT-9b7430732d85ea59,P1缺候选或需看图,2,19,E1-计划数补缺或偏大优先核验,Q1-补缺或计划数偏大页列先核,湖北招生考试2026年19期·本科普通批（下）,ee61fc69389f24a9a7830167113cf0ddc0447f8fa4b2743cd3241be60a9bd86d,226,left,226-left,P1-缺PDFOCR候选需人工看图,F2-PDFOCR候选人工确认×7；F1-机器坐标候选辅助核页×3,10,10,10,10,1,0,0,0,0,专业计划数；学费；再选科目×7；专业计划数×3,PDF原页记录；湖北官方侧记录；必要高校辅证；冲突任务双人复核；三方一致性记录。,pending_private_pdf_reading×10,pending_private_hubei_reading×10,pending_private_school_reading×10,double_review_not_required×9；pending_double_review×1,pending_private_three_way_field_confirmation×10,blocked_until_required_private_readings_complete×10,not_final_blocked_until_private_readings_complete,公开包只排核验顺序；字段读数、候选值、截图、坐标和人工备注必须留在私有工作台。,先看PDF原页补读缺候选字段，再查湖北官方侧确认；机器坐标只作定位提示。,包内缺候选字段完成PDF原页补读和湖北官方侧确认；仍冲突则升级双人复核。,9b7430732d85ea59,FIRSTDETAIL-dc40f34e14e25f2f；FIRSTDETAIL-e3f2baf339214a72；FIRSTDETAIL-fb5351ca095fd3ed；FIRSTDETAIL-0be9752f6cd20305；FIRSTDETAIL-118893a6fd1a625c；FIRSTDETAIL-1b96b10668597560；FIRSTDETAIL-22bc0ea3bfe8651a；FIRSTDETAIL-23e2812045bd9473；FIRSTDETAIL-38e50924bb176727；FIRSTDETAIL-39187a6d7560b6e7,FIRSTFCONF-098a38993221b6d2；FIRSTFCONF-61942d5c0b5ffe00；FIRSTFCONF-5cdd343a0ef61bac；FIRSTFCONF-2ff92923acebb3f1；FIRSTFCONF-40a9122bddad4eed；FIRSTFCONF-d35720a0bb155f77；FIRSTFCONF-cacdd7f296c88a07；FIRSTFCONF-36c935e3eac5b304；FIRSTFCONF-72780921b1605020；FIRSTFCONF-b888f314b3908c62
FCACT-6b8cdf3ca3fb0649,P1缺候选或需看图,3,19,E1-计划数补缺或偏大优先核验,Q1-补缺或计划数偏大页列先核,湖北招生考试2026年19期·本科普通批（下）,ee61fc69389f24a9a7830167113cf0ddc0447f8fa4b2743cd3241be60a9bd86d,226,left,226-left,P1-缺PDFOCR候选需人工看图,F2-PDFOCR候选人工确认×10,10,10,10,10,0,0,0,0,0,专业计划数；学费；再选科目×10,PDF原页记录；湖北官方侧记录；必要高校辅证；冲突任务双人复核；三方一致性记录。,pending_private_pdf_reading×10,pending_private_hubei_reading×10,pending_private_school_reading×10,double_review_not_required×10,pending_private_three_way_field_confirmation×10,blocked_until_required_private_readings_complete×10,not_final_blocked_until_private_readings_complete,公开包只排核验顺序；字段读数、候选值、截图、坐标和人工备注必须留在私有工作台。,先看PDF原页补读缺候选字段，再查湖北官方侧确认；机器坐标只作定位提示。,包内缺候选字段完成PDF原页补读和湖北官方侧确认；仍冲突则升级双人复核。,6b8cdf3ca3fb0649,FIRSTDETAIL-71edd57df6132e94；FIRSTDETAIL-81c8c77e8830e077；FIRSTDETAIL-844eebd62e0ea14a；FIRSTDETAIL-88c7883b4b4503f6；FIRSTDETAIL-88d1b347fbb30275；FIRSTDETAIL-a0ac8bdfbadc9df6；FIRSTDETAIL-be264c75f53789f6；FIRSTDETAIL-c45ce9a5ad638ec1；FIRSTDETAIL-d5c9c69ee717f2f3；FIRSTDETAIL-eb9ea199817a9465,FIRSTFCONF-ad84a6f71a8608a4；FIRSTFCONF-af73484e80e6a525；FIRSTFCONF-cade3a0dcc799865；FIRSTFCONF-44559f7e0ad1dd1e；FIRSTFCONF-2bac4a4f8d47c01e；FIRSTFCONF-06a4c38e98b8bbd4；FIRSTFCONF-2842d2f855ecf2d4；FIRSTFCONF-3555fc229d319725；FIRSTFCONF-dc096c71e7385e25；FIRSTFCONF-fd6e19767574188c
FCACT-bb0622dae88dea56,P1缺候选或需看图,4,19,E1-计划数补缺或偏大优先核验,Q1-补缺或计划数偏大页列先核,湖北招生考试2026年19期·本科普通批（下）,ee61fc69389f24a9a7830167113cf0ddc0447f8fa4b2743cd3241be60a9bd86d,226,left,226-left,P1-缺PDFOCR候选需人工看图,F4-无候选人工看图×6；F2-PDFOCR候选人工确认×1,7,7,7,7,4,6,0,0,0,专业计划数×6；专业计划数；学费；再选科目×1,PDF原页记录；湖北官方侧记录；必要高校辅证；冲突任务双人复核；三方一致性记录。,pending_private_pdf_reading×7,pending_private_hubei_reading×7,pending_private_school_reading×7,pending_double_review×4；double_review_not_required×3,pending_private_three_way_field_confirmation×7,blocked_until_required_private_readings_complete×7,not_final_blocked_until_private_readings_complete,公开包只排核验顺序；字段读数、候选值、截图、坐标和人工备注必须留在私有工作台。,先看PDF原页补读缺候选字段，再查湖北官方侧确认；机器坐标只作定位提示。,包内缺候选字段完成PDF原页补读和湖北官方侧确认；仍冲突则升级双人复核。,bb0622dae88dea56,FIRSTDETAIL-fec7ce08455236f6；FIRSTDETAIL-4be2297b222daff5；FIRSTDETAIL-7bedb10cacefefe5；FIRSTDETAIL-9492c8564a765ada；FIRSTDETAIL-b47bcb8a4b82264a；FIRSTDETAIL-bb340f79f9405382；FIRSTDETAIL-c33e439309ee3511,FIRSTFCONF-ce767e858663674a；FIRSTFCONF-19a5402e47476b92；FIRSTFCONF-b002dcbfa87d0a87；FIRSTFCONF-359d4bb1a3118b60；FIRSTFCONF-89a036ed9c891c83；FIRSTFCONF-ab88459e2609ae37；FIRSTFCONF-af02da08b6f8730c
FCACT-55e9aac5e139475e,P3候选需人工确认,1,19,E1-计划数补缺或偏大优先核验,Q1-补缺或计划数偏大页列先核,湖北招生考试2026年19期·本科普通批（下）,ee61fc69389f24a9a7830167113cf0ddc0447f8fa4b2743cd3241be60a9bd86d,226,left,226-left,P3-有候选但需人工确认,F2-PDFOCR候选人工确认×1,1,1,1,1,0,0,0,0,1,学费；再选科目×1,PDF原页记录；湖北官方侧记录；必要高校辅证；冲突任务双人复核；三方一致性记录。,pending_private_pdf_reading×1,pending_private_hubei_reading×1,pending_private_school_reading×1,double_review_not_required×1,pending_private_three_way_field_confirmation×1,blocked_until_required_private_readings_complete×1,not_final_blocked_until_private_readings_complete,公开包只排核验顺序；字段读数、候选值、截图、坐标和人工备注必须留在私有工作台。,人工确认候选字段归属、字段列和专业行边界，再进入官方侧核验。,包内候选完成归属确认、原页核验和湖北官方侧记录；发现串读则升级整页列。,55e9aac5e139475e,FIRSTDETAIL-890f406b7b9b56e5,FIRSTFCONF-2feb8c8064d10c18
FCACT-2c77ae39863c4a97,P1缺候选或需看图,1,20,E1-计划数补缺或偏大优先核验,Q1-补缺或计划数偏大页列先核,湖北招生考试2026年19期·本科普通批（下）,ee61fc69389f24a9a7830167113cf0ddc0447f8fa4b2743cd3241be60a9bd86d,109,left,109-left,P1-缺PDFOCR候选需人工看图,F4-无候选人工看图×4,4,4,4,4,2,4,0,0,0,专业计划数×4,PDF原页记录；湖北官方侧记录；必要高校辅证；冲突任务双人复核；三方一致性记录。,pending_private_pdf_reading×4,pending_private_hubei_reading×4,pending_private_school_reading×4,pending_double_review×2；double_review_not_required×2,pending_private_three_way_field_confirmation×4,blocked_until_required_private_readings_complete×4,not_final_blocked_until_private_readings_complete,公开包只排核验顺序；字段读数、候选值、截图、坐标和人工备注必须留在私有工作台。,先看PDF原页补读缺候选字段，再查湖北官方侧确认；机器坐标只作定位提示。,包内缺候选字段完成PDF原页补读和湖北官方侧确认；仍冲突则升级双人复核。,2c77ae39863c4a97,FIRSTDETAIL-0343054865ae6f8f；FIRSTDETAIL-2038c10c7b1108c6；FIRSTDETAIL-9fb134ed7e2c215d；FIRSTDETAIL-f0c16ae7f65a6b84,FIRSTFCONF-6ec0619c9d3b0681；FIRSTFCONF-b3111d535ae5d63b；FIRSTFCONF-8d4ac049af379e0c；FIRSTFCONF-9b01d37d8e5203c5
FCACT-ff65eda299fc2487,P2候选一致但未闭环,1,20,E1-计划数补缺或偏大优先核验,Q1-补缺或计划数偏大页列先核,湖北招生考试2026年19期·本科普通批（下）,ee61fc69389f24a9a7830167113cf0ddc0447f8fa4b2743cd3241be60a9bd86d,109,left,109-left,P2-候选一致仍需官方闭环,F2-PDFOCR候选人工确认×4,4,4,4,4,0,0,0,4,0,专业计划数；学费；再选科目×2；专业计划数；学费×2,PDF原页记录；湖北官方侧记录；必要高校辅证；冲突任务双人复核；三方一致性记录。,pending_private_pdf_reading×4,pending_private_hubei_reading×4,pending_private_school_reading×4,double_review_not_required×4,pending_private_three_way_field_confirmation×4,blocked_until_required_private_readings_complete×4,not_final_blocked_until_private_readings_complete,公开包只排核验顺序；字段读数、候选值、截图、坐标和人工备注必须留在私有工作台。,走快速三方闭环，但仍必须查湖北官方侧；一致也不能跳过官方计划。,包内候选一致字段完成湖北官方侧确认和三方记录；不自动生成推荐依据。,ff65eda299fc2487,FIRSTDETAIL-7040975d5436c8a8；FIRSTDETAIL-85ebc004f0ee6aa0；FIRSTDETAIL-a0e1bc6648e21db0；FIRSTDETAIL-b50d8b9170f5d692,FIRSTFCONF-789a85f53b390e71；FIRSTFCONF-97908fc9e22a23b9；FIRSTFCONF-e7fa47854b77d98e；FIRSTFCONF-612e46567a4a8571
FCACT-647d01c0b8856a48,P0候选冲突,1,21,E1-计划数补缺或偏大优先核验,Q1-补缺或计划数偏大页列先核,湖北招生考试2026年19期·本科普通批（下）,ee61fc69389f24a9a7830167113cf0ddc0447f8fa4b2743cd3241be60a9bd86d,226,right,226-right,P0-候选冲突优先核PDF原页,F0-PDFOCR与高校辅证冲突双人核页×2,2,2,2,2,0,2,2,0,0,专业计划数；学费；再选科目×2,PDF原页记录；湖北官方侧记录；必要高校辅证；冲突任务双人复核；三方一致性记录。,pending_private_pdf_reading×2,pending_private_hubei_reading×2,pending_private_school_reading×2,double_review_not_required×2,pending_private_three_way_field_confirmation×2,blocked_until_required_private_readings_complete×2,not_final_blocked_until_private_readings_complete,公开包只排核验顺序；字段读数、候选值、截图、坐标和人工备注必须留在私有工作台。,双人先核PDF原页和湖北官方侧，再用高校辅证解释差异；不得直接写回。,包内任务完成PDF原页、湖北官方侧、高校辅证和双人复核记录，三方一致性明确后才进入写回评估。,647d01c0b8856a48,FIRSTDETAIL-b5b65845644b6e4b；FIRSTDETAIL-ef35601f652ae549,FIRSTFCONF-9cc8513eef298f06；FIRSTFCONF-e3980e6331684106
FCACT-7eea2c99929ae7ca,P1缺候选或需看图,1,21,E1-计划数补缺或偏大优先核验,Q1-补缺或计划数偏大页列先核,湖北招生考试2026年19期·本科普通批（下）,ee61fc69389f24a9a7830167113cf0ddc0447f8fa4b2743cd3241be60a9bd86d,226,right,226-right,P1-缺PDFOCR候选需人工看图,F4-无候选人工看图×2,2,2,2,2,2,2,0,0,0,专业计划数×2,PDF原页记录；湖北官方侧记录；必要高校辅证；冲突任务双人复核；三方一致性记录。,pending_private_pdf_reading×2,pending_private_hubei_reading×2,pending_private_school_reading×2,pending_double_review×2,pending_private_three_way_field_confirmation×2,blocked_until_required_private_readings_complete×2,not_final_blocked_until_private_readings_complete,公开包只排核验顺序；字段读数、候选值、截图、坐标和人工备注必须留在私有工作台。,先看PDF原页补读缺候选字段，再查湖北官方侧确认；机器坐标只作定位提示。,包内缺候选字段完成PDF原页补读和湖北官方侧确认；仍冲突则升级双人复核。,7eea2c99929ae7ca,FIRSTDETAIL-873fb0a3fa03869b；FIRSTDETAIL-fb79b9a18ba8b23b,FIRSTFCONF-8de9c99c2f34ebe6；FIRSTFCONF-81d7b5e881db96f3
FCACT-8bd18d8930c924ef,P1缺候选或需看图,1,22,E1-计划数补缺或偏大优先核验,Q1-补缺或计划数偏大页列先核,湖北招生考试2026年19期·本科普通批（下）,ee61fc69389f24a9a7830167113cf0ddc0447f8fa4b2743cd3241be60a9bd86d,38,right,038-right,P1-缺PDFOCR候选需人工看图,F1-机器坐标候选辅助核页×2,2,2,2,0,2,0,0,0,0,专业计划数×2,PDF原页记录；湖北官方侧记录；必要高校辅证；冲突任务双人复核；三方一致性记录。,pending_private_pdf_reading×2,pending_private_hubei_reading×2,not_applicable_no_school_field_clue×2,pending_double_review×2,pending_private_three_way_field_confirmation×2,blocked_until_required_private_readings_complete×2,not_final_blocked_until_private_readings_complete,公开包只排核验顺序；字段读数、候选值、截图、坐标和人工备注必须留在私有工作台。,先看PDF原页补读缺候选字段，再查湖北官方侧确认；机器坐标只作定位提示。,包内缺候选字段完成PDF原页补读和湖北官方侧确认；仍冲突则升级双人复核。,8bd18d8930c924ef,FIRSTDETAIL-134083d40026d857；FIRSTDETAIL-d98431b572fa7397,FIRSTFCONF-10567eeea0e59a50；FIRSTFCONF-0a166ae6af261bfc
FCACT-a5746d6562c901dc,P1缺候选或需看图,1,23,E1-计划数补缺或偏大优先核验,Q1-补缺或计划数偏大页列先核,湖北招生考试2026年19期·本科普通批（下）,ee61fc69389f24a9a7830167113cf0ddc0447f8fa4b2743cd3241be60a9bd86d,82,right,082-right,P1-缺PDFOCR候选需人工看图,F1-机器坐标候选辅助核页×2,2,2,2,0,2,0,0,0,0,专业计划数×2,PDF原页记录；湖北官方侧记录；必要高校辅证；冲突任务双人复核；三方一致性记录。,pending_private_pdf_reading×2,pending_private_hubei_reading×2,not_applicable_no_school_field_clue×2,pending_double_review×2,pending_private_three_way_field_confirmation×2,blocked_until_required_private_readings_complete×2,not_final_blocked_until_private_readings_complete,公开包只排核验顺序；字段读数、候选值、截图、坐标和人工备注必须留在私有工作台。,先看PDF原页补读缺候选字段，再查湖北官方侧确认；机器坐标只作定位提示。,包内缺候选字段完成PDF原页补读和湖北官方侧确认；仍冲突则升级双人复核。,a5746d6562c901dc,FIRSTDETAIL-0775ff576577408b；FIRSTDETAIL-4b301da384283fec,FIRSTFCONF-56e487ee8ce05cbe；FIRSTFCONF-7679be6e6d044af2
FCACT-9d5d1caf3d873fe6,P1缺候选或需看图,1,24,E1-计划数补缺或偏大优先核验,Q1-补缺或计划数偏大页列先核,湖北招生考试2026年19期·本科普通批（下）,ee61fc69389f24a9a7830167113cf0ddc0447f8fa4b2743cd3241be60a9bd86d,137,left,137-left,P1-缺PDFOCR候选需人工看图,F2-PDFOCR候选人工确认×1；F4-无候选人工看图×1,2,2,2,2,1,1,0,0,0,专业计划数；学费；再选科目×1；专业计划数×1,PDF原页记录；湖北官方侧记录；必要高校辅证；冲突任务双人复核；三方一致性记录。,pending_private_pdf_reading×2,pending_private_hubei_reading×2,pending_private_school_reading×2,double_review_not_required×1；pending_double_review×1,pending_private_three_way_field_confirmation×2,blocked_until_required_private_readings_complete×2,not_final_blocked_until_private_readings_complete,公开包只排核验顺序；字段读数、候选值、截图、坐标和人工备注必须留在私有工作台。,先看PDF原页补读缺候选字段，再查湖北官方侧确认；机器坐标只作定位提示。,包内缺候选字段完成PDF原页补读和湖北官方侧确认；仍冲突则升级双人复核。,9d5d1caf3d873fe6,FIRSTDETAIL-b3e6cbef91c35c3d；FIRSTDETAIL-b6403975e8cab9e3,FIRSTFCONF-8102426638b58fa9；FIRSTFCONF-5c2626fc4acf879b
FCACT-93a2e34d9d918599,P1缺候选或需看图,1,25,E1-计划数补缺或偏大优先核验,Q1-补缺或计划数偏大页列先核,湖北招生考试2026年19期·本科普通批（下）,ee61fc69389f24a9a7830167113cf0ddc0447f8fa4b2743cd3241be60a9bd86d,14,left,014-left,P1-缺PDFOCR候选需人工看图,F1-机器坐标候选辅助核页×1,1,1,1,0,1,0,0,0,0,专业计划数×1,PDF原页记录；湖北官方侧记录；必要高校辅证；冲突任务双人复核；三方一致性记录。,pending_private_pdf_reading×1,pending_private_hubei_reading×1,not_applicable_no_school_field_clue×1,pending_double_review×1,pending_private_three_way_field_confirmation×1,blocked_until_required_private_readings_complete×1,not_final_blocked_until_private_readings_complete,公开包只排核验顺序；字段读数、候选值、截图、坐标和人工备注必须留在私有工作台。,先看PDF原页补读缺候选字段，再查湖北官方侧确认；机器坐标只作定位提示。,包内缺候选字段完成PDF原页补读和湖北官方侧确认；仍冲突则升级双人复核。,93a2e34d9d918599,FIRSTDETAIL-9bf7591b36b04599,FIRSTFCONF-1abd0beec638e8e9
FCACT-df940aa449dbf665,P1缺候选或需看图,1,26,E1-计划数补缺或偏大优先核验,Q1-补缺或计划数偏大页列先核,湖北招生考试2026年19期·本科普通批（下）,ee61fc69389f24a9a7830167113cf0ddc0447f8fa4b2743cd3241be60a9bd86d,32,right,032-right,P1-缺PDFOCR候选需人工看图,F1-机器坐标候选辅助核页×1,1,1,1,0,1,0,0,0,0,专业计划数×1,PDF原页记录；湖北官方侧记录；必要高校辅证；冲突任务双人复核；三方一致性记录。,pending_private_pdf_reading×1,pending_private_hubei_reading×1,not_applicable_no_school_field_clue×1,pending_double_review×1,pending_private_three_way_field_confirmation×1,blocked_until_required_private_readings_complete×1,not_final_blocked_until_private_readings_complete,公开包只排核验顺序；字段读数、候选值、截图、坐标和人工备注必须留在私有工作台。,先看PDF原页补读缺候选字段，再查湖北官方侧确认；机器坐标只作定位提示。,包内缺候选字段完成PDF原页补读和湖北官方侧确认；仍冲突则升级双人复核。,df940aa449dbf665,FIRSTDETAIL-9fb919fe97c2ce42,FIRSTFCONF-f2c2f821c8357bb8
FCACT-ad5735fdd248c7e9,P1缺候选或需看图,1,27,E1-计划数补缺或偏大优先核验,Q1-补缺或计划数偏大页列先核,湖北招生考试2026年19期·本科普通批（下）,ee61fc69389f24a9a7830167113cf0ddc0447f8fa4b2743cd3241be60a9bd86d,33,right,033-right,P1-缺PDFOCR候选需人工看图,F1-机器坐标候选辅助核页×1,1,1,1,0,1,0,0,0,0,专业计划数×1,PDF原页记录；湖北官方侧记录；必要高校辅证；冲突任务双人复核；三方一致性记录。,pending_private_pdf_reading×1,pending_private_hubei_reading×1,not_applicable_no_school_field_clue×1,pending_double_review×1,pending_private_three_way_field_confirmation×1,blocked_until_required_private_readings_complete×1,not_final_blocked_until_private_readings_complete,公开包只排核验顺序；字段读数、候选值、截图、坐标和人工备注必须留在私有工作台。,先看PDF原页补读缺候选字段，再查湖北官方侧确认；机器坐标只作定位提示。,包内缺候选字段完成PDF原页补读和湖北官方侧确认；仍冲突则升级双人复核。,ad5735fdd248c7e9,FIRSTDETAIL-78b92f1342e2c4ac,FIRSTFCONF-2e30cc89b7ca29a8
FCACT-3cea975a0848289e,P1缺候选或需看图,1,28,E1-计划数补缺或偏大优先核验,Q1-补缺或计划数偏大页列先核,湖北招生考试2026年19期·本科普通批（下）,ee61fc69389f24a9a7830167113cf0ddc0447f8fa4b2743cd3241be60a9bd86d,102,left,102-left,P1-缺PDFOCR候选需人工看图,F1-机器坐标候选辅助核页×1,1,1,1,0,1,0,0,0,0,专业计划数×1,PDF原页记录；湖北官方侧记录；必要高校辅证；冲突任务双人复核；三方一致性记录。,pending_private_pdf_reading×1,pending_private_hubei_reading×1,not_applicable_no_school_field_clue×1,pending_double_review×1,pending_private_three_way_field_confirmation×1,blocked_until_required_private_readings_complete×1,not_final_blocked_until_private_readings_complete,公开包只排核验顺序；字段读数、候选值、截图、坐标和人工备注必须留在私有工作台。,先看PDF原页补读缺候选字段，再查湖北官方侧确认；机器坐标只作定位提示。,包内缺候选字段完成PDF原页补读和湖北官方侧确认；仍冲突则升级双人复核。,3cea975a0848289e,FIRSTDETAIL-7ba82baf885195e0,FIRSTFCONF-8e78552dd1bc2112
FCACT-5decaf34709ffbc5,P1缺候选或需看图,1,29,E1-计划数补缺或偏大优先核验,Q1-补缺或计划数偏大页列先核,湖北招生考试2026年19期·本科普通批（下）,ee61fc69389f24a9a7830167113cf0ddc0447f8fa4b2743cd3241be60a9bd86d,228,left,228-left,P1-缺PDFOCR候选需人工看图,F1-机器坐标候选辅助核页×1,1,1,1,0,1,0,0,0,0,专业计划数×1,PDF原页记录；湖北官方侧记录；必要高校辅证；冲突任务双人复核；三方一致性记录。,pending_private_pdf_reading×1,pending_private_hubei_reading×1,not_applicable_no_school_field_clue×1,pending_double_review×1,pending_private_three_way_field_confirmation×1,blocked_until_required_private_readings_complete×1,not_final_blocked_until_private_readings_complete,公开包只排核验顺序；字段读数、候选值、截图、坐标和人工备注必须留在私有工作台。,先看PDF原页补读缺候选字段，再查湖北官方侧确认；机器坐标只作定位提示。,包内缺候选字段完成PDF原页补读和湖北官方侧确认；仍冲突则升级双人复核。,5decaf34709ffbc5,FIRSTDETAIL-2a1312b99fd1acf8,FIRSTFCONF-bae22737eb5d9708
FCACT-668d845022b29438,P1缺候选或需看图,1,30,E2-官网未匹配专业名归属核验,Q2-官网未匹配或高校辅证页列先核,湖北招生考试2026年19期·本科普通批（下）,ee61fc69389f24a9a7830167113cf0ddc0447f8fa4b2743cd3241be60a9bd86d,80,right,080-right,P1-缺PDFOCR候选需人工看图,F4-无候选人工看图×10,10,10,10,10,10,10,0,0,0,再选科目×10,PDF原页记录；湖北官方侧记录；必要高校辅证；冲突任务双人复核；三方一致性记录。,pending_private_pdf_reading×10,pending_private_hubei_reading×10,pending_private_school_reading×10,pending_double_review×10,pending_private_three_way_field_confirmation×10,blocked_until_required_private_readings_complete×10,not_final_blocked_until_private_readings_complete,公开包只排核验顺序；字段读数、候选值、截图、坐标和人工备注必须留在私有工作台。,先看PDF原页补读缺候选字段，再查湖北官方侧确认；机器坐标只作定位提示。,包内缺候选字段完成PDF原页补读和湖北官方侧确认；仍冲突则升级双人复核。,668d845022b29438,FIRSTDETAIL-20a379c5af2a6ec2；FIRSTDETAIL-2c7676b40df67140；FIRSTDETAIL-5c49755070b48e70；FIRSTDETAIL-5f1ac3cc2efb71c4；FIRSTDETAIL-604e240ec07de804；FIRSTDETAIL-7518c4efaa62ae79；FIRSTDETAIL-8ee09d8ece93b910；FIRSTDETAIL-958577f341a0c19f；FIRSTDETAIL-b5355e6637ae2f8d；FIRSTDETAIL-bc52d0bfe89b62ce,FIRSTFCONF-0aac45c62ae6c0b1；FIRSTFCONF-4c9c100689af3b70；FIRSTFCONF-0114e7b4d9da4f7d；FIRSTFCONF-6f1149591ad7542f；FIRSTFCONF-8581fa88d971efbc；FIRSTFCONF-b681b3e9737c1108；FIRSTFCONF-6fb9e8a1852dd1fa；FIRSTFCONF-699a88cdc7f90c3b；FIRSTFCONF-b6495bf7933281f7；FIRSTFCONF-4a4d6cbac02b53f1
FCACT-d0c9e45d25310a50,P1缺候选或需看图,2,30,E2-官网未匹配专业名归属核验,Q2-官网未匹配或高校辅证页列先核,湖北招生考试2026年19期·本科普通批（下）,ee61fc69389f24a9a7830167113cf0ddc0447f8fa4b2743cd3241be60a9bd86d,80,right,080-right,P1-缺PDFOCR候选需人工看图,F4-无候选人工看图×7,7,7,7,7,7,7,0,0,0,再选科目×7,PDF原页记录；湖北官方侧记录；必要高校辅证；冲突任务双人复核；三方一致性记录。,pending_private_pdf_reading×7,pending_private_hubei_reading×7,pending_private_school_reading×7,pending_double_review×7,pending_private_three_way_field_confirmation×7,blocked_until_required_private_readings_complete×7,not_final_blocked_until_private_readings_complete,公开包只排核验顺序；字段读数、候选值、截图、坐标和人工备注必须留在私有工作台。,先看PDF原页补读缺候选字段，再查湖北官方侧确认；机器坐标只作定位提示。,包内缺候选字段完成PDF原页补读和湖北官方侧确认；仍冲突则升级双人复核。,d0c9e45d25310a50,FIRSTDETAIL-c0a2392a807864d8；FIRSTDETAIL-cd888bce9d393364；FIRSTDETAIL-de77fb66cba08767；FIRSTDETAIL-deb2ed30ccd3ce6f；FIRSTDETAIL-dfce72ebf9d9b7b4；FIRSTDETAIL-ebc96c1f44ce2d9a；FIRSTDETAIL-fcb9481c7c03fe42,FIRSTFCONF-35786eefe6eb2ab1；FIRSTFCONF-8c162790dddbe184；FIRSTFCONF-9ad257e07e2ebe91；FIRSTFCONF-bdffd3556188384b；FIRSTFCONF-8a569046ecb9973f；FIRSTFCONF-d57e8642d74df91d；FIRSTFCONF-344c8218d22295dd
FCACT-7c77aa810b45aeea,P3候选需人工确认,1,30,E2-官网未匹配专业名归属核验,Q2-官网未匹配或高校辅证页列先核,湖北招生考试2026年19期·本科普通批（下）,ee61fc69389f24a9a7830167113cf0ddc0447f8fa4b2743cd3241be60a9bd86d,80,right,080-right,P3-有候选但需人工确认,F2-PDFOCR候选人工确认×1,1,1,1,1,0,0,0,0,1,专业计划数；学费×1,PDF原页记录；湖北官方侧记录；必要高校辅证；冲突任务双人复核；三方一致性记录。,pending_private_pdf_reading×1,pending_private_hubei_reading×1,pending_private_school_reading×1,double_review_not_required×1,pending_private_three_way_field_confirmation×1,blocked_until_required_private_readings_complete×1,not_final_blocked_until_private_readings_complete,公开包只排核验顺序；字段读数、候选值、截图、坐标和人工备注必须留在私有工作台。,人工确认候选字段归属、字段列和专业行边界，再进入官方侧核验。,包内候选完成归属确认、原页核验和湖北官方侧记录；发现串读则升级整页列。,7c77aa810b45aeea,FIRSTDETAIL-d6b8d280a7b804f7,FIRSTFCONF-71bd14ab785eaaa1
FCACT-4c51b020ab5f2ec9,P3候选需人工确认,1,31,E2-官网未匹配专业名归属核验,Q2-官网未匹配或高校辅证页列先核,湖北招生考试2026年19期·本科普通批（下）,ee61fc69389f24a9a7830167113cf0ddc0447f8fa4b2743cd3241be60a9bd86d,70,right,070-right,P3-有候选但需人工确认,F2-PDFOCR候选人工确认×10,10,10,10,10,0,0,0,0,10,专业计划数；学费×6；学费×3；专业计划数；学费；再选科目×1,PDF原页记录；湖北官方侧记录；必要高校辅证；冲突任务双人复核；三方一致性记录。,pending_private_pdf_reading×10,pending_private_hubei_reading×10,pending_private_school_reading×10,double_review_not_required×10,pending_private_three_way_field_confirmation×10,blocked_until_required_private_readings_complete×10,not_final_blocked_until_private_readings_complete,公开包只排核验顺序；字段读数、候选值、截图、坐标和人工备注必须留在私有工作台。,人工确认候选字段归属、字段列和专业行边界，再进入官方侧核验。,包内候选完成归属确认、原页核验和湖北官方侧记录；发现串读则升级整页列。,4c51b020ab5f2ec9,FIRSTDETAIL-0179bfd42b7b1ca7；FIRSTDETAIL-41a7cf56d34c7bb6；FIRSTDETAIL-4643d67c0c0e950d；FIRSTDETAIL-71febc53a57d7ba0；FIRSTDETAIL-8b5219caa414373a；FIRSTDETAIL-9ccbf3429e4a8193；FIRSTDETAIL-a0265b0156170fad；FIRSTDETAIL-a86cefb127d2a1a9；FIRSTDETAIL-b8a51920839b21c2；FIRSTDETAIL-bdeb50f8fadf7f32,FIRSTFCONF-53a6733773f89dca；FIRSTFCONF-ad503cf41eec9ef7；FIRSTFCONF-4d6c79d984f94054；FIRSTFCONF-81b901bca70f4cb6；FIRSTFCONF-978f8bda22437f2d；FIRSTFCONF-61e05efe753970b6；FIRSTFCONF-f6591057dccbad4b；FIRSTFCONF-f2961ea6d9c5c6cc；FIRSTFCONF-0a400720351f7de9；FIRSTFCONF-d9ef4d217564560f
FCACT-97f5fd878c476d42,P3候选需人工确认,2,31,E2-官网未匹配专业名归属核验,Q2-官网未匹配或高校辅证页列先核,湖北招生考试2026年19期·本科普通批（下）,ee61fc69389f24a9a7830167113cf0ddc0447f8fa4b2743cd3241be60a9bd86d,70,right,070-right,P3-有候选但需人工确认,F2-PDFOCR候选人工确认×1,1,1,1,1,0,0,0,0,1,学费×1,PDF原页记录；湖北官方侧记录；必要高校辅证；冲突任务双人复核；三方一致性记录。,pending_private_pdf_reading×1,pending_private_hubei_reading×1,pending_private_school_reading×1,double_review_not_required×1,pending_private_three_way_field_confirmation×1,blocked_until_required_private_readings_complete×1,not_final_blocked_until_private_readings_complete,公开包只排核验顺序；字段读数、候选值、截图、坐标和人工备注必须留在私有工作台。,人工确认候选字段归属、字段列和专业行边界，再进入官方侧核验。,包内候选完成归属确认、原页核验和湖北官方侧记录；发现串读则升级整页列。,97f5fd878c476d42,FIRSTDETAIL-c39ada606914bc7a,FIRSTFCONF-9fafa122b4ce1a05
FCACT-45e58ae28de570e4,P1缺候选或需看图,1,32,E2-官网未匹配专业名归属核验,Q2-官网未匹配或高校辅证页列先核,湖北招生考试2026年19期·本科普通批（下）,ee61fc69389f24a9a7830167113cf0ddc0447f8fa4b2743cd3241be60a9bd86d,135,right,135-right,P1-缺PDFOCR候选需人工看图,F4-无候选人工看图×2,2,2,2,2,0,2,0,0,0,待人工判定字段×2,PDF原页记录；湖北官方侧记录；必要高校辅证；冲突任务双人复核；三方一致性记录。,pending_private_pdf_reading×2,pending_private_hubei_reading×2,pending_private_school_reading×2,double_review_not_required×2,pending_private_three_way_field_confirmation×2,blocked_until_required_private_readings_complete×2,not_final_blocked_until_private_readings_complete,公开包只排核验顺序；字段读数、候选值、截图、坐标和人工备注必须留在私有工作台。,先看PDF原页补读缺候选字段，再查湖北官方侧确认；机器坐标只作定位提示。,包内缺候选字段完成PDF原页补读和湖北官方侧确认；仍冲突则升级双人复核。,45e58ae28de570e4,FIRSTDETAIL-758c1ed1f2245500；FIRSTDETAIL-f0ab24cd4aa33cf2,FIRSTFCONF-06e82bd63dc0f7d8；FIRSTFCONF-9d2bda35bf992a25
FCACT-2b286b8091c8b25f,P3候选需人工确认,1,32,E2-官网未匹配专业名归属核验,Q2-官网未匹配或高校辅证页列先核,湖北招生考试2026年19期·本科普通批（下）,ee61fc69389f24a9a7830167113cf0ddc0447f8fa4b2743cd3241be60a9bd86d,135,right,135-right,P3-有候选但需人工确认,F2-PDFOCR候选人工确认×1,1,1,1,1,0,0,0,0,1,专业计划数；学费×1,PDF原页记录；湖北官方侧记录；必要高校辅证；冲突任务双人复核；三方一致性记录。,pending_private_pdf_reading×1,pending_private_hubei_reading×1,pending_private_school_reading×1,double_review_not_required×1,pending_private_three_way_field_confirmation×1,blocked_until_required_private_readings_complete×1,not_final_blocked_until_private_readings_complete,公开包只排核验顺序；字段读数、候选值、截图、坐标和人工备注必须留在私有工作台。,人工确认候选字段归属、字段列和专业行边界，再进入官方侧核验。,包内候选完成归属确认、原页核验和湖北官方侧记录；发现串读则升级整页列。,2b286b8091c8b25f,FIRSTDETAIL-73ecd006bdde9bf8,FIRSTFCONF-2c1bd9cf8c536cba
FCACT-5a03f652e7e3a0fc,P3候选需人工确认,1,33,E2-官网未匹配专业名归属核验,Q2-官网未匹配或高校辅证页列先核,湖北招生考试2026年19期·本科普通批（下）,ee61fc69389f24a9a7830167113cf0ddc0447f8fa4b2743cd3241be60a9bd86d,235,left,235-left,P3-有候选但需人工确认,F2-PDFOCR候选人工确认×2,2,2,2,2,0,0,0,0,2,专业计划数；学费×1；专业计划数；学费；再选科目×1,PDF原页记录；湖北官方侧记录；必要高校辅证；冲突任务双人复核；三方一致性记录。,pending_private_pdf_reading×2,pending_private_hubei_reading×2,pending_private_school_reading×2,double_review_not_required×2,pending_private_three_way_field_confirmation×2,blocked_until_required_private_readings_complete×2,not_final_blocked_until_private_readings_complete,公开包只排核验顺序；字段读数、候选值、截图、坐标和人工备注必须留在私有工作台。,人工确认候选字段归属、字段列和专业行边界，再进入官方侧核验。,包内候选完成归属确认、原页核验和湖北官方侧记录；发现串读则升级整页列。,5a03f652e7e3a0fc,FIRSTDETAIL-334b6b14805ef4c1；FIRSTDETAIL-66663382808b8ba2,FIRSTFCONF-3e20076e50da7fca；FIRSTFCONF-7ef404bb8bc03338
FCACT-1b1b21ea261240cb,P3候选需人工确认,1,34,E2-官网未匹配专业名归属核验,Q2-官网未匹配或高校辅证页列先核,湖北招生考试2026年19期·本科普通批（下）,ee61fc69389f24a9a7830167113cf0ddc0447f8fa4b2743cd3241be60a9bd86d,36,right,036-right,P3-有候选但需人工确认,F2-PDFOCR候选人工确认×1,1,1,1,1,0,0,0,0,1,学费；再选科目×1,PDF原页记录；湖北官方侧记录；必要高校辅证；冲突任务双人复核；三方一致性记录。,pending_private_pdf_reading×1,pending_private_hubei_reading×1,pending_private_school_reading×1,double_review_not_required×1,pending_private_three_way_field_confirmation×1,blocked_until_required_private_readings_complete×1,not_final_blocked_until_private_readings_complete,公开包只排核验顺序；字段读数、候选值、截图、坐标和人工备注必须留在私有工作台。,人工确认候选字段归属、字段列和专业行边界，再进入官方侧核验。,包内候选完成归属确认、原页核验和湖北官方侧记录；发现串读则升级整页列。,1b1b21ea261240cb,FIRSTDETAIL-1e9409107b74d4f5,FIRSTFCONF-22902868d84f824a
FCACT-f41331c62510e134,P3候选需人工确认,1,35,E2-官网未匹配专业名归属核验,Q2-官网未匹配或高校辅证页列先核,湖北招生考试2026年19期·本科普通批（下）,ee61fc69389f24a9a7830167113cf0ddc0447f8fa4b2743cd3241be60a9bd86d,57,left,057-left,P3-有候选但需人工确认,F2-PDFOCR候选人工确认×1,1,1,1,1,0,0,0,0,1,专业计划数；学费×1,PDF原页记录；湖北官方侧记录；必要高校辅证；冲突任务双人复核；三方一致性记录。,pending_private_pdf_reading×1,pending_private_hubei_reading×1,pending_private_school_reading×1,double_review_not_required×1,pending_private_three_way_field_confirmation×1,blocked_until_required_private_readings_complete×1,not_final_blocked_until_private_readings_complete,公开包只排核验顺序；字段读数、候选值、截图、坐标和人工备注必须留在私有工作台。,人工确认候选字段归属、字段列和专业行边界，再进入官方侧核验。,包内候选完成归属确认、原页核验和湖北官方侧记录；发现串读则升级整页列。,f41331c62510e134,FIRSTDETAIL-5d809871adac9548,FIRSTFCONF-c9822f4c86e655c0
FCACT-26e495eef990c62b,P3候选需人工确认,1,36,E2-官网未匹配专业名归属核验,Q2-官网未匹配或高校辅证页列先核,湖北招生考试2026年19期·本科普通批（下）,ee61fc69389f24a9a7830167113cf0ddc0447f8fa4b2743cd3241be60a9bd86d,81,left,081-left,P3-有候选但需人工确认,F2-PDFOCR候选人工确认×1,1,1,1,1,0,0,0,0,1,专业计划数；学费×1,PDF原页记录；湖北官方侧记录；必要高校辅证；冲突任务双人复核；三方一致性记录。,pending_private_pdf_reading×1,pending_private_hubei_reading×1,pending_private_school_reading×1,double_review_not_required×1,pending_private_three_way_field_confirmation×1,blocked_until_required_private_readings_complete×1,not_final_blocked_until_private_readings_complete,公开包只排核验顺序；字段读数、候选值、截图、坐标和人工备注必须留在私有工作台。,人工确认候选字段归属、字段列和专业行边界，再进入官方侧核验。,包内候选完成归属确认、原页核验和湖北官方侧记录；发现串读则升级整页列。,26e495eef990c62b,FIRSTDETAIL-b8f81184c5e60a30,FIRSTFCONF-47870d717934929b
FCACT-dfb093e5baf6ff7a,P3候选需人工确认,1,37,E2-官网未匹配专业名归属核验,Q2-官网未匹配或高校辅证页列先核,湖北招生考试2026年19期·本科普通批（下）,ee61fc69389f24a9a7830167113cf0ddc0447f8fa4b2743cd3241be60a9bd86d,96,right,096-right,P3-有候选但需人工确认,F2-PDFOCR候选人工确认×1,1,1,1,1,0,0,0,0,1,学费×1,PDF原页记录；湖北官方侧记录；必要高校辅证；冲突任务双人复核；三方一致性记录。,pending_private_pdf_reading×1,pending_private_hubei_reading×1,pending_private_school_reading×1,double_review_not_required×1,pending_private_three_way_field_confirmation×1,blocked_until_required_private_readings_complete×1,not_final_blocked_until_private_readings_complete,公开包只排核验顺序；字段读数、候选值、截图、坐标和人工备注必须留在私有工作台。,人工确认候选字段归属、字段列和专业行边界，再进入官方侧核验。,包内候选完成归属确认、原页核验和湖北官方侧记录；发现串读则升级整页列。,dfb093e5baf6ff7a,FIRSTDETAIL-18660b6d4586b693,FIRSTFCONF-b054af021ca38ce4
