第四轮5万专项候选ID,费用场景,年学费上限,5万内中外合作或高收费专业数,超过5万专业数,费用待核专业数,场景内最低学费,场景内最高学费,5万内专业摘要,费用风险提示,第四轮来源口径,讨论集合,是否进入优先讨论,是否可作为定稿依据,城市,城市来源,教育部所在地,教育部所在地命中城市,原城市候选,城市口径提醒,所在地使用边界,城市字段状态,校区字段状态,省份,主管部门,学校登记备注,院校代码,院校名称,院校专业组代码,专业组号,历史线索分层,冲稳保,冲稳保解释,与515关系,2026考生分数,2026考生位次,2025等位分,2024等位分,2023等位分,2025投档分,2025等位分差,2024投档分,2024等位分差,2023投档分,2023等位分差,同代码命中年份数,同代码命中年份,三年投档分范围,等位分差摘要,历史线使用口径,再选要求跨年变化,历史组名疑似不一致,公办民办机器线索,家庭底线属性动作,专业明细行数,数字媒体技术专业数,计算机类相关专业数,计算机AI软件专业数,电子信息网络专业数,机械自动化机器人专业数,师范类相关专业数,工商旅游管理专业数,环境工程科学专业数,农业不含动物相关专业数,高收费或超预算专业数,护理助产专业数,动物医学兽医专业数,临床口腔中医暂缓专业数,医技护理康复专业数,特殊限制待核专业数,调剂初判,完整专业组接受度初判,组内专业摘录,办学地点线索,来源页码,版面列,保真核验层级,机器核验下一步,人工核验下一步,下一步核验动作,讨论排序分,专业组出现ID,稳定基座专业组筛选ID
R4FEEGROUP-dd1a9a1fd5c65f09,5万内中外合作/高收费专项,50000,1,0,0,42500,42500,16 数字媒体技术（中外合作办学）（中英合作办学，实行“4+0”办学模式.学生四年均在我校就读，符合双方学校毕业条件和学位授予条件的，可获得中方院校毕业证、学士学位证和外方院校学士学位证，学费最终收费标准以广西壮族自治区发展和改革委员会、财政厅、...｜学费:42500｜预算内中外合作/高收费可讨论,1个5万内高收费/中外合作线索；仍需核第19期原页、湖北官方侧、招生章程、培养模式、证书和出国要求,直接来源于稳定底座、教育部学校属性表、三年投档线旁挂表和逐专业费用线索；不引用 Round3/Round4 输出。,历史待补附录,false,false,南宁市,教育部所在地,南宁市,,,城市按教育部学校所在地展示，仅作讨论维度；实际校区和办学地点必须再核第19期原页、湖北官方侧和招生章程。,教育部所在地为学校登记地线索，不能替代2026招生计划和章程中的办学地点,pending_school_location_review,machine_ocr_remark_candidate_unverified,广西壮族自治区,广西壮族自治区,,F909,广西财经学院,F90907,07,H0-无同代码历史线索,历史待补,无同代码历史投档线，先作为历史待补组，不按分差下结论。,515分、91723位次暂无同代码历史线可直接比；需补同校同类组或官方投档线证据。,515,91723,494,497,481,,,,,,,0,,,,按院校专业组代码同代码旁挂，仅作冲稳保筛选前置线索；不能证明2026专业组存在、组内专业不变、计划数准确或投档位次可沿用。,false,false,非民办线索-教育部名单未备注民办,继续核公办普通学费-非民办线索,1,1,0,0,0,0,0,0,0,0,1,0,0,0,0,0,调剂风险线索-组内存在默认不能接受专业,高收费或超预算；费用专项需确认同组所有可调剂专业均不突破家庭费用底线。,1.16 数字媒体技术（中外合作办学）（中英合作办学，实行“4+0”办学模式.学生四年均在我校就读，符合双方学校毕业条件和学位授予条件的，可获得中方院校毕业证、学士学位证和外方院校学士学位证，学费最终收费标准以广西壮族自治区发展和改革委员会、财政厅、...[M-0aaedc50f9ccb87e],明秀校区,198,left,R1-P0整组先核,先核家庭底线风险，不把该组放入主方案。,仅在保底不足或家庭明确可接受时再核整组。,核第19期原页、湖北官方系统/省招办计划、招生章程、学费、培养模式、证书、出国要求、校区、语种/单科/体检限制和调剂范围。,40.0,G-6e342f68631db266,STABLEGROUP-91e35885f7955684
R4FEEGROUP-d67b96144aff445c,5万内中外合作/高收费专项,50000,1,0,0,28000,28000,52 软件工程（中外合作办学）（南員市上海路校区就读；与白俄罗斯国立大学合作，中白双学位，其中引进外方课程为全英文授课，其他语种考生慎报）｜学费:28000｜预算内中外合作/高收费可讨论,1个5万内高收费/中外合作线索；仍需核第19期原页、湖北官方侧、招生章程、培养模式、证书和出国要求,直接来源于稳定底座、教育部学校属性表、三年投档线旁挂表和逐专业费用线索；不引用 Round3/Round4 输出。,历史待补附录,false,false,南昌市,教育部所在地,南昌市,,,城市按教育部学校所在地展示，仅作讨论维度；实际校区和办学地点必须再核第19期原页、湖北官方侧和招生章程。,教育部所在地为学校登记地线索，不能替代2026招生计划和章程中的办学地点,pending_school_location_review,machine_ocr_remark_candidate_unverified,江西省,江西省,,H313,南昌航空大学,H31310,10,H0-无同代码历史线索,历史待补,无同代码历史投档线，先作为历史待补组，不按分差下结论。,515分、91723位次暂无同代码历史线可直接比；需补同校同类组或官方投档线证据。,515,91723,494,497,481,,,,,,,0,,,,按院校专业组代码同代码旁挂，仅作冲稳保筛选前置线索；不能证明2026专业组存在、组内专业不变、计划数准确或投档位次可沿用。,false,false,非民办线索-教育部名单未备注民办,继续核公办普通学费-非民办线索,1,0,1,1,0,0,0,0,0,0,1,0,0,0,0,0,调剂风险线索-组内存在默认不能接受专业,高收费或超预算；费用专项需确认同组所有可调剂专业均不突破家庭费用底线。,1.52 软件工程（中外合作办学）（南員市上海路校区就读；与白俄罗斯国立大学合作，中白双学位，其中引进外方课程为全英文授课，其他语种考生慎报）[M-c702c01021eb49ec],南員市上海路校区,154,right,R2-P1页列集中核,先核家庭底线风险，不把该组放入主方案。,仅在保底不足或家庭明确可接受时再核整组。,核第19期原页、湖北官方系统/省招办计划、招生章程、学费、培养模式、证书、出国要求、校区、语种/单科/体检限制和调剂范围。,37.0,G-75e12099a5064f76,STABLEGROUP-5dc5e34289651a30
R4FEEGROUP-3c2aceb8221f878e,5万内中外合作/高收费专项,50000,1,0,0,25000,25000,51 电子信息工程（中外合作办学）（南昌市前湖校区就读：与美国北爱荷华大引进课程为全英文授课，其大学学习，他语种考生慎报）｜学费:25000｜预算内中外合作/高收费可讨论,1个5万内高收费/中外合作线索；仍需核第19期原页、湖北官方侧、招生章程、培养模式、证书和出国要求,直接来源于稳定底座、教育部学校属性表、三年投档线旁挂表和逐专业费用线索；不引用 Round3/Round4 输出。,历史待补附录,false,false,南昌市,教育部所在地,南昌市,,,城市按教育部学校所在地展示，仅作讨论维度；实际校区和办学地点必须再核第19期原页、湖北官方侧和招生章程。,教育部所在地为学校登记地线索，不能替代2026招生计划和章程中的办学地点,pending_school_location_review,machine_ocr_remark_candidate_unverified,江西省,江西省,,H313,南昌航空大学,H31309,09,H0-无同代码历史线索,历史待补,无同代码历史投档线，先作为历史待补组，不按分差下结论。,515分、91723位次暂无同代码历史线可直接比；需补同校同类组或官方投档线证据。,515,91723,494,497,481,,,,,,,0,,,,按院校专业组代码同代码旁挂，仅作冲稳保筛选前置线索；不能证明2026专业组存在、组内专业不变、计划数准确或投档位次可沿用。,false,false,非民办线索-教育部名单未备注民办,继续核公办普通学费-非民办线索,1,0,0,0,1,0,0,0,0,0,1,0,0,0,0,0,调剂风险线索-组内存在默认不能接受专业,高收费或超预算；费用专项需确认同组所有可调剂专业均不突破家庭费用底线。,1.51 电子信息工程（中外合作办学）（南昌市前湖校区就读：与美国北爱荷华大引进课程为全英文授课，其大学学习，他语种考生慎报）[M-3ca60b5310bd6743],南昌市前湖校区,154,right,R2-P1页列集中核,先核家庭底线风险，不把该组放入主方案。,仅在保底不足或家庭明确可接受时再核整组。,核第19期原页、湖北官方系统/省招办计划、招生章程、学费、培养模式、证书、出国要求、校区、语种/单科/体检限制和调剂范围。,32.0,G-96f05a18d3370d04,STABLEGROUP-42071aec00625e1f
R4FEEGROUP-af70e89b2b06c90b,5万内中外合作/高收费专项,50000,1,0,0,25000,25000,19 软件工程（中外合作办学）（与俄罗斯伊热未斯克国立技术大学合作办学学生前三年在井冈山大学学习、第四年赴俄学习，完成双方规定的课程目经考核合格，获得井冈山大学本科毕业证书、学士学位以及俄方学士学位，学生四年均在井冈山大学学习具经考核合格后，只获...｜学费:25000｜预算内中外合作/高收费可讨论,1个5万内高收费/中外合作线索；仍需核第19期原页、湖北官方侧、招生章程、培养模式、证书和出国要求,直接来源于稳定底座、教育部学校属性表、三年投档线旁挂表和逐专业费用线索；不引用 Round3/Round4 输出。,历史待补附录,false,false,吉安市,教育部所在地,吉安市,,,城市按教育部学校所在地展示，仅作讨论维度；实际校区和办学地点必须再核第19期原页、湖北官方侧和招生章程。,教育部所在地为学校登记地线索，不能替代2026招生计划和章程中的办学地点,pending_school_location_review,pending_campus_or_location_review,江西省,江西省,,H323,井冈山大学,H32310,10,H0-无同代码历史线索,历史待补,无同代码历史投档线，先作为历史待补组，不按分差下结论。,515分、91723位次暂无同代码历史线可直接比；需补同校同类组或官方投档线证据。,515,91723,494,497,481,,,,,,,0,,,,按院校专业组代码同代码旁挂，仅作冲稳保筛选前置线索；不能证明2026专业组存在、组内专业不变、计划数准确或投档位次可沿用。,false,false,非民办线索-教育部名单未备注民办,继续核公办普通学费-非民办线索,1,0,1,1,0,0,0,0,0,0,1,0,0,0,0,0,调剂风险线索-组内存在默认不能接受专业,高收费或超预算；费用专项需确认同组所有可调剂专业均不突破家庭费用底线。,1.19 软件工程（中外合作办学）（与俄罗斯伊热未斯克国立技术大学合作办学学生前三年在井冈山大学学习、第四年赴俄学习，完成双方规定的课程目经考核合格，获得井冈山大学本科毕业证书、学士学位以及俄方学士学位，学生四年均在井冈山大学学习具经考核合格后，只获...[M-9487489e2418d887],,159,left,R1-P0整组先核,先核家庭底线风险，不把该组放入主方案。,仅在保底不足或家庭明确可接受时再核整组。,核第19期原页、湖北官方系统/省招办计划、招生章程、学费、培养模式、证书、出国要求、校区、语种/单科/体检限制和调剂范围。,37.0,G-011b7718a9d36a99,STABLEGROUP-285464718cca998c
R4FEEGROUP-53a08de4e354f0e1,5万内中外合作/高收费专项,50000,1,0,0,50000,50000,13 电气工程及其自动化（中外合作办学）（与英国史萃克莱德大学合作办学：办学地点：船营校区）F582 长春工业大学（公办）（吉林）｜学费:50000｜预算内中外合作/高收费可讨论,1个5万内高收费/中外合作线索；仍需核第19期原页、湖北官方侧、招生章程、培养模式、证书和出国要求,直接来源于稳定底座、教育部学校属性表、三年投档线旁挂表和逐专业费用线索；不引用 Round3/Round4 输出。,历史待补附录,false,false,吉林市,教育部所在地,吉林市,,,城市按教育部学校所在地展示，仅作讨论维度；实际校区和办学地点必须再核第19期原页、湖北官方侧和招生章程。,教育部所在地为学校登记地线索，不能替代2026招生计划和章程中的办学地点,pending_school_location_review,machine_ocr_remark_candidate_unverified,吉林省,吉林省,,F581,东北电力大学,F58104,04,H0-无同代码历史线索,历史待补,无同代码历史投档线，先作为历史待补组，不按分差下结论。,515分、91723位次暂无同代码历史线可直接比；需补同校同类组或官方投档线证据。,515,91723,494,497,481,,,,,,,0,,,,按院校专业组代码同代码旁挂，仅作冲稳保筛选前置线索；不能证明2026专业组存在、组内专业不变、计划数准确或投档位次可沿用。,false,false,非民办线索-教育部名单未备注民办,继续核公办普通学费-非民办线索,1,0,0,0,0,1,0,0,0,0,1,0,0,0,0,0,调剂风险线索-组内存在默认不能接受专业,高收费或超预算；费用专项需确认同组所有可调剂专业均不突破家庭费用底线。,1.13 电气工程及其自动化（中外合作办学）（与英国史萃克莱德大学合作办学：办学地点：船营校区）F582 长春工业大学（公办）（吉林）[M-f0e994b2726eb54c],船营校区,119,left,R1-P0整组先核,先核家庭底线风险，不把该组放入主方案。,仅在保底不足或家庭明确可接受时再核整组。,核第19期原页、湖北官方系统/省招办计划、招生章程、学费、培养模式、证书、出国要求、校区、语种/单科/体检限制和调剂范围。,32.0,G-aae1e71c7baf6eef,STABLEGROUP-6f50f24aef19cb3c
R4FEEGROUP-18088683a1be8ba8,5万内中外合作/高收费专项,50000,2,0,0,25000,25000,73 数据科学与大数据技术（中外合作办学）（该专业教学外语英语）C117 武汉紡织大学（公办）（湖北）｜学费:25000｜预算内中外合作/高收费可讨论；72 电气工程及其自动化（中外合作办学）（该专业教学外语英语）｜学费:25000｜预算内中外合作/高收费可讨论,2个5万内高收费/中外合作线索；仍需核第19期原页、湖北官方侧、招生章程、培养模式、证书和出国要求,直接来源于稳定底座、教育部学校属性表、三年投档线旁挂表和逐专业费用线索；不引用 Round3/Round4 输出。,历史待补附录,false,false,咸宁市,教育部所在地,咸宁市,,,城市按教育部学校所在地展示，仅作讨论维度；实际校区和办学地点必须再核第19期原页、湖北官方侧和招生章程。,教育部所在地为学校登记地线索，不能替代2026招生计划和章程中的办学地点,pending_school_location_review,pending_campus_or_location_review,湖北省,湖北省,,C116,湖北科技学院,C11616,16,H0-无同代码历史线索,历史待补,无同代码历史投档线，先作为历史待补组，不按分差下结论。,515分、91723位次暂无同代码历史线可直接比；需补同校同类组或官方投档线证据。,515,91723,494,497,481,,,,,,,0,,,,按院校专业组代码同代码旁挂，仅作冲稳保筛选前置线索；不能证明2026专业组存在、组内专业不变、计划数准确或投档位次可沿用。,false,false,非民办线索-教育部名单未备注民办,继续核公办普通学费-非民办线索,2,0,1,1,0,1,0,0,0,0,2,0,0,0,0,0,调剂风险线索-组内存在默认不能接受专业,高收费或超预算；费用专项需确认同组所有可调剂专业均不突破家庭费用底线。,1.72 电气工程及其自动化（中外合作办学）（该专业教学外语英语）[M-11c854a41d565437]；2.73 数据科学与大数据技术（中外合作办学）（该专业教学外语英语）C117 武汉紡织大学（公办）（湖北）[M-56b657d8249590f2],,72,right,R1-P0整组先核,先核家庭底线风险，不把该组放入主方案。,仅在保底不足或家庭明确可接受时再核整组。,核第19期原页、湖北官方系统/省招办计划、招生章程、学费、培养模式、证书、出国要求、校区、语种/单科/体检限制和调剂范围。,57.0,G-42bf258b1bd32dd6,STABLEGROUP-aa0fbc428bbd62fd
R4FEEGROUP-d78d4bb2359aceac,5万内中外合作/高收费专项,50000,3,0,0,44300,45000,34 机盛设让制晋及基息致化（中外合作办学）（与英国斯旺西大学合作，模式，中英文授课，入学不得转专业）｜学费:44300｜预算内中外合作/高收费可讨论；35 材料物理（中外合作办学）（与英国斯旺西大学合作.异常考生）｜学费:44300｜预算内中外合作/高收费可讨论；36 电子信息工程（中外合作办学）（与英国阿伯丁大学合作“3+！”模式，中英文授课，入学不得转专业）｜学费:45000｜预算内中外合作/高收费可讨论,3个5万内高收费/中外合作线索；仍需核第19期原页、湖北官方侧、招生章程、培养模式、证书和出国要求,直接来源于稳定底座、教育部学校属性表、三年投档线旁挂表和逐专业费用线索；不引用 Round3/Round4 输出。,历史待补附录,false,false,哈尔滨市,教育部所在地,哈尔滨市,,,城市按教育部学校所在地展示，仅作讨论维度；实际校区和办学地点必须再核第19期原页、湖北官方侧和招生章程。,教育部所在地为学校登记地线索，不能替代2026招生计划和章程中的办学地点,pending_school_location_review,pending_campus_or_location_review,黑龙江省,工业和信息化部,,A085,哈尔滨工程大学,A08521,21,H0-无同代码历史线索,历史待补,无同代码历史投档线，先作为历史待补组，不按分差下结论。,515分、91723位次暂无同代码历史线可直接比；需补同校同类组或官方投档线证据。,515,91723,494,497,481,,,,,,,0,,,,按院校专业组代码同代码旁挂，仅作冲稳保筛选前置线索；不能证明2026专业组存在、组内专业不变、计划数准确或投档位次可沿用。,false,false,非民办线索-教育部名单未备注民办,继续核公办普通学费-非民办线索,3,0,0,0,1,0,0,0,0,0,3,0,0,0,0,0,调剂风险线索-组内存在默认不能接受专业,高收费或超预算；费用专项需确认同组所有可调剂专业均不突破家庭费用底线。,1.34 机盛设让制晋及基息致化（中外合作办学）（与英国斯旺西大学合作，模式，中英文授课，入学不得转专业）[M-b7b4736d8d08f8c5]；2.35 材料物理（中外合作办学）（与英国斯旺西大学合作.异常考生）[M-5482d27ee4364f5e]；3.36 电子信息工程（中外合作办学）（与英国阿伯丁大学合作“3+！”模式，中英文授课，入学不得转专业）[M-9eefd8156e6ff84c],,25,right,R1-P0整组先核,先核家庭底线风险，不把该组放入主方案。,仅在保底不足或家庭明确可接受时再核整组。,核第19期原页、湖北官方系统/省招办计划、招生章程、学费、培养模式、证书、出国要求、校区、语种/单科/体检限制和调剂范围。,64.0,G-ee92fc651b6a40ec,STABLEGROUP-8a32aee0f723f1af
R4FEEGROUP-8820db4b9860efef,5万内中外合作/高收费专项,50000,1,0,0,6000,6000,28 计算机科学与技术（与澳大利亚昆士大学2+2联合培养双学士学位，等、第二学年在黑龙江大学学习，学费为6000元/学年：第三、第四学年须赴外方大学学习攻读学位58000澳币/学年，外方教学语音为类语；其他详细信息务必查阅学校招生网站）｜学费:6000｜预算内中外合作/高收费可讨论,1个5万内高收费/中外合作线索；仍需核第19期原页、湖北官方侧、招生章程、培养模式、证书和出国要求,直接来源于稳定底座、教育部学校属性表、三年投档线旁挂表和逐专业费用线索；不引用 Round3/Round4 输出。,历史待补附录,false,false,哈尔滨市,教育部所在地,哈尔滨市,,,城市按教育部学校所在地展示，仅作讨论维度；实际校区和办学地点必须再核第19期原页、湖北官方侧和招生章程。,教育部所在地为学校登记地线索，不能替代2026招生计划和章程中的办学地点,pending_school_location_review,pending_campus_or_location_review,黑龙江省,黑龙江省,,F683,黑龙江大学,F68313,13,H0-无同代码历史线索,历史待补,无同代码历史投档线，先作为历史待补组，不按分差下结论。,515分、91723位次暂无同代码历史线可直接比；需补同校同类组或官方投档线证据。,515,91723,494,497,481,,,,,,,0,,,,按院校专业组代码同代码旁挂，仅作冲稳保筛选前置线索；不能证明2026专业组存在、组内专业不变、计划数准确或投档位次可沿用。,false,false,非民办线索-教育部名单未备注民办,继续核公办普通学费-非民办线索,1,0,1,1,0,0,0,0,0,0,1,0,0,0,0,0,调剂风险线索-组内存在默认不能接受专业,高收费或超预算；费用专项需确认同组所有可调剂专业均不突破家庭费用底线。,1.28 计算机科学与技术（与澳大利亚昆士大学2+2联合培养双学士学位，等、第二学年在黑龙江大学学习，学费为6000元/学年：第三、第四学年须赴外方大学学习攻读学位58000澳币/学年，外方教学语音为类语；其他详细信息务必查阅学校招生网站）[M-b802d0ef6ce71576],,124,left,R2-P1页列集中核,先核家庭底线风险，不把该组放入主方案。,仅在保底不足或家庭明确可接受时再核整组。,核第19期原页、湖北官方系统/省招办计划、招生章程、学费、培养模式、证书、出国要求、校区、语种/单科/体检限制和调剂范围。,37.0,G-96d3c964163c5da1,STABLEGROUP-198e21342baca2c2
R4FEEGROUP-beb57c4ea560c4d4,5万内中外合作/高收费专项,50000,1,0,0,3850,3850,27 会计学（与澳大利亚麦考瑞大学2+2联合培养双学士学位，第一、第二学年，学费为3850元/在黑龙江大学学习学年；第三、第四学年须赴外方大学学习攻读学位，学费约 47000澳币/学年，外方教学语言为英语；其他详细信息务必查阅学校招生网站）｜学费:3850｜预算内中外合作/高收费可讨论,1个5万内高收费/中外合作线索；仍需核第19期原页、湖北官方侧、招生章程、培养模式、证书和出国要求,直接来源于稳定底座、教育部学校属性表、三年投档线旁挂表和逐专业费用线索；不引用 Round3/Round4 输出。,历史待补附录,false,false,哈尔滨市,教育部所在地,哈尔滨市,,,城市按教育部学校所在地展示，仅作讨论维度；实际校区和办学地点必须再核第19期原页、湖北官方侧和招生章程。,教育部所在地为学校登记地线索，不能替代2026招生计划和章程中的办学地点,pending_school_location_review,pending_campus_or_location_review,黑龙江省,黑龙江省,,F683,黑龙江大学,F68312,12,H0-无同代码历史线索,历史待补,无同代码历史投档线，先作为历史待补组，不按分差下结论。,515分、91723位次暂无同代码历史线可直接比；需补同校同类组或官方投档线证据。,515,91723,494,497,481,,,,,,,0,,,,按院校专业组代码同代码旁挂，仅作冲稳保筛选前置线索；不能证明2026专业组存在、组内专业不变、计划数准确或投档位次可沿用。,false,false,非民办线索-教育部名单未备注民办,继续核公办普通学费-非民办线索,1,0,0,0,0,0,0,1,0,0,1,0,0,0,0,0,调剂风险线索-组内存在默认不能接受专业,高收费或超预算；费用专项需确认同组所有可调剂专业均不突破家庭费用底线。,1.27 会计学（与澳大利亚麦考瑞大学2+2联合培养双学士学位，第一、第二学年，学费为3850元/在黑龙江大学学习学年；第三、第四学年须赴外方大学学习攻读学位，学费约 47000澳币/学年，外方教学语言为英语；其他详细信息务必查阅学校招生网站）[M-a60ca44c4f5e0158],,124,left,R2-P1页列集中核,先核家庭底线风险，不把该组放入主方案。,仅在保底不足或家庭明确可接受时再核整组。,核第19期原页、湖北官方系统/省招办计划、招生章程、学费、培养模式、证书、出国要求、校区、语种/单科/体检限制和调剂范围。,28.0,G-765a466d7312317a,STABLEGROUP-a019408bc7aaafe9
R4FEEGROUP-bbcfc34e3b55246c,5万内中外合作/高收费专项,50000,2,0,0,25000,25000,68 机械设计制造及其自动化（中外合作办学）（要求外语文化成绩不低于100分（满分150分），与德国海德堡应用科技大学合作举办，采用3+1培养模式，国内就读期间（前3年）学费25000元/年/入，国外就读期间学费约为12000 欧元/年/人录取后...｜学费:25000｜预算内中外合作/高收费可讨论；67 电气工程及其自动化（中外合作办学）（要求外语文化成绩不低于100分（满分150分），与德国海德堡应用科技大学合作举办，采用3+1培养模式，国内就读期间（前3年）学费 25000元/年/人，国外就读期间学费约为12000欧元/年/人，录取后不...｜学费:25000｜预算内中外合作/高收费可讨论,2个5万内高收费/中外合作线索；仍需核第19期原页、湖北官方侧、招生章程、培养模式、证书和出国要求,直接来源于稳定底座、教育部学校属性表、三年投档线旁挂表和逐专业费用线索；不引用 Round3/Round4 输出。,历史待补附录,false,false,唐山市,教育部所在地,唐山市,,,城市按教育部学校所在地展示，仅作讨论维度；实际校区和办学地点必须再核第19期原页、湖北官方侧和招生章程。,教育部所在地为学校登记地线索，不能替代2026招生计划和章程中的办学地点,pending_school_location_review,pending_campus_or_location_review,河北省,河北省,,F180,华北理工大学,F18025,25,H0-无同代码历史线索,历史待补,无同代码历史投档线，先作为历史待补组，不按分差下结论。,515分、91723位次暂无同代码历史线可直接比；需补同校同类组或官方投档线证据。,515,91723,494,497,481,,,,,,,0,,,,按院校专业组代码同代码旁挂，仅作冲稳保筛选前置线索；不能证明2026专业组存在、组内专业不变、计划数准确或投档位次可沿用。,false,false,非民办线索-教育部名单未备注民办,继续核公办普通学费-非民办线索,2,0,0,0,0,2,0,0,0,0,2,0,0,0,0,0,调剂风险线索-组内存在默认不能接受专业,高收费或超预算；费用专项需确认同组所有可调剂专业均不突破家庭费用底线。,1.67 电气工程及其自动化（中外合作办学）（要求外语文化成绩不低于100分（满分150分），与德国海德堡应用科技大学合作举办，采用3+1培养模式，国内就读期间（前3年）学费 25000元/年/人，国外就读期间学费约为12000欧元/年/人，录取后不...[M-a88fd8af80dbea1b]；2.68 机械设计制造及其自动化（中外合作办学）（要求外语文化成绩不低于100分（满分150分），与德国海德堡应用科技大学合作举办，采用3+1培养模式，国内就读期间（前3年）学费25000元/年/入，国外就读期间学费约为12000 欧元/年/人录取后...[M-15844ca904d3f651],,100,left,R1-P0整组先核,先核家庭底线风险，不把该组放入主方案。,仅在保底不足或家庭明确可接受时再核整组。,核第19期原页、湖北官方系统/省招办计划、招生章程、学费、培养模式、证书、出国要求、校区、语种/单科/体检限制和调剂范围。,52.0,G-53bfac682811dabc,STABLEGROUP-c09b42d9d5a4bc4a
R4FEEGROUP-1b0536cf718bc407,5万内中外合作/高收费专项,50000,1,0,0,16000,16000,50 软件工程（办学地点：明向校区）｜学费:16000｜预算内高学费可讨论,1个5万内高收费/中外合作线索；仍需核第19期原页、湖北官方侧、招生章程、培养模式、证书和出国要求,直接来源于稳定底座、教育部学校属性表、三年投档线旁挂表和逐专业费用线索；不引用 Round3/Round4 输出。,历史待补附录,false,false,太原市,教育部所在地,太原市,,,城市按教育部学校所在地展示，仅作讨论维度；实际校区和办学地点必须再核第19期原页、湖北官方侧和招生章程。,教育部所在地为学校登记地线索，不能替代2026招生计划和章程中的办学地点,pending_school_location_review,machine_ocr_remark_candidate_unverified,山西省,山西省,,F295,太原理工大学,F29512,12,H0-无同代码历史线索,历史待补,无同代码历史投档线，先作为历史待补组，不按分差下结论。,515分、91723位次暂无同代码历史线可直接比；需补同校同类组或官方投档线证据。,515,91723,494,497,481,,,,,,,0,,,,按院校专业组代码同代码旁挂，仅作冲稳保筛选前置线索；不能证明2026专业组存在、组内专业不变、计划数准确或投档位次可沿用。,false,false,非民办线索-教育部名单未备注民办,继续核公办普通学费-非民办线索,1,0,1,1,0,0,0,0,0,0,1,0,0,0,0,0,调剂风险线索-组内存在默认不能接受专业,高收费或超预算；费用专项需确认同组所有可调剂专业均不突破家庭费用底线。,1.50 软件工程（办学地点：明向校区）[M-d0fd247d94edea5d],明向校区,107,right,R3-P2官网后人工确认,先核家庭底线风险，不把该组放入主方案。,仅在保底不足或家庭明确可接受时再核整组。,核第19期原页、湖北官方系统/省招办计划、招生章程、学费、培养模式、证书、出国要求、校区、语种/单科/体检限制和调剂范围。,37.0,G-9d1fbe28e6f66135,STABLEGROUP-9a840df0e476962e
R4FEEGROUP-fe4b39c184a958e4,5万内中外合作/高收费专项,50000,1,0,0,50000,50000,51 机械设计制造及其自动化（中外合作办学）（办学地点：虎峪校区）F296 山西农业大学（公办）（山西）｜学费:50000｜预算内中外合作/高收费可讨论,1个5万内高收费/中外合作线索；仍需核第19期原页、湖北官方侧、招生章程、培养模式、证书和出国要求,直接来源于稳定底座、教育部学校属性表、三年投档线旁挂表和逐专业费用线索；不引用 Round3/Round4 输出。,历史待补附录,false,false,太原市,教育部所在地,太原市,,,城市按教育部学校所在地展示，仅作讨论维度；实际校区和办学地点必须再核第19期原页、湖北官方侧和招生章程。,教育部所在地为学校登记地线索，不能替代2026招生计划和章程中的办学地点,pending_school_location_review,machine_ocr_remark_candidate_unverified,山西省,山西省,,F295,太原理工大学,F29513,13,H0-无同代码历史线索,历史待补,无同代码历史投档线，先作为历史待补组，不按分差下结论。,515分、91723位次暂无同代码历史线可直接比；需补同校同类组或官方投档线证据。,515,91723,494,497,481,,,,,,,0,,,,按院校专业组代码同代码旁挂，仅作冲稳保筛选前置线索；不能证明2026专业组存在、组内专业不变、计划数准确或投档位次可沿用。,false,false,非民办线索-教育部名单未备注民办,继续核公办普通学费-非民办线索,1,0,0,0,0,1,0,0,0,1,1,0,0,0,0,0,调剂风险线索-组内存在默认不能接受专业,高收费或超预算；费用专项需确认同组所有可调剂专业均不突破家庭费用底线。,1.51 机械设计制造及其自动化（中外合作办学）（办学地点：虎峪校区）F296 山西农业大学（公办）（山西）[M-d8afa4c2740f8847],虎峪校区,107,right,R1-P0整组先核,先核家庭底线风险，不把该组放入主方案。,仅在保底不足或家庭明确可接受时再核整组。,核第19期原页、湖北官方系统/省招办计划、招生章程、学费、培养模式、证书、出国要求、校区、语种/单科/体检限制和调剂范围。,32.0,G-d0216bfbe3c951d1,STABLEGROUP-d8751c6508f63638
R4FEEGROUP-441f1995b0d7b26e,5万内中外合作/高收费专项,50000,1,0,0,27000,27000,"41 电气工程及其自动化（中外合作办学）（与俄罗斯圣彼得堡国立交通大学“4+0""培养模式，零起点学习俄｜学费:27000｜预算内中外合作/高收费可讨论",1个5万内高收费/中外合作线索；仍需核第19期原页、湖北官方侧、招生章程、培养模式、证书和出国要求,直接来源于稳定底座、教育部学校属性表、三年投档线旁挂表和逐专业费用线索；不引用 Round3/Round4 输出。,历史待补附录,false,false,太原市,教育部所在地,太原市,,,城市按教育部学校所在地展示，仅作讨论维度；实际校区和办学地点必须再核第19期原页、湖北官方侧和招生章程。,教育部所在地为学校登记地线索，不能替代2026招生计划和章程中的办学地点,pending_school_location_review,pending_campus_or_location_review,山西省,山西省,,F311,太原工业学院,F31109,09,H0-无同代码历史线索,历史待补,无同代码历史投档线，先作为历史待补组，不按分差下结论。,515分、91723位次暂无同代码历史线可直接比；需补同校同类组或官方投档线证据。,515,91723,494,497,481,,,,,,,0,,,,按院校专业组代码同代码旁挂，仅作冲稳保筛选前置线索；不能证明2026专业组存在、组内专业不变、计划数准确或投档位次可沿用。,false,false,非民办线索-教育部名单未备注民办,继续核公办普通学费-非民办线索,2,0,0,0,0,1,0,0,0,0,1,0,0,0,0,0,调剂风险线索-组内存在默认不能接受专业,高收费或超预算；费用专项需确认同组所有可调剂专业均不突破家庭费用底线。,"1.41 电气工程及其自动化（中外合作办学）（与俄罗斯圣彼得堡国立交通大学“4+0""培养模式，零起点学习俄[M-a3e40eb365e3e611]；2.HS 12东华理工大学（公办）（江西）[M-e7c43713c4bfb391]",,153,left,R2-P1页列集中核,先核家庭底线风险，不把该组放入主方案。,仅在保底不足或家庭明确可接受时再核整组。,核第19期原页、湖北官方系统/省招办计划、招生章程、学费、培养模式、证书、出国要求、校区、语种/单科/体检限制和调剂范围。,32.0,G-df065a201a279c63,STABLEGROUP-cea092d2c0c4bb6c
R4FEEGROUP-dfd41e76574f8154,5万内中外合作/高收费专项,50000,7,0,0,32000,33000,09 人工智能（办学地点：钱湖校区）｜学费:32000｜预算内高学费可讨论；10 计算机科学与技术（办学地点：钱湖校｜学费:33000｜预算内高学费可讨论；11 软件工程（办学地点：钱湖校区）｜学费:33000｜预算内高学费可讨论；12 数据科学与大数据技术（办学地点：钱湖校区）｜学费:33000｜预算内高学费可讨论；08 网络空间安全（办学地点：钱湖校区）｜学费:|32000｜预算内高学费可讨论；07 患气工程及其自动化（一年级就读于钱湖校区，后就读于余姚校区｜学费:33000｜预算内高学费可讨论；13 智能影像工程（办学地点：回龙校区）｜学费:33000｜预算内高学费可讨论,7个5万内高收费/中外合作线索；仍需核第19期原页、湖北官方侧、招生章程、培养模式、证书和出国要求,直接来源于稳定底座、教育部学校属性表、三年投档线旁挂表和逐专业费用线索；不引用 Round3/Round4 输出。,历史待补附录,false,false,宁波市,教育部所在地,宁波市,,,城市按教育部学校所在地展示，仅作讨论维度；实际校区和办学地点必须再核第19期原页、湖北官方侧和招生章程。,教育部所在地为学校登记地线索，不能替代2026招生计划和章程中的办学地点,pending_school_location_review,machine_ocr_remark_candidate_unverified；pending_campus_or_location_review,浙江省,浙江省,,H019,浙江万里学院,H01903,03,H0-无同代码历史线索,历史待补,无同代码历史投档线，先作为历史待补组，不按分差下结论。,515分、91723位次暂无同代码历史线可直接比；需补同校同类组或官方投档线证据。,515,91723,494,497,481,,,,,,,0,,,,按院校专业组代码同代码旁挂，仅作冲稳保筛选前置线索；不能证明2026专业组存在、组内专业不变、计划数准确或投档位次可沿用。,false,false,非民办线索-教育部名单未备注民办,继续核公办普通学费-非民办线索,7,0,4,5,0,1,0,0,0,0,5,0,0,0,0,0,调剂风险线索-组内存在默认不能接受专业,高收费或超预算；费用专项需确认同组所有可调剂专业均不突破家庭费用底线。,1.07 患气工程及其自动化（一年级就读于钱湖校区，后就读于余姚校区[M-b7db04a3245c06fa]；2.08 网络空间安全（办学地点：钱湖校区）[M-533b0ef29cf5d27b]；3.09 人工智能（办学地点：钱湖校区）[M-206d11bae0bf6195]；4.10 计算机科学与技术（办学地点：钱湖校[M-6f07c116954f4e97]；5.11 软件工程（办学地点：钱湖校区）[M-50d6e7323ae4f59a]；6.12 数据科学与大数据技术（办学地点：钱湖校区）[M-6729c9f5efd5efe9]；7.13 智能影像工程（办学地点：回龙校区）[M-ef391d15ad9ab62b],一年级就读于钱湖校区；后就读于余姚校区；钱湖校区；回龙校区,140,right,R1-P0整组先核,先核家庭底线风险，不把该组放入主方案。,仅在保底不足或家庭明确可接受时再核整组。,核第19期原页、湖北官方系统/省招办计划、招生章程、学费、培养模式、证书、出国要求、校区、语种/单科/体检限制和调剂范围。,169.0,G-dba27299e987976d,STABLEGROUP-aa57c581fb8ca19f
R4FEEGROUP-90b5601f1bbcf634,5万内中外合作/高收费专项,50000,1,0,0,18000,18000,09 机械设计制造及其自动化（中外合作办学）（一年级学生在东校区入学车级转入西校区菲英语语种考生慎重填报.合作高校：美国科罗拉多州立大学普韦布洛分校；办学地点：东校区）H674 湖南科技学院（公办）（湖南）｜学费:18000｜预算内中外合作/高收费可讨论,1个5万内高收费/中外合作线索；仍需核第19期原页、湖北官方侧、招生章程、培养模式、证书和出国要求,直接来源于稳定底座、教育部学校属性表、三年投档线旁挂表和逐专业费用线索；不引用 Round3/Round4 输出。,历史待补附录,false,false,常德市,教育部所在地,常德市,,,城市按教育部学校所在地展示，仅作讨论维度；实际校区和办学地点必须再核第19期原页、湖北官方侧和招生章程。,教育部所在地为学校登记地线索，不能替代2026招生计划和章程中的办学地点,pending_school_location_review,machine_ocr_remark_candidate_unverified,湖南省,湖南省,,H673,湖南文理学院,H67306,06,H0-无同代码历史线索,历史待补,无同代码历史投档线，先作为历史待补组，不按分差下结论。,515分、91723位次暂无同代码历史线可直接比；需补同校同类组或官方投档线证据。,515,91723,494,497,481,,,,,,,0,,,,按院校专业组代码同代码旁挂，仅作冲稳保筛选前置线索；不能证明2026专业组存在、组内专业不变、计划数准确或投档位次可沿用。,false,false,非民办线索-教育部名单未备注民办,继续核公办普通学费-非民办线索,1,0,0,0,0,1,0,0,0,0,1,0,0,0,0,0,调剂风险线索-组内存在默认不能接受专业,高收费或超预算；费用专项需确认同组所有可调剂专业均不突破家庭费用底线。,1.09 机械设计制造及其自动化（中外合作办学）（一年级学生在东校区入学车级转入西校区菲英语语种考生慎重填报.合作高校：美国科罗拉多州立大学普韦布洛分校；办学地点：东校区）H674 湖南科技学院（公办）（湖南）[M-254365ac865310fa],一年级学生在东校区；入学车级转入西校区；东校区,182,left,R1-P0整组先核,先核家庭底线风险，不把该组放入主方案。,仅在保底不足或家庭明确可接受时再核整组。,核第19期原页、湖北官方系统/省招办计划、招生章程、学费、培养模式、证书、出国要求、校区、语种/单科/体检限制和调剂范围。,32.0,G-43b62507aa435ffb,STABLEGROUP-9b5b4a1fcff46d26
R4FEEGROUP-2b78c07e825a4090,5万内中外合作/高收费专项,50000,2,0,0,39000,39000,27 计算机科学与技术（中外合作办学）（与俄罗斯圣光机大学合作办学中英文授课，学生在中方完成4年学些后，可获中俄双方证书；办学地点：下沙校区）H002浙江工业大学（公办）（浙江）｜学费:39000｜预算内中外合作/高收费可讨论；26 自动化（中外合作办学）（与俄罗斯圣光机大学合作办学，中英文授课，学生在中方完成4年学业后，可获中俄刃方证书；办学地点：下沙校区，｜学费:39000｜预算内中外合作/高收费可讨论,2个5万内高收费/中外合作线索；仍需核第19期原页、湖北官方侧、招生章程、培养模式、证书和出国要求,直接来源于稳定底座、教育部学校属性表、三年投档线旁挂表和逐专业费用线索；不引用 Round3/Round4 输出。,历史待补附录,false,false,杭州市,教育部所在地,杭州市,,,城市按教育部学校所在地展示，仅作讨论维度；实际校区和办学地点必须再核第19期原页、湖北官方侧和招生章程。,教育部所在地为学校登记地线索，不能替代2026招生计划和章程中的办学地点,pending_school_location_review,machine_ocr_remark_candidate_unverified,浙江省,浙江省,,H001,杭州电子科技大学,H00106,06,H0-无同代码历史线索,历史待补,无同代码历史投档线，先作为历史待补组，不按分差下结论。,515分、91723位次暂无同代码历史线可直接比；需补同校同类组或官方投档线证据。,515,91723,494,497,481,,,,,,,0,,,,按院校专业组代码同代码旁挂，仅作冲稳保筛选前置线索；不能证明2026专业组存在、组内专业不变、计划数准确或投档位次可沿用。,false,false,非民办线索-教育部名单未备注民办,继续核公办普通学费-非民办线索,2,0,1,1,0,1,0,0,0,0,2,0,0,0,0,0,调剂风险线索-组内存在默认不能接受专业,高收费或超预算；费用专项需确认同组所有可调剂专业均不突破家庭费用底线。,1.26 自动化（中外合作办学）（与俄罗斯圣光机大学合作办学，中英文授课，学生在中方完成4年学业后，可获中俄刃方证书；办学地点：下沙校区，[M-fafdda48d49e1d82]；2.27 计算机科学与技术（中外合作办学）（与俄罗斯圣光机大学合作办学中英文授课，学生在中方完成4年学些后，可获中俄双方证书；办学地点：下沙校区）H002浙江工业大学（公办）（浙江）[M-45a6e238996050a7],下沙校区,137,right,R1-P0整组先核,先核家庭底线风险，不把该组放入主方案。,仅在保底不足或家庭明确可接受时再核整组。,核第19期原页、湖北官方系统/省招办计划、招生章程、学费、培养模式、证书、出国要求、校区、语种/单科/体检限制和调剂范围。,57.0,G-b08cda0a2ed91d99,STABLEGROUP-ed72a19373d5ccc1
R4FEEGROUP-bc7e9d9a5afac8dd,5万内中外合作/高收费专项,50000,1,0,0,28800,28800,40 数字媒体技术（中外合作办学）（只招收明确填报有该专业志愿的考生；办学地点：杭州钱塘校区）H030浙大城市学院（公办）（浙江）｜学费:28800｜预算内中外合作/高收费可讨论,1个5万内高收费/中外合作线索；仍需核第19期原页、湖北官方侧、招生章程、培养模式、证书和出国要求,直接来源于稳定底座、教育部学校属性表、三年投档线旁挂表和逐专业费用线索；不引用 Round3/Round4 输出。,历史待补附录,false,false,杭州市,教育部所在地,杭州市,,,城市按教育部学校所在地展示，仅作讨论维度；实际校区和办学地点必须再核第19期原页、湖北官方侧和招生章程。,教育部所在地为学校登记地线索，不能替代2026招生计划和章程中的办学地点,pending_school_location_review,machine_ocr_remark_candidate_unverified,浙江省,浙江省,,H026,浙江传媒学院,H02609,09,H0-无同代码历史线索,历史待补,无同代码历史投档线，先作为历史待补组，不按分差下结论。,515分、91723位次暂无同代码历史线可直接比；需补同校同类组或官方投档线证据。,515,91723,494,497,481,,,,,,,0,,,,按院校专业组代码同代码旁挂，仅作冲稳保筛选前置线索；不能证明2026专业组存在、组内专业不变、计划数准确或投档位次可沿用。,false,false,非民办线索-教育部名单未备注民办,继续核公办普通学费-非民办线索,1,1,0,0,0,0,0,0,0,0,1,0,0,0,0,0,调剂风险线索-组内存在默认不能接受专业,高收费或超预算；费用专项需确认同组所有可调剂专业均不突破家庭费用底线。,1.40 数字媒体技术（中外合作办学）（只招收明确填报有该专业志愿的考生；办学地点：杭州钱塘校区）H030浙大城市学院（公办）（浙江）[M-80a18bdb0d63f02d],杭州钱塘校区,141,right,R1-P0整组先核,先核家庭底线风险，不把该组放入主方案。,仅在保底不足或家庭明确可接受时再核整组。,核第19期原页、湖北官方系统/省招办计划、招生章程、学费、培养模式、证书、出国要求、校区、语种/单科/体检限制和调剂范围。,40.0,G-06c3129622edc9e0,STABLEGROUP-43d63ae7c68bd143
R4FEEGROUP-0bd7c3d2dc1a4fa0,5万内中外合作/高收费专项,50000,1,0,0,49000,49000,31 软件工程（中外合作办学）（合作办学左为蒸国德比大学，除英语外，不宜其它语种报考）｜学费:49000｜预算内中外合作/高收费可讨论,1个5万内高收费/中外合作线索；仍需核第19期原页、湖北官方侧、招生章程、培养模式、证书和出国要求,直接来源于稳定底座、教育部学校属性表、三年投档线旁挂表和逐专业费用线索；不引用 Round3/Round4 输出。,历史待补附录,false,false,株洲市,教育部所在地,株洲市,,,城市按教育部学校所在地展示，仅作讨论维度；实际校区和办学地点必须再核第19期原页、湖北官方侧和招生章程。,教育部所在地为学校登记地线索，不能替代2026招生计划和章程中的办学地点,pending_school_location_review,pending_campus_or_location_review,湖南省,湖南省,,H684,湖南工业大学,H68412,12,H0-无同代码历史线索,历史待补,无同代码历史投档线，先作为历史待补组，不按分差下结论。,515分、91723位次暂无同代码历史线可直接比；需补同校同类组或官方投档线证据。,515,91723,494,497,481,,,,,,,0,,,,按院校专业组代码同代码旁挂，仅作冲稳保筛选前置线索；不能证明2026专业组存在、组内专业不变、计划数准确或投档位次可沿用。,false,false,非民办线索-教育部名单未备注民办,继续核公办普通学费-非民办线索,1,0,1,1,0,0,0,0,0,0,1,0,0,0,0,0,调剂风险线索-组内存在默认不能接受专业,高收费或超预算；费用专项需确认同组所有可调剂专业均不突破家庭费用底线。,1.31 软件工程（中外合作办学）（合作办学左为蒸国德比大学，除英语外，不宜其它语种报考）[M-42b26b98b4e92056],,184,left,R3-P2官网后人工确认,先核家庭底线风险，不把该组放入主方案。,仅在保底不足或家庭明确可接受时再核整组。,核第19期原页、湖北官方系统/省招办计划、招生章程、学费、培养模式、证书、出国要求、校区、语种/单科/体检限制和调剂范围。,37.0,G-ff606d2f0de829bc,STABLEGROUP-781b16c33457d42b
R4FEEGROUP-31dc7a09f4c4e334,5万内中外合作/高收费专项,50000,1,0,0,49000,49000,29 惠气工程及其自动化（中外合作办学）（合作办学方为英国德比大学，除英语外，不宜其它语种报考）｜学费:49000｜预算内中外合作/高收费可讨论,1个5万内高收费/中外合作线索；仍需核第19期原页、湖北官方侧、招生章程、培养模式、证书和出国要求,直接来源于稳定底座、教育部学校属性表、三年投档线旁挂表和逐专业费用线索；不引用 Round3/Round4 输出。,历史待补附录,false,false,株洲市,教育部所在地,株洲市,,,城市按教育部学校所在地展示，仅作讨论维度；实际校区和办学地点必须再核第19期原页、湖北官方侧和招生章程。,教育部所在地为学校登记地线索，不能替代2026招生计划和章程中的办学地点,pending_school_location_review,pending_campus_or_location_review,湖南省,湖南省,,H684,湖南工业大学,H68410,10,H0-无同代码历史线索,历史待补,无同代码历史投档线，先作为历史待补组，不按分差下结论。,515分、91723位次暂无同代码历史线可直接比；需补同校同类组或官方投档线证据。,515,91723,494,497,481,,,,,,,0,,,,按院校专业组代码同代码旁挂，仅作冲稳保筛选前置线索；不能证明2026专业组存在、组内专业不变、计划数准确或投档位次可沿用。,false,false,非民办线索-教育部名单未备注民办,继续核公办普通学费-非民办线索,1,0,0,0,0,1,0,0,0,0,1,0,0,0,0,0,调剂风险线索-组内存在默认不能接受专业,高收费或超预算；费用专项需确认同组所有可调剂专业均不突破家庭费用底线。,1.29 惠气工程及其自动化（中外合作办学）（合作办学方为英国德比大学，除英语外，不宜其它语种报考）[M-cbd694cdf789ebf1],,184,left,R3-P2官网后人工确认,先核家庭底线风险，不把该组放入主方案。,仅在保底不足或家庭明确可接受时再核整组。,核第19期原页、湖北官方系统/省招办计划、招生章程、学费、培养模式、证书、出国要求、校区、语种/单科/体检限制和调剂范围。,32.0,G-129b0f853929ea6f,STABLEGROUP-73a57dc54ed99eff
R4FEEGROUP-6a30a5ccc04aff64,5万内中外合作/高收费专项,50000,1,0,0,49000,49000,30 电子科学与技术（中外合作办学）（合作办学左为葵国德比大学，除英语外，不宜其它语种报考）｜学费:49000｜预算内中外合作/高收费可讨论,1个5万内高收费/中外合作线索；仍需核第19期原页、湖北官方侧、招生章程、培养模式、证书和出国要求,直接来源于稳定底座、教育部学校属性表、三年投档线旁挂表和逐专业费用线索；不引用 Round3/Round4 输出。,历史待补附录,false,false,株洲市,教育部所在地,株洲市,,,城市按教育部学校所在地展示，仅作讨论维度；实际校区和办学地点必须再核第19期原页、湖北官方侧和招生章程。,教育部所在地为学校登记地线索，不能替代2026招生计划和章程中的办学地点,pending_school_location_review,pending_campus_or_location_review,湖南省,湖南省,,H684,湖南工业大学,H68411,11,H0-无同代码历史线索,历史待补,无同代码历史投档线，先作为历史待补组，不按分差下结论。,515分、91723位次暂无同代码历史线可直接比；需补同校同类组或官方投档线证据。,515,91723,494,497,481,,,,,,,0,,,,按院校专业组代码同代码旁挂，仅作冲稳保筛选前置线索；不能证明2026专业组存在、组内专业不变、计划数准确或投档位次可沿用。,false,false,非民办线索-教育部名单未备注民办,继续核公办普通学费-非民办线索,1,0,0,0,1,0,0,0,0,0,1,0,0,0,0,0,调剂风险线索-组内存在默认不能接受专业,高收费或超预算；费用专项需确认同组所有可调剂专业均不突破家庭费用底线。,1.30 电子科学与技术（中外合作办学）（合作办学左为葵国德比大学，除英语外，不宜其它语种报考）[M-7b6e374fc94df176],,184,left,R3-P2官网后人工确认,先核家庭底线风险，不把该组放入主方案。,仅在保底不足或家庭明确可接受时再核整组。,核第19期原页、湖北官方系统/省招办计划、招生章程、学费、培养模式、证书、出国要求、校区、语种/单科/体检限制和调剂范围。,32.0,G-d8b5b33c40be4633,STABLEGROUP-18beac653108fcdb
R4FEEGROUP-83dcadc329e375ca,5万内中外合作/高收费专项,50000,1,0,0,30000,30000,17 电子信息工程（中外合作办学）H912 桂林旅游学院（公办）（广西）｜学费:|30000｜预算内中外合作/高收费可讨论,1个5万内高收费/中外合作线索；仍需核第19期原页、湖北官方侧、招生章程、培养模式、证书和出国要求,直接来源于稳定底座、教育部学校属性表、三年投档线旁挂表和逐专业费用线索；不引用 Round3/Round4 输出。,历史待补附录,false,false,桂林市,教育部所在地,桂林市,,,城市按教育部学校所在地展示，仅作讨论维度；实际校区和办学地点必须再核第19期原页、湖北官方侧和招生章程。,教育部所在地为学校登记地线索，不能替代2026招生计划和章程中的办学地点,pending_school_location_review,pending_campus_or_location_review,广西壮族自治区,广西壮族自治区,,T911,桂林航天工业学院,T91106,06,H0-无同代码历史线索,历史待补,无同代码历史投档线，先作为历史待补组，不按分差下结论。,515分、91723位次暂无同代码历史线可直接比；需补同校同类组或官方投档线证据。,515,91723,494,497,481,,,,,,,0,,,,按院校专业组代码同代码旁挂，仅作冲稳保筛选前置线索；不能证明2026专业组存在、组内专业不变、计划数准确或投档位次可沿用。,false,false,非民办线索-教育部名单未备注民办,继续核公办普通学费-非民办线索,1,0,0,0,1,0,0,0,0,0,1,0,0,0,0,0,调剂风险线索-组内存在默认不能接受专业,高收费或超预算；费用专项需确认同组所有可调剂专业均不突破家庭费用底线。,1.17 电子信息工程（中外合作办学）H912 桂林旅游学院（公办）（广西）[M-01e10be7c2eca1dc],,198,right,R1-P0整组先核,先核家庭底线风险，不把该组放入主方案。,仅在保底不足或家庭明确可接受时再核整组。,核第19期原页、湖北官方系统/省招办计划、招生章程、学费、培养模式、证书、出国要求、校区、语种/单科/体检限制和调剂范围。,32.0,G-edd4551e8abfc189,STABLEGROUP-de822a130a9a27ea
R4FEEGROUP-637007717eae1360,5万内中外合作/高收费专项,50000,1,0,0,38000,38000,92 商分子材料与工程（中外合作办学）（建议英语语种考生报考：“3+1”培养模式；匈牙利潘诺尼亚大学）C113 网络空间安全学院（公办）（湖北）｜学费:38000｜预算内中外合作/高收费可讨论,1个5万内高收费/中外合作线索；仍需核第19期原页、湖北官方侧、招生章程、培养模式、证书和出国要求,直接来源于稳定底座、教育部学校属性表、三年投档线旁挂表和逐专业费用线索；不引用 Round3/Round4 输出。,历史待补附录,false,false,武汉市,教育部所在地,武汉市,武汉,武汉,城市按教育部学校所在地展示，仅作讨论维度；实际校区和办学地点必须再核第19期原页、湖北官方侧和招生章程。,教育部所在地为学校登记地线索，不能替代2026招生计划和章程中的办学地点,machine_school_name_keyword_unverified,pending_campus_or_location_review,湖北省,湖北省,,C109,武汉工程大学,C10911,11,H0-无同代码历史线索,历史待补,无同代码历史投档线，先作为历史待补组，不按分差下结论。,515分、91723位次暂无同代码历史线可直接比；需补同校同类组或官方投档线证据。,515,91723,494,497,481,,,,,,,0,,,,按院校专业组代码同代码旁挂，仅作冲稳保筛选前置线索；不能证明2026专业组存在、组内专业不变、计划数准确或投档位次可沿用。,false,false,非民办线索-教育部名单未备注民办,继续核公办普通学费-非民办线索,1,0,0,1,0,0,0,0,0,0,1,0,0,0,0,0,调剂风险线索-组内存在默认不能接受专业,高收费或超预算；费用专项需确认同组所有可调剂专业均不突破家庭费用底线。,1.92 商分子材料与工程（中外合作办学）（建议英语语种考生报考：“3+1”培养模式；匈牙利潘诺尼亚大学）C113 网络空间安全学院（公办）（湖北）[M-4459276e9c3a2da9],,71,right,R1-P0整组先核,先核家庭底线风险，不把该组放入主方案。,仅在保底不足或家庭明确可接受时再核整组。,核第19期原页、湖北官方系统/省招办计划、招生章程、学费、培养模式、证书、出国要求、校区、语种/单科/体检限制和调剂范围。,33.0,G-43c0652b4daf22d7,STABLEGROUP-5b6c1f59ae3e117c
R4FEEGROUP-9b24faa97cc1990d,5万内中外合作/高收费专项,50000,1,0,0,50000,50000,16 会计学（中外合作办学）（亚澳商学院员招收有专业志愿考生，英语教学，考生应具备良好的听说读写能力.韭英语语种考生慎报；办学地点：蒲河校｜学费:50000｜预算内中外合作/高收费可讨论,1个5万内高收费/中外合作线索；仍需核第19期原页、湖北官方侧、招生章程、培养模式、证书和出国要求,直接来源于稳定底座、教育部学校属性表、三年投档线旁挂表和逐专业费用线索；不引用 Round3/Round4 输出。,历史待补附录,false,false,沈阳市,教育部所在地,沈阳市,,,城市按教育部学校所在地展示，仅作讨论维度；实际校区和办学地点必须再核第19期原页、湖北官方侧和招生章程。,教育部所在地为学校登记地线索，不能替代2026招生计划和章程中的办学地点,pending_school_location_review,pending_campus_or_location_review,辽宁省,辽宁省,,F461,辽宁大学,F46107,07,H0-无同代码历史线索,历史待补,无同代码历史投档线，先作为历史待补组，不按分差下结论。,515分、91723位次暂无同代码历史线可直接比；需补同校同类组或官方投档线证据。,515,91723,494,497,481,,,,,,,0,,,,按院校专业组代码同代码旁挂，仅作冲稳保筛选前置线索；不能证明2026专业组存在、组内专业不变、计划数准确或投档位次可沿用。,false,false,非民办线索-教育部名单未备注民办,继续核公办普通学费-非民办线索,1,0,0,0,0,0,0,1,0,0,1,0,0,0,0,0,调剂风险线索-组内存在默认不能接受专业,高收费或超预算；费用专项需确认同组所有可调剂专业均不突破家庭费用底线。,1.16 会计学（中外合作办学）（亚澳商学院员招收有专业志愿考生，英语教学，考生应具备良好的听说读写能力.韭英语语种考生慎报；办学地点：蒲河校[M-02e09efd7f7f04ef],,112,right,R3-P2官网后人工确认,先核家庭底线风险，不把该组放入主方案。,仅在保底不足或家庭明确可接受时再核整组。,核第19期原页、湖北官方系统/省招办计划、招生章程、学费、培养模式、证书、出国要求、校区、语种/单科/体检限制和调剂范围。,28.0,G-62361e3f15527a74,STABLEGROUP-b53f52ca6502ced6
R4FEEGROUP-35d5769c13266529,5万内中外合作/高收费专项,50000,3,0,0,45000,45000,21 计算机科学与技术（中外合作办学（双证，俄罗斯顿河国立技术大学；办学地点：长清校区）｜学费:45000｜预算内中外合作/高收费可讨论；23 生木工程（中外合作办学）（双证，俄罗叛顿河国立技术大学；办学地点：长清校区）H450 山东工商学院（公办）（山东）｜学费:45000｜预算内中外合作/高收费可讨论；22 交通运输（中外合作办学）（双证，俄罗覆優河国立技术大学；办学地点：长清｜学费:45000｜预算内中外合作/高收费可讨论,3个5万内高收费/中外合作线索；仍需核第19期原页、湖北官方侧、招生章程、培养模式、证书和出国要求,直接来源于稳定底座、教育部学校属性表、三年投档线旁挂表和逐专业费用线索；不引用 Round3/Round4 输出。,历史待补附录,false,false,济南市,教育部所在地,济南市,,,城市按教育部学校所在地展示，仅作讨论维度；实际校区和办学地点必须再核第19期原页、湖北官方侧和招生章程。,教育部所在地为学校登记地线索，不能替代2026招生计划和章程中的办学地点,pending_school_location_review,machine_ocr_remark_candidate_unverified；pending_campus_or_location_review,山东省,山东省,,F449,山东交通学院,F44904,04,H0-无同代码历史线索,历史待补,无同代码历史投档线，先作为历史待补组，不按分差下结论。,515分、91723位次暂无同代码历史线可直接比；需补同校同类组或官方投档线证据。,515,91723,494,497,481,,,,,,,0,,,,按院校专业组代码同代码旁挂，仅作冲稳保筛选前置线索；不能证明2026专业组存在、组内专业不变、计划数准确或投档位次可沿用。,false,false,非民办线索-教育部名单未备注民办,继续核公办普通学费-非民办线索,3,0,1,1,0,0,0,0,0,0,3,0,0,0,0,0,调剂风险线索-组内存在默认不能接受专业,高收费或超预算；费用专项需确认同组所有可调剂专业均不突破家庭费用底线。,1.21 计算机科学与技术（中外合作办学（双证，俄罗斯顿河国立技术大学；办学地点：长清校区）[M-138481f2e28a9775]；2.22 交通运输（中外合作办学）（双证，俄罗覆優河国立技术大学；办学地点：长清[M-759e989351f82bd4]；3.23 生木工程（中外合作办学）（双证，俄罗叛顿河国立技术大学；办学地点：长清校区）H450 山东工商学院（公办）（山东）[M-d99877e0c9464f70],长清校区,169,right,R1-P0整组先核,先核家庭底线风险，不把该组放入主方案。,仅在保底不足或家庭明确可接受时再核整组。,核第19期原页、湖北官方系统/省招办计划、招生章程、学费、培养模式、证书、出国要求、校区、语种/单科/体检限制和调剂范围。,69.0,G-fb29084e6c0d60a8,STABLEGROUP-9815b8794bab1e68
R4FEEGROUP-052a3fd09e5be777,5万内中外合作/高收费专项,50000,1,0,0,50000,50000,19 电子与计算机工程（中外合作办袭淫胁豢島涩鮤奀鑫翥奠專獎蘿译仅注册深圳北理莫斯科大学学籍业达到要求，颁发深圳北理莫斯科本学学历学位证书；3. 数学单科成绩不低于95分，外语单科成绩不低于110｜学费:50000｜预算内中外合作/高收费可讨论,1个5万内高收费/中外合作线索；仍需核第19期原页、湖北官方侧、招生章程、培养模式、证书和出国要求,直接来源于稳定底座、教育部学校属性表、三年投档线旁挂表和逐专业费用线索；不引用 Round3/Round4 输出。,历史待补附录,false,false,深圳市,教育部所在地,深圳市,,,城市按教育部学校所在地展示，仅作讨论维度；实际校区和办学地点必须再核第19期原页、湖北官方侧和招生章程。,教育部所在地为学校登记地线索，不能替代2026招生计划和章程中的办学地点,pending_school_location_review,pending_campus_or_location_review,广东省,广东省教育厅,中外合作办学及内地与港澳合作办学,H859,深圳北理莫斯科大学,H85905,05,H0-无同代码历史线索,历史待补,无同代码历史投档线，先作为历史待补组，不按分差下结论。,515分、91723位次暂无同代码历史线可直接比；需补同校同类组或官方投档线证据。,515,91723,494,497,481,,,,,,,0,,,,按院校专业组代码同代码旁挂，仅作冲稳保筛选前置线索；不能证明2026专业组存在、组内专业不变、计划数准确或投档位次可沿用。,false,false,中外合作或港澳合作办学线索-教育部备注,单独讨论-中外合作或港澳合作办学线索,2,0,1,1,0,0,0,0,0,0,1,0,0,0,0,0,调剂风险线索-组内存在默认不能接受专业,高收费或超预算；费用专项需确认同组所有可调剂专业均不突破家庭费用底线。,1.19 电子与计算机工程（中外合作办袭淫胁豢島涩鮤奀鑫翥奠專獎蘿译仅注册深圳北理莫斯科大学学籍业达到要求，颁发深圳北理莫斯科本学学历学位证书；3. 数学单科成绩不低于95分，外语单科成绩不低于110[M-4033e04b7ebc0785]；2.19 期資亮訴亭院校专业组及专业代号H860广东以色列理工学院（中外）（广东）[M-ca19311c694754e2],,194,left,R1-P0整组先核,先核家庭底线风险，不把该组放入主方案。,仅在保底不足或家庭明确可接受时再核整组。,核第19期原页、湖北官方系统/省招办计划、招生章程、学费、培养模式、证书、出国要求、校区、语种/单科/体检限制和调剂范围。,37.0,G-a850de0b696ed2c6,STABLEGROUP-f91c303b66e713f5
R4FEEGROUP-aa66a1956c06f495,5万内中外合作/高收费专项,50000,1,0,0,26000,26000,18 机械工程（中外合作办学）（与俄罗斯伏尔加格勒国立技术大学合作办学俄方教师采用英文授课，要求高考外语单科成绩不低于 100分（满分按150分计），只永取有填报该专业志愿的考生，入学后不能转专业）H014 丽水学院（公办）（浙江）｜学费:26000｜预算内中外合作/高收费可讨论,1个5万内高收费/中外合作线索；仍需核第19期原页、湖北官方侧、招生章程、培养模式、证书和出国要求,直接来源于稳定底座、教育部学校属性表、三年投档线旁挂表和逐专业费用线索；不引用 Round3/Round4 输出。,历史待补附录,false,false,温州市,教育部所在地,温州市,,,城市按教育部学校所在地展示，仅作讨论维度；实际校区和办学地点必须再核第19期原页、湖北官方侧和招生章程。,教育部所在地为学校登记地线索，不能替代2026招生计划和章程中的办学地点,pending_school_location_review,pending_campus_or_location_review,浙江省,浙江省,,H013,温州大学,H01307,07,H0-无同代码历史线索,历史待补,无同代码历史投档线，先作为历史待补组，不按分差下结论。,515分、91723位次暂无同代码历史线可直接比；需补同校同类组或官方投档线证据。,515,91723,494,497,481,,,,,,,0,,,,按院校专业组代码同代码旁挂，仅作冲稳保筛选前置线索；不能证明2026专业组存在、组内专业不变、计划数准确或投档位次可沿用。,false,false,非民办线索-教育部名单未备注民办,继续核公办普通学费-非民办线索,1,0,0,0,0,1,0,0,0,0,1,0,0,0,0,0,调剂风险线索-组内存在默认不能接受专业,高收费或超预算；费用专项需确认同组所有可调剂专业均不突破家庭费用底线。,1.18 机械工程（中外合作办学）（与俄罗斯伏尔加格勒国立技术大学合作办学俄方教师采用英文授课，要求高考外语单科成绩不低于 100分（满分按150分计），只永取有填报该专业志愿的考生，入学后不能转专业）H014 丽水学院（公办）（浙江）[M-510c566cdb29d8c2],,139,right,R1-P0整组先核,先核家庭底线风险，不把该组放入主方案。,仅在保底不足或家庭明确可接受时再核整组。,核第19期原页、湖北官方系统/省招办计划、招生章程、学费、培养模式、证书、出国要求、校区、语种/单科/体检限制和调剂范围。,32.0,G-23924ea1647027f8,STABLEGROUP-1e91645267ff196c
R4FEEGROUP-d444e82a0eefc06a,5万内中外合作/高收费专项,50000,3,0,0,32000,32000,37 人工智能（中外合作办学）（办学地点：南校区）｜学费:32000｜预算内中外合作/高收费可讨论；35 计算机科学与技术（中外合作办資亮諃孝院校孝业组及表业代号学）（办学地点：南校区）｜学费:32000｜预算内中外合作/高收费可讨论；36 自动化（中外合作办学）（办学地点：南校区）｜学费:32000｜预算内中外合作/高收费可讨论,3个5万内高收费/中外合作线索；仍需核第19期原页、湖北官方侧、招生章程、培养模式、证书和出国要求,直接来源于稳定底座、教育部学校属性表、三年投档线旁挂表和逐专业费用线索；不引用 Round3/Round4 输出。,历史待补附录,false,false,焦作市,教育部所在地,焦作市,,,城市按教育部学校所在地展示，仅作讨论维度；实际校区和办学地点必须再核第19期原页、湖北官方侧和招生章程。,教育部所在地为学校登记地线索，不能替代2026招生计划和章程中的办学地点,pending_school_location_review,machine_ocr_remark_candidate_unverified,河南省,河南省,,H543,河南理工大学,H54311,11,H0-无同代码历史线索,历史待补,无同代码历史投档线，先作为历史待补组，不按分差下结论。,515分、91723位次暂无同代码历史线可直接比；需补同校同类组或官方投档线证据。,515,91723,494,497,481,,,,,,,0,,,,按院校专业组代码同代码旁挂，仅作冲稳保筛选前置线索；不能证明2026专业组存在、组内专业不变、计划数准确或投档位次可沿用。,false,false,非民办线索-教育部名单未备注民办,继续核公办普通学费-非民办线索,3,0,2,2,0,1,0,0,0,0,3,0,0,0,0,0,调剂风险线索-组内存在默认不能接受专业,高收费或超预算；费用专项需确认同组所有可调剂专业均不突破家庭费用底线。,1.35 计算机科学与技术（中外合作办資亮諃孝院校孝业组及表业代号学）（办学地点：南校区）[M-9b25412fab0509b0]；2.36 自动化（中外合作办学）（办学地点：南校区）[M-e5670c43a4db8777]；3.37 人工智能（中外合作办学）（办学地点：南校区）[M-10f0b5aeba4a0184],南校区,172,left,R1-P0整组先核,先核家庭底线风险，不把该组放入主方案。,仅在保底不足或家庭明确可接受时再核整组。,核第19期原页、湖北官方系统/省招办计划、招生章程、学费、培养模式、证书、出国要求、校区、语种/单科/体检限制和调剂范围。,82.0,G-b0d0288b6f06e085,STABLEGROUP-eca20cb7661ca4f1
R4FEEGROUP-0339517f0841a105,5万内中外合作/高收费专项,50000,1,0,0,18000,18000,38 电子信息工程（中外合作办学）（办学地点：南校区）H544郑州轻工业大学（公办）（河南）｜学费:18000｜预算内中外合作/高收费可讨论,1个5万内高收费/中外合作线索；仍需核第19期原页、湖北官方侧、招生章程、培养模式、证书和出国要求,直接来源于稳定底座、教育部学校属性表、三年投档线旁挂表和逐专业费用线索；不引用 Round3/Round4 输出。,历史待补附录,false,false,焦作市,教育部所在地,焦作市,,,城市按教育部学校所在地展示，仅作讨论维度；实际校区和办学地点必须再核第19期原页、湖北官方侧和招生章程。,教育部所在地为学校登记地线索，不能替代2026招生计划和章程中的办学地点,pending_school_location_review,machine_ocr_remark_candidate_unverified,河南省,河南省,,H543,河南理工大学,H54312,12,H0-无同代码历史线索,历史待补,无同代码历史投档线，先作为历史待补组，不按分差下结论。,515分、91723位次暂无同代码历史线可直接比；需补同校同类组或官方投档线证据。,515,91723,494,497,481,,,,,,,0,,,,按院校专业组代码同代码旁挂，仅作冲稳保筛选前置线索；不能证明2026专业组存在、组内专业不变、计划数准确或投档位次可沿用。,false,false,非民办线索-教育部名单未备注民办,继续核公办普通学费-非民办线索,1,0,0,0,1,0,0,0,0,0,1,0,0,0,0,0,调剂风险线索-组内存在默认不能接受专业,高收费或超预算；费用专项需确认同组所有可调剂专业均不突破家庭费用底线。,1.38 电子信息工程（中外合作办学）（办学地点：南校区）H544郑州轻工业大学（公办）（河南）[M-c80c0d4bfe1f8c9e],南校区,172,right,R1-P0整组先核,先核家庭底线风险，不把该组放入主方案。,仅在保底不足或家庭明确可接受时再核整组。,核第19期原页、湖北官方系统/省招办计划、招生章程、学费、培养模式、证书、出国要求、校区、语种/单科/体检限制和调剂范围。,32.0,G-105d288081f08a22,STABLEGROUP-f7ac751b7b6f480e
R4FEEGROUP-364f8a05362ab3b1,5万内中外合作/高收费专项,50000,1,0,0,25500,25500,34 工业工程（中外合作办学）（外语教学为英语，非英语语种考生慎报，与澳大利亚科廷大学合作项目，采取3+1模式（国内3年，澳大利亚1年））F200河北科技师范学院（公办）（河北）｜学费:25500｜预算内中外合作/高收费可讨论,1个5万内高收费/中外合作线索；仍需核第19期原页、湖北官方侧、招生章程、培养模式、证书和出国要求,直接来源于稳定底座、教育部学校属性表、三年投档线旁挂表和逐专业费用线索；不引用 Round3/Round4 输出。,历史待补附录,false,false,秦皇岛市,教育部所在地,秦皇岛市,,,城市按教育部学校所在地展示，仅作讨论维度；实际校区和办学地点必须再核第19期原页、湖北官方侧和招生章程。,教育部所在地为学校登记地线索，不能替代2026招生计划和章程中的办学地点,pending_school_location_review,pending_campus_or_location_review,河北省,河北省,,F199,燕山大学,F19906,06,H0-无同代码历史线索,历史待补,无同代码历史投档线，先作为历史待补组，不按分差下结论。,515分、91723位次暂无同代码历史线可直接比；需补同校同类组或官方投档线证据。,515,91723,494,497,481,,,,,,,0,,,,按院校专业组代码同代码旁挂，仅作冲稳保筛选前置线索；不能证明2026专业组存在、组内专业不变、计划数准确或投档位次可沿用。,false,false,非民办线索-教育部名单未备注民办,继续核公办普通学费-非民办线索,1,0,0,0,0,0,1,0,0,0,1,0,0,0,0,0,调剂风险线索-组内存在默认不能接受专业,高收费或超预算；费用专项需确认同组所有可调剂专业均不突破家庭费用底线。,1.34 工业工程（中外合作办学）（外语教学为英语，非英语语种考生慎报，与澳大利亚科廷大学合作项目，采取3+1模式（国内3年，澳大利亚1年））F200河北科技师范学院（公办）（河北）[M-ab2be29bb08d1325],,103,right,R1-P0整组先核,先核家庭底线风险，不把该组放入主方案。,仅在保底不足或家庭明确可接受时再核整组。,核第19期原页、湖北官方系统/省招办计划、招生章程、学费、培养模式、证书、出国要求、校区、语种/单科/体检限制和调剂范围。,32.0,G-efbb2d74b94a5e60,STABLEGROUP-9813f7627ac69e5c
R4FEEGROUP-0100eb0d933e947e,5万内中外合作/高收费专项,50000,2,0,0,28000,28000,37 自动化（中外合作办学）（办学地点：龙子湖校区）H566 黄淮学院（公办）（河南）｜学费:28000｜预算内中外合作/高收费可讨论；36 材料成型及控制工程（中外合作办学）（办学地点：龙子湖校区）｜学费:28000｜预算内中外合作/高收费可讨论,2个5万内高收费/中外合作线索；仍需核第19期原页、湖北官方侧、招生章程、培养模式、证书和出国要求,直接来源于稳定底座、教育部学校属性表、三年投档线旁挂表和逐专业费用线索；不引用 Round3/Round4 输出。,历史待补附录,false,false,郑州市,教育部所在地,郑州市,,,城市按教育部学校所在地展示，仅作讨论维度；实际校区和办学地点必须再核第19期原页、湖北官方侧和招生章程。,教育部所在地为学校登记地线索，不能替代2026招生计划和章程中的办学地点,pending_school_location_review,machine_ocr_remark_candidate_unverified,河南省,河南省,,H565,郑州航空工业管理学院,H56513,13,H0-无同代码历史线索,历史待补,无同代码历史投档线，先作为历史待补组，不按分差下结论。,515分、91723位次暂无同代码历史线可直接比；需补同校同类组或官方投档线证据。,515,91723,494,497,481,,,,,,,0,,,,按院校专业组代码同代码旁挂，仅作冲稳保筛选前置线索；不能证明2026专业组存在、组内专业不变、计划数准确或投档位次可沿用。,false,false,非民办线索-教育部名单未备注民办,继续核公办普通学费-非民办线索,2,0,0,0,0,1,0,0,0,0,2,0,0,0,0,0,调剂风险线索-组内存在默认不能接受专业,高收费或超预算；费用专项需确认同组所有可调剂专业均不突破家庭费用底线。,1.36 材料成型及控制工程（中外合作办学）（办学地点：龙子湖校区）[M-2c61654bb9ee193a]；2.37 自动化（中外合作办学）（办学地点：龙子湖校区）H566 黄淮学院（公办）（河南）[M-62dbfffeab0e878f],龙子湖校区,176,left,R1-P0整组先核,先核家庭底线风险，不把该组放入主方案。,仅在保底不足或家庭明确可接受时再核整组。,核第19期原页、湖北官方系统/省招办计划、招生章程、学费、培养模式、证书、出国要求、校区、语种/单科/体检限制和调剂范围。,48.0,G-e705362873bdabec,STABLEGROUP-755fca12edf233c9
R4FEEGROUP-824cdbe7675c6817,5万内中外合作/高收费专项,50000,2,0,0,32000,32000,28 农业智能蒸备工程（中外合作办学）（意大利马尔凯理工大学）｜学费:32000｜预算内中外合作/高收费可讨论；27 智慧农业（中外合作办学）（农林类；君大利马尔凯理工大学｜学费:32000｜预算内中外合作/高收费可讨论,2个5万内高收费/中外合作线索；仍需核第19期原页、湖北官方侧、招生章程、培养模式、证书和出国要求,直接来源于稳定底座、教育部学校属性表、三年投档线旁挂表和逐专业费用线索；不引用 Round3/Round4 输出。,历史待补附录,false,false,郑州市,教育部所在地,郑州市,,,城市按教育部学校所在地展示，仅作讨论维度；实际校区和办学地点必须再核第19期原页、湖北官方侧和招生章程。,教育部所在地为学校登记地线索，不能替代2026招生计划和章程中的办学地点,pending_school_location_review,pending_campus_or_location_review,河南省,河南省,,H548,河南农业大学,H54810,10,H0-无同代码历史线索,历史待补,无同代码历史投档线，先作为历史待补组，不按分差下结论。,515分、91723位次暂无同代码历史线可直接比；需补同校同类组或官方投档线证据。,515,91723,494,497,481,,,,,,,0,,,,按院校专业组代码同代码旁挂，仅作冲稳保筛选前置线索；不能证明2026专业组存在、组内专业不变、计划数准确或投档位次可沿用。,false,false,非民办线索-教育部名单未备注民办,继续核公办普通学费-非民办线索,2,0,0,0,0,0,0,0,0,2,2,0,0,0,0,0,调剂风险线索-组内存在默认不能接受专业,高收费或超预算；费用专项需确认同组所有可调剂专业均不突破家庭费用底线。,1.27 智慧农业（中外合作办学）（农林类；君大利马尔凯理工大学[M-321ffac75d6abbf8]；2.28 农业智能蒸备工程（中外合作办学）（意大利马尔凯理工大学）[M-239163ce95c8c3f1],,174,left,R2-P1页列集中核,先核家庭底线风险，不把该组放入主方案。,仅在保底不足或家庭明确可接受时再核整组。,核第19期原页、湖北官方系统/省招办计划、招生章程、学费、培养模式、证书、出国要求、校区、语种/单科/体检限制和调剂范围。,44.0,G-4f70c75debdc057f,STABLEGROUP-9b5767946275e332
R4FEEGROUP-0b56de27d36e9adf,5万内中外合作/高收费专项,50000,1,0,0,18000,18000,30 环境科学（中外合作办学）（澳大利亚新英格兰大学）｜学费:18000｜预算内中外合作/高收费可讨论,1个5万内高收费/中外合作线索；仍需核第19期原页、湖北官方侧、招生章程、培养模式、证书和出国要求,直接来源于稳定底座、教育部学校属性表、三年投档线旁挂表和逐专业费用线索；不引用 Round3/Round4 输出。,历史待补附录,false,false,郑州市,教育部所在地,郑州市,,,城市按教育部学校所在地展示，仅作讨论维度；实际校区和办学地点必须再核第19期原页、湖北官方侧和招生章程。,教育部所在地为学校登记地线索，不能替代2026招生计划和章程中的办学地点,pending_school_location_review,pending_campus_or_location_review,河南省,河南省,,H548,河南农业大学,H54812,12,H0-无同代码历史线索,历史待补,无同代码历史投档线，先作为历史待补组，不按分差下结论。,515分、91723位次暂无同代码历史线可直接比；需补同校同类组或官方投档线证据。,515,91723,494,497,481,,,,,,,0,,,,按院校专业组代码同代码旁挂，仅作冲稳保筛选前置线索；不能证明2026专业组存在、组内专业不变、计划数准确或投档位次可沿用。,false,false,非民办线索-教育部名单未备注民办,继续核公办普通学费-非民办线索,1,0,0,0,0,0,0,0,1,0,1,0,0,0,0,0,调剂风险线索-组内存在默认不能接受专业,高收费或超预算；费用专项需确认同组所有可调剂专业均不突破家庭费用底线。,1.30 环境科学（中外合作办学）（澳大利亚新英格兰大学）[M-bec6c8bbbdf92dec],,174,left,R3-P2官网后人工确认,先核家庭底线风险，不把该组放入主方案。,仅在保底不足或家庭明确可接受时再核整组。,核第19期原页、湖北官方系统/省招办计划、招生章程、学费、培养模式、证书、出国要求、校区、语种/单科/体检限制和调剂范围。,28.0,G-15df37ac30b0df8d,STABLEGROUP-31307b52c07fe0f7
R4FEEGROUP-9a95b6aaeb4b4d8f,5万内中外合作/高收费专项,50000,1,0,0,35000,35000,50 物流管理（中外合作办学）（与法国斯特拉斯堡大学合作；办学地点：沙坪坝区）K075 西南政法大学（公办）（重庆）｜学费:35000｜预算内中外合作/高收费可讨论,1个5万内高收费/中外合作线索；仍需核第19期原页、湖北官方侧、招生章程、培养模式、证书和出国要求,直接来源于稳定底座、教育部学校属性表、三年投档线旁挂表和逐专业费用线索；不引用 Round3/Round4 输出。,历史待补附录,false,false,重庆市,教育部所在地,重庆市,,,城市按教育部学校所在地展示，仅作讨论维度；实际校区和办学地点必须再核第19期原页、湖北官方侧和招生章程。,教育部所在地为学校登记地线索，不能替代2026招生计划和章程中的办学地点,pending_school_location_review,pending_campus_or_location_review,重庆市,重庆市,,K074,四川外国语大学,K07415,15,H0-无同代码历史线索,历史待补,无同代码历史投档线，先作为历史待补组，不按分差下结论。,515分、91723位次暂无同代码历史线可直接比；需补同校同类组或官方投档线证据。,515,91723,494,497,481,,,,,,,0,,,,按院校专业组代码同代码旁挂，仅作冲稳保筛选前置线索；不能证明2026专业组存在、组内专业不变、计划数准确或投档位次可沿用。,false,false,非民办线索-教育部名单未备注民办,继续核公办普通学费-非民办线索,1,0,0,0,0,0,0,1,0,0,1,0,0,0,0,0,调剂风险线索-组内存在默认不能接受专业,高收费或超预算；费用专项需确认同组所有可调剂专业均不突破家庭费用底线。,1.50 物流管理（中外合作办学）（与法国斯特拉斯堡大学合作；办学地点：沙坪坝区）K075 西南政法大学（公办）（重庆）[M-de59d71f8f3081a5],,205,right,R1-P0整组先核,先核家庭底线风险，不把该组放入主方案。,仅在保底不足或家庭明确可接受时再核整组。,核第19期原页、湖北官方系统/省招办计划、招生章程、学费、培养模式、证书、出国要求、校区、语种/单科/体检限制和调剂范围。,28.0,G-b5ead9f079e3bb09,STABLEGROUP-dd9d33c3fa3dee82
R4FEEGROUP-eb64fc713d9c5ff3,5万内中外合作/高收费专项,50000,1,0,0,39000,39000,67 物理学（中外合作办学）（招有专业志愿考生；第四年在俄罗斯托姆斯克理工大学学习，学费外方收取；办学地A081 东北师范大学（公办）（吉林）｜学费:39000｜预算内中外合作/高收费可讨论,1个5万内高收费/中外合作线索；仍需核第19期原页、湖北官方侧、招生章程、培养模式、证书和出国要求,直接来源于稳定底座、教育部学校属性表、三年投档线旁挂表和逐专业费用线索；不引用 Round3/Round4 输出。,历史待补附录,false,false,长春市,教育部所在地,长春市,,,城市按教育部学校所在地展示，仅作讨论维度；实际校区和办学地点必须再核第19期原页、湖北官方侧和招生章程。,教育部所在地为学校登记地线索，不能替代2026招生计划和章程中的办学地点,pending_school_location_review,pending_campus_or_location_review,吉林省,教育部,,A079,吉林大学,A07923,23,H0-无同代码历史线索,历史待补,无同代码历史投档线，先作为历史待补组，不按分差下结论。,515分、91723位次暂无同代码历史线可直接比；需补同校同类组或官方投档线证据。,515,91723,494,497,481,,,,,,,0,,,,按院校专业组代码同代码旁挂，仅作冲稳保筛选前置线索；不能证明2026专业组存在、组内专业不变、计划数准确或投档位次可沿用。,false,false,非民办线索-教育部名单未备注民办,继续核公办普通学费-非民办线索,1,0,0,0,0,0,1,0,0,0,1,0,0,0,0,0,调剂风险线索-组内存在默认不能接受专业,高收费或超预算；费用专项需确认同组所有可调剂专业均不突破家庭费用底线。,1.67 物理学（中外合作办学）（招有专业志愿考生；第四年在俄罗斯托姆斯克理工大学学习，学费外方收取；办学地A081 东北师范大学（公办）（吉林）[M-9d4bcd83107172dd],,24,left,R1-P0整组先核,先核家庭底线风险，不把该组放入主方案。,仅在保底不足或家庭明确可接受时再核整组。,核第19期原页、湖北官方系统/省招办计划、招生章程、学费、培养模式、证书、出国要求、校区、语种/单科/体检限制和调剂范围。,32.0,G-c0a39e33e358f2f6,STABLEGROUP-462cfa0dd81a2e76
R4FEEGROUP-c4f523e7e3a76b21,5万内中外合作/高收费专项,50000,3,0,0,38500,45000,24 会计学（中外合作办学）（部分课程全H677 南华大学（公办）（湖南）｜学费:43000｜预算内中外合作/高收费可讨论；22 信息管理与信息系统（中外合作办学）（部分课程全英文授课，建议非英语语种考生谨慎填报.原则上英语单科成绩不低于100分）｜学费:45000｜预算内中外合作/高收费可讨论；23 金融学（中外合作办学）（部分课程全英文授课，建议非英语语种考生谨筷填报，原则上英语单科成绩不低于｜学费:38500｜预算内中外合作/高收费可讨论,3个5万内高收费/中外合作线索；仍需核第19期原页、湖北官方侧、招生章程、培养模式、证书和出国要求,直接来源于稳定底座、教育部学校属性表、三年投档线旁挂表和逐专业费用线索；不引用 Round3/Round4 输出。,历史待补附录,false,false,长沙市,教育部所在地,长沙市,,,城市按教育部学校所在地展示，仅作讨论维度；实际校区和办学地点必须再核第19期原页、湖北官方侧和招生章程。,教育部所在地为学校登记地线索，不能替代2026招生计划和章程中的办学地点,pending_school_location_review,pending_campus_or_location_review,湖南省,湖南省,,H676,湖南工商大学,H67606,06,H0-无同代码历史线索,历史待补,无同代码历史投档线，先作为历史待补组，不按分差下结论。,515分、91723位次暂无同代码历史线可直接比；需补同校同类组或官方投档线证据。,515,91723,494,497,481,,,,,,,0,,,,按院校专业组代码同代码旁挂，仅作冲稳保筛选前置线索；不能证明2026专业组存在、组内专业不变、计划数准确或投档位次可沿用。,false,false,非民办线索-教育部名单未备注民办,继续核公办普通学费-非民办线索,3,0,0,0,0,0,0,1,0,0,3,0,0,0,0,0,调剂风险线索-组内存在默认不能接受专业,高收费或超预算；费用专项需确认同组所有可调剂专业均不突破家庭费用底线。,1.22 信息管理与信息系统（中外合作办学）（部分课程全英文授课，建议非英语语种考生谨慎填报.原则上英语单科成绩不低于100分）[M-babf432b26e8e481]；2.23 金融学（中外合作办学）（部分课程全英文授课，建议非英语语种考生谨筷填报，原则上英语单科成绩不低于[M-0340c7d2dd189429]；3.24 会计学（中外合作办学）（部分课程全H677 南华大学（公办）（湖南）[M-6abda0c96233c935],,182,left,R1-P0整组先核,先核家庭底线风险，不把该组放入主方案。,仅在保底不足或家庭明确可接受时再核整组。,核第19期原页、湖北官方系统/省招办计划、招生章程、学费、培养模式、证书、出国要求、校区、语种/单科/体检限制和调剂范围。,60.0,G-63c25a3d48892b04,STABLEGROUP-ff4e336ffdbb0969
R4FEEGROUP-a233f7b851bc4218,5万内中外合作/高收费专项,50000,1,0,0,38000,38000,59 人工智能（中外合作办学）（非英语语种考生慎报）｜学费:38000｜预算内中外合作/高收费可讨论,1个5万内高收费/中外合作线索；仍需核第19期原页、湖北官方侧、招生章程、培养模式、证书和出国要求,直接来源于稳定底座、教育部学校属性表、三年投档线旁挂表和逐专业费用线索；不引用 Round3/Round4 输出。,历史待补附录,false,false,黄石市,教育部所在地,黄石市,,,城市按教育部学校所在地展示，仅作讨论维度；实际校区和办学地点必须再核第19期原页、湖北官方侧和招生章程。,教育部所在地为学校登记地线索，不能替代2026招生计划和章程中的办学地点,pending_school_location_review,pending_campus_or_location_review,湖北省,湖北省,,C133,湖北师范大学,C13313,13,H0-无同代码历史线索,历史待补,无同代码历史投档线，先作为历史待补组，不按分差下结论。,515分、91723位次暂无同代码历史线可直接比；需补同校同类组或官方投档线证据。,515,91723,494,497,481,,,,,,,0,,,,按院校专业组代码同代码旁挂，仅作冲稳保筛选前置线索；不能证明2026专业组存在、组内专业不变、计划数准确或投档位次可沿用。,false,false,非民办线索-教育部名单未备注民办,继续核公办普通学费-非民办线索,1,0,1,1,0,0,0,0,0,0,1,0,0,0,0,0,调剂风险线索-组内存在默认不能接受专业,高收费或超预算；费用专项需确认同组所有可调剂专业均不突破家庭费用底线。,1.59 人工智能（中外合作办学）（非英语语种考生慎报）[M-81f725339441ad89],,78,right,R2-P1页列集中核,先核家庭底线风险，不把该组放入主方案。,仅在保底不足或家庭明确可接受时再核整组。,核第19期原页、湖北官方系统/省招办计划、招生章程、学费、培养模式、证书、出国要求、校区、语种/单科/体检限制和调剂范围。,37.0,G-834b331b831fc0ff,STABLEGROUP-6c45a51428be56cb
R4FEEGROUP-d1f4ce1ff41f2a2a,5万内中外合作/高收费专项,50000,1,0,0,50000,50000,60 软件工程《中外合作办学）（非英语语种考生慎报）｜学费:50000｜预算内中外合作/高收费可讨论,1个5万内高收费/中外合作线索；仍需核第19期原页、湖北官方侧、招生章程、培养模式、证书和出国要求,直接来源于稳定底座、教育部学校属性表、三年投档线旁挂表和逐专业费用线索；不引用 Round3/Round4 输出。,历史待补附录,false,false,黄石市,教育部所在地,黄石市,,,城市按教育部学校所在地展示，仅作讨论维度；实际校区和办学地点必须再核第19期原页、湖北官方侧和招生章程。,教育部所在地为学校登记地线索，不能替代2026招生计划和章程中的办学地点,pending_school_location_review,pending_campus_or_location_review,湖北省,湖北省,,C133,湖北师范大学,C13314,14,H0-无同代码历史线索,历史待补,无同代码历史投档线，先作为历史待补组，不按分差下结论。,515分、91723位次暂无同代码历史线可直接比；需补同校同类组或官方投档线证据。,515,91723,494,497,481,,,,,,,0,,,,按院校专业组代码同代码旁挂，仅作冲稳保筛选前置线索；不能证明2026专业组存在、组内专业不变、计划数准确或投档位次可沿用。,false,false,非民办线索-教育部名单未备注民办,继续核公办普通学费-非民办线索,1,0,1,1,0,0,0,0,0,0,1,0,0,0,0,0,调剂风险线索-组内存在默认不能接受专业,高收费或超预算；费用专项需确认同组所有可调剂专业均不突破家庭费用底线。,1.60 软件工程《中外合作办学）（非英语语种考生慎报）[M-76edffd93eaac0b6],,78,right,R2-P1页列集中核,先核家庭底线风险，不把该组放入主方案。,仅在保底不足或家庭明确可接受时再核整组。,核第19期原页、湖北官方系统/省招办计划、招生章程、学费、培养模式、证书、出国要求、校区、语种/单科/体检限制和调剂范围。,37.0,G-ce877649e7024929,STABLEGROUP-3f5f0842e2fcd3c5
R4FEEGROUP-e3bf85212a33e333,5万内中外合作/高收费专项,50000,1,0,0,50000,50000,62 患气工程及其自动化（中外合作办学）（非英语语种考生慎报）C136湖北美术学院（公办）（湖北）｜学费:50000｜预算内中外合作/高收费可讨论,1个5万内高收费/中外合作线索；仍需核第19期原页、湖北官方侧、招生章程、培养模式、证书和出国要求,直接来源于稳定底座、教育部学校属性表、三年投档线旁挂表和逐专业费用线索；不引用 Round3/Round4 输出。,历史待补附录,false,false,黄石市,教育部所在地,黄石市,,,城市按教育部学校所在地展示，仅作讨论维度；实际校区和办学地点必须再核第19期原页、湖北官方侧和招生章程。,教育部所在地为学校登记地线索，不能替代2026招生计划和章程中的办学地点,pending_school_location_review,pending_campus_or_location_review,湖北省,湖北省,,C133,湖北师范大学,C13316,16,H0-无同代码历史线索,历史待补,无同代码历史投档线，先作为历史待补组，不按分差下结论。,515分、91723位次暂无同代码历史线可直接比；需补同校同类组或官方投档线证据。,515,91723,494,497,481,,,,,,,0,,,,按院校专业组代码同代码旁挂，仅作冲稳保筛选前置线索；不能证明2026专业组存在、组内专业不变、计划数准确或投档位次可沿用。,false,false,非民办线索-教育部名单未备注民办,继续核公办普通学费-非民办线索,1,0,0,0,0,1,0,0,0,0,1,0,0,0,0,0,调剂风险线索-组内存在默认不能接受专业,高收费或超预算；费用专项需确认同组所有可调剂专业均不突破家庭费用底线。,1.62 患气工程及其自动化（中外合作办学）（非英语语种考生慎报）C136湖北美术学院（公办）（湖北）[M-7d02aba84831ce59],,78,right,R1-P0整组先核,先核家庭底线风险，不把该组放入主方案。,仅在保底不足或家庭明确可接受时再核整组。,核第19期原页、湖北官方系统/省招办计划、招生章程、学费、培养模式、证书、出国要求、校区、语种/单科/体检限制和调剂范围。,32.0,G-9a5a1a5689bcdf09,STABLEGROUP-58ed3812c39a9aca
